view,theta_deg,gt_f_mm,gt_cu_mm,gt_cv_mm,gt_source_x_mm,gt_source_y_mm,gt_source_z_mm,gt_camera_euler_x_deg,gt_camera_euler_y_deg,gt_camera_euler_z_deg,unregularized_f_mm,unregularized_cu_mm,unregularized_cv_mm,unregularized_source_x_mm,unregularized_source_y_mm,unregularized_source_z_mm,unregularized_camera_euler_x_deg,unregularized_camera_euler_y_deg,unregularized_camera_euler_z_deg,intrinsic001_f_mm,intrinsic001_cu_mm,intrinsic001_cv_mm,intrinsic001_source_x_mm,intrinsic001_source_y_mm,intrinsic001_source_z_mm,intrinsic001_camera_euler_x_deg,intrinsic001_camera_euler_y_deg,intrinsic001_camera_euler_z_deg
0,-110.0,1199.9937431405717,200.96800000000053,148.14835730582172,-707.4389922805876,244.66906998919026,23.7486515498269,-91.96848319027744,1.178392436185486,-109.01475976280726,1201.6681796442263,198.77735350770394,148.26520392872894,-707.8082069279176,247.4227534629659,23.19039256341519,-91.91041383076221,1.244422558483625,-109.10722555407058,1201.5057549241358,198.94840778109096,147.15266891243186,-708.3479868446918,245.1278450311528,23.262363951067755,-91.97397445298266,1.199848558614341,-108.92723734373489
1,-109.59633027522936,1200.0024485691802,200.95891615595272,148.08686572358633,-709.3158986386005,239.37727017393468,22.657553036938157,-91.88341722521545,1.175496520572382,-108.58596318527316,1201.6117971903718,198.81608685467876,148.2110166373944,-709.6949231491913,242.0111428165905,22.25958841785614,-91.83753367654248,1.2325160615897486,-108.67224629036595,1201.4343184123477,198.93537465812938,147.11598306132626,-710.4491191893029,239.18588399724555,21.41742486253189,-91.82617108989538,1.2025085279409917,-108.44693395397279
2,-109.19266055045871,1200.011157108458,200.94982757368896,148.02539894137928,-711.1519883537168,234.07090152312645,21.56874298723565,-91.79853671037992,1.1713888630421472,-108.15712030304397,1201.5894533368023,198.84700627936877,148.16386672275922,-711.7168957868311,236.02213723644846,21.237321157706145,-91.75830979954273,1.2117229824170614,-108.19108374420958,1201.3775566679308,198.93091595325905,147.09918228080772,-712.3263988385954,233.66319940054538,20.23400089821218,-91.73170118249783,1.1954826867651493,-108.00243527358874
3,-108.78899082568807,1200.0198718690713,200.9407295149922,147.96398175922874,-712.9470759590785,228.7504328739288,20.48277801217784,-91.7138842568204,1.1660669696731174,-107.72824840457153,1201.5659121369579,198.85492414305554,148.10125149762922,-713.6003997351438,230.23167188686585,20.2068643405512,-91.67852485226179,1.2026021270225862,-107.72623440802127,1201.331764055191,198.9407037624935,147.0826257234824,-714.0633947805063,228.3933440137295,19.22655442178487,-91.65049731819984,1.1904641870512882,-107.58078837462885
4,-108.38532110091744,1200.0285959616922,200.93161724164838,147.90263897716352,-714.7009856245509,223.4163372368869,19.400216278500128,-91.6295025790823,1.1595294351754497,-107.29936483148593,1201.495825405284,198.8751011376412,148.0553065730586,-715.457964726995,224.4154422256625,19.189486467810188,-91.59945269192833,1.1850813796557944,-107.26141489009665,1201.2850873553502,198.93911053927513,147.06998349297072,-715.7827446336904,223.02030726021488,18.238200781511363,-91.57165296182266,1.1875740610660162,-107.15024356508938
5,-107.98165137614679,1200.0373324969864,200.92248601543886,147.8413953952119,-716.4135512148478,218.06909169271128,18.32161723029449,-91.54543447403162,1.1517759445934697,-106.87048696975458,1201.4161382533405,198.9051143449767,148.00656405096078,-717.2809988271185,218.49754166979096,18.010620171182197,-91.50754333068352,1.1611419888219312,-106.7901848868647,1201.21288342201,198.94586937956254,147.05788164205455,-717.4518431939064,217.71926988849023,16.942840145081906,-91.46799373714744,1.17021676948352,-106.72718972317762
6,-107.57798165137615,1200.0460845856255,200.91333109814894,147.78027581340197,-718.0846163420442,212.70917728649846,17.24754131042796,-91.46172279964547,1.142807274492808,-106.4416322408328,1201.346451588258,198.93527634798488,147.9550355118517,-719.0240404624335,212.56943046210654,16.709951389740507,-91.40563629559577,1.1321349877303617,-106.31958334351981,1201.1570376143413,198.95951271225255,147.04783067773826,-719.0345690752509,212.48130393324885,15.886972213913294,-91.38298697609375,1.1527147975976064,-106.3110835893262
7,-107.1743119266055,1200.0548553382773,200.9041477515625,147.7193050317627,-719.71403441241,207.33707891943519,16.178549681491738,-91.37841045378467,1.1326252936307077,-106.01281809282713,1201.2913383918094,198.9569852689728,147.92095026776624,-720.5200326214351,207.4064743285571,15.985347285325872,-91.34875492966965,1.127947808145643,-105.9103294394889,1201.0945765655802,198.95769805025225,147.03582318851267,-720.5928306697854,207.20576901318933,14.852254308973102,-91.30035448056407,1.1435801206979928,-105.89127770302898
8,-106.77064220183486,1200.0636478656097,200.89493123746252,147.65850785032194,-721.3016686675201,201.95328523801416,15.115203946474143,-91.29554035296599,1.1212329631091627,-105.58406199169416,1201.2384343601689,198.98333045146268,147.8810450002475,-721.9859650376137,202.17492623559662,15.243156534443715,-91.2902016695955,1.1210907884054397,-105.496966406714,1201.0126579486728,198.9559652946407,147.0249314156604,-722.1732572373757,201.72535560806247,13.492266805750448,-91.1918213856948,1.1171079470567884,-105.45627311474072
9,-106.36697247706422,1200.0724652782924,200.8856768176347,147.59790906910843,-722.8473922196112,196.55828852078662,14.058065869354786,-91.21315541115065,1.108634336010412,-105.15538141249549,1201.17343139984,199.00370378773053,147.84210764836948,-723.4756785887201,196.7026752282541,14.310764970979358,-91.21731365451951,1.1061894042794422,-105.06495513136598,1200.9685196083146,198.95897951336295,147.01665338063472,-723.6084808908886,196.53655493234774,12.740736307561495,-91.13167224978392,1.1101732697045912,-105.04564658817796
10,-105.96330275229357,1200.0813106869923,200.8763797538602,147.5375334881503,-724.3510880811343,191.15258456270948,13.007697095810519,-91.13129851856604,1.094834556515215,-104.72679383073134,1201.0592944544196,199.0258579286642,147.79752037019665,-725.0231881159195,190.84584196672319,13.050762668753672,-91.11882945871038,1.0777911068347068,-104.60400277967516,1200.9167908388,198.96067455457572,147.00733894450758,-725.049575256639,191.1777472161588,11.77146963881596,-91.05424367073688,1.0978428851804778,-104.62217370497794
11,-105.55963302752293,1200.0901872023803,200.86703530792482,147.47740590747588,-725.8126491884885,185.73667255710495,11.96465887423052,-91.05001252057748,1.0798398585050353,-104.2983167137739,1200.9749576598047,199.04048381782263,147.76414910633062,-726.4686321625281,185.16513741724597,12.080509301022921,-91.04314555046628,1.0591606616342102,-104.1574782426967,1200.8828346894188,198.9683761946017,147.0003062600812,-726.413991914571,185.92135229015335,10.995904578781008,-90.99195298118924,1.0882392791443887,-104.20822243929884
12,-105.1559633027523,1200.0990979351236,200.8576387416128,147.41755112711385,-727.2319784198967,180.31105497528978,10.929511777233412,-90.9693401966268,1.0636575636492926,-103.86996751242212,1200.9000611832057,199.0659887865092,147.7209437918441,-727.8011411528262,179.77036288154292,11.192853275079896,-90.97330887003747,1.046874538149449,-103.734929288021,1200.7769787814102,198.96720540704274,146.9802838006856,-727.7331374349277,180.86083999034423,9.786292588976224,-90.89503712051977,1.0710318342656784,-103.81072670132865
13,-104.75229357798165,1200.1080459958926,200.8481853167063,147.35799394709247,-728.6089886074175,174.87623744391743,9.902815423879773,-90.889324239254,1.0462960789796443,-103.44176365259892,1200.804965620544,199.08703120384305,147.67405557341377,-729.0940648230584,174.37585049044102,10.134074108619739,-90.89048770739731,1.0328304028268878,-103.31296852372894,1200.7406654170395,198.96210566703306,146.97274712308848,-729.1024183201821,175.21141400235663,8.96824076035132,-90.82945080981631,1.0493560465079117,-103.36665075329762
14,-104.34862385321101,1200.1170344953553,200.83867029498992,147.29875916744007,-729.9436025430726,169.43272862006626,8.885128202774109,-90.81000723321833,1.0277648939542172,-103.01372252721151,1200.7080047147078,199.112015143377,147.62482276882346,-730.4106054542934,168.62052468500428,8.976927548701642,-90.79983989672915,1.0056975962658978,-102.86410456633779,1200.685784539482,198.9660174500729,146.96224241386005,-730.356700723931,169.94625856778927,8.165227924119055,-90.76479308257561,1.0308588307307136,-102.95483558035454
15,-103.94495412844037,1200.1260665441791,200.82908893824856,147.23987158818517,-731.2357529790826,163.98104006414272,7.877006996248105,-90.73143163473526,1.0080745770142516,-102.58586148819585,1200.621662745902,199.12819904941057,147.58411448589766,-731.6039297928728,163.29702085759095,8.053922832121748,-90.72772647619185,0.994635385024015,-102.4488667276313,1200.6645067808704,198.96862113739303,146.95720610043944,-731.5709867420884,164.58154889765711,7.721260838327225,-90.72924781134004,1.0221847900381902,-102.53524850168152
16,-103.54128440366972,1200.1351452530348,200.8194365082647,147.181356009356,-732.4853826222156,158.52168611063843,6.879006905815831,-90.65363975084429,0.9872367716369173,-102.15819783876475,1200.5493363108965,199.1505117607748,147.54403185288746,-732.745030583743,158.0287486025625,7.299653421291136,-90.6683284210702,0.9835505687869589,-102.0391132984447,1200.589465599107,198.95181017144705,146.9408970401484,-732.8461772568153,158.88862066976932,6.537523034040732,-90.63486178939291,0.9983837809850564,-102.089699400896
17,-103.13761467889908,1200.1442737325892,200.80970826682318,147.12323723098106,-733.6924441222411,153.05518373679217,5.891680979092548,-90.57667371892386,0.9652641918882624,-101.73074882588016,1200.4738422924474,199.17065712307493,147.50426631679758,-733.8702625476412,152.61295839888038,6.4626397378443965,-90.60274067588458,0.9674369438163118,-101.61843375445854,1200.543884513564,198.9480107027798,146.92897056541062,-734.0522593966278,153.21098509976576,5.582961742416303,-90.55851122034535,0.9783879607710794,-101.64703849999661
18,-102.73394495412845,1200.1534550935125,200.79989947570652,147.0655400530888,-734.8569000545077,147.58205242922529,4.915579938364248,-90.50057548636819,0.9421706174809241,-101.30353163296816,1200.3819432818996,199.1942999545954,147.45624223868157,-734.9536085690268,147.2014072194043,5.482876917458436,-90.52589748676695,0.9485099950921658,-101.19910036165321,1200.4813622451288,198.95253942706495,146.9094972447894,-735.1637545886107,147.7958404581017,4.595595920783786,-90.47953202827179,0.9552530357141172,-101.22623211629842
19,-102.3302752293578,1200.1626924464722,200.79000539669892,147.00828927570726,-735.9787228966535,142.10281404859091,3.9512519109957775,-90.42538679044108,0.9179708883409143,-100.87656337289589,1200.2736261736245,199.22043977860338,147.40587411102294,-736.0007528771132,141.74710919117928,4.4645051359085,-90.44591435761934,0.9248974940834764,-100.77655507376932,1200.4074268311329,198.95947507364804,146.89165456107986,-736.1931981407756,142.5983264129455,3.4542277948773163,-90.38855062330765,0.9291416655357931,-100.82289445441852
20,-101.92660550458716,1200.1719889021394,200.7800212915866,146.9515096988653,-737.0578949994707,136.61799269231213,2.9992421618638305,-90.35114913832058,0.8926808986899811,-100.44986108122843,1200.1784970216231,199.2507121726533,147.3568526135857,-737.0025994355606,136.3031693429903,3.585029066095073,-90.37645920445539,0.9005433443438767,-100.35556699266029,1200.3405588165383,198.96158348710492,146.86749584480737,-737.2687176231724,136.87737799216356,2.0764881505829056,-90.27861444364555,0.8907932396981031,-100.37960228509222
21,-101.52293577981652,1200.1813475711801,200.76994242215073,146.89522612259088,-738.0944085519501,131.12811455546486,2.060092827996133,-90.27790378734947,0.8663175906480506,-100.02344170978346,1200.0975970794384,199.27003904790857,147.32023323200252,-737.960392278848,130.896984900096,2.8236669348381307,-90.31657312334188,0.882084042380082,-99.93754404139587,1200.2777084224526,198.95983975137938,146.84955243524576,-738.2567803603279,131.43169681147515,1.0378065223883324,-90.19596144598604,0.8652162919942054,-99.95781013320074
22,-101.11926605504587,1200.1907715642642,200.75976405017562,146.83946334691277,-739.0882655405356,125.63370778986085,1.134342655601496,-90.20569172550422,0.8388989473630251,-99.59732212050012,1200.0174942803471,199.2880583945725,147.28447383515407,-738.8885616319818,125.4049141980193,2.0767141305428916,-90.25789748131773,0.8612997201950889,-99.51340681921221,1200.2478789969475,198.9644560925758,146.83681614387189,-739.228108791131,125.75893509979284,0.05068024857065967,-90.11675051388274,0.8379029209586508,-99.51918813535123
23,-100.71559633027523,1200.2002639920593,200.74948143744658,146.78424617185894,-740.0394777026213,120.13530236141219,0.222526739666427,-90.1345536520964,0.8104439856739043,-99.1715190796395,1199.9082560475563,199.31812368340096,147.23203032116433,-739.7780346551452,119.84850735439358,1.108436138010966,-90.18155003346331,0.8288198047364634,-99.08553565107557,1200.2100520089243,198.96551410868508,146.82404803371904,-740.1184884452999,120.34608611758156,-0.9160636115899751,-90.03939937330735,0.8174273315927781,-99.10080366431852
24,-100.31192660550458,1200.2098279652337,200.7390898457449,146.72959939745797,-740.9480664743396,114.63342990583345,-0.6748237337015904,-90.06452995871875,0.7809727483146369,-98.74604925233093,1199.8133112664677,199.33963301332346,147.18866879907011,-740.5946665247664,114.57911691587174,0.2841746705328376,-90.1167894871882,0.8091309663270091,-98.67975760559057,1200.1974639857235,198.9693942642973,146.8185436506576,-740.9723297577996,114.83792718215625,-1.4406253984878137,-89.99741773846047,0.7970642419228309,-98.67570531978323
25,-99.90825688073394,1200.2194665944603,200.72858453685689,146.6755478237384,-741.8140629326788,109.12862358275065,-1.5571817420128704,-89.99566071044853,0.750506295665821,-98.32092919748013,1199.6920514697135,199.3820374045099,147.12205233896614,-741.387673094063,109.08192355361763,-0.991769774489509,-90.01650833636036,0.7627851084528289,-98.2581702042191,1200.1611500598804,198.97602100500438,146.80481417788366,-741.7918777737286,109.36008696907828,-2.319601116037075,-89.926859463669,0.7736485944114602,-98.25395817128933
26,-99.5045871559633,1200.2291829904038,200.71796077256568,146.62211625072862,-742.637507731982,103.62141792829583,-2.4240246780428145,-89.9279856273197,0.7190666970620964,-97.8961753630527,1199.6355592064335,199.39192079661552,147.10451317289966,-742.1495488990893,103.63766932977089,-1.5265924172122074,-89.97469652706685,0.7408312840629929,-97.83947505007953,1200.1351318332186,198.9845015933727,146.79684290764968,-742.5379624864025,104.1261105442711,-2.7020795755645404,-89.89606956761966,0.7568847642267302,-97.85157590906371
27,-99.10091743119266,1200.2389802637363,200.707213814655,146.56932947845678,-743.4184510348924,98.11234870625186,-3.2748345982208136,-89.8615440660753,0.686677021663125,-97.47180408174631,1199.5101156862936,199.4275600270678,147.04495255063753,-742.8827694436477,97.95361834351195,-2.7081431566561394,-89.88192005975792,0.6933151467750913,-97.40440339885893,1200.0584035208278,198.99000376593952,146.78191764891577,-743.3216307800944,98.39260446430464,-3.9102002517301875,-89.7995664893285,0.7114078024732562,-97.41148966342529
28,-98.69724770642202,1200.2488615251214,200.69633892490805,146.51721230695134,-744.1569524377916,92.60195275782627,-4.1090984675937845,-89.79637500221098,0.6533613288966993,-97.04783156706443,1199.4203589768435,199.44743194832307,147.00547210862607,-743.5753492693218,92.28621705514492,-3.5685133390373913,-89.81468107620798,0.6593011565994763,-96.96995412976176,1199.9847132769728,198.99399501977473,146.76660908632488,-744.0431223980075,92.75723588242674,-5.173267304172834,-89.69881745249339,0.6710200977494721,-96.97926568144686
29,-98.29357798165138,1200.2588298852324,200.6853313651095,146.4657895362407,-744.8530808908163,87.09076785012559,-4.9263084012035305,-89.73251701231936,0.6191446584822191,-96.62427390980243,1199.349912437728,199.4689056395244,146.9705977842363,-744.2037842982755,86.94228059657422,-4.242341687088358,-89.7617987194302,0.634951481037976,-96.56094128058024,1199.9537426852044,199.00179565810598,146.75793430871389,-744.6797909363138,87.41071974511323,-5.601207663390101,-89.66436457473571,0.6476264474210438,-96.56979211209455
30,-97.88990825688073,1200.2688884547351,200.6741863970426,146.41508596635327,-745.5069146124981,81.57933252341395,-5.725961901719025,-89.6700082567462,0.5840530200439296,-96.20114707495767,1199.254580216171,199.49472255589944,146.92581018365792,-744.8094016371024,81.30426104609882,-5.098849244254466,-89.6945570294167,0.5984484429642307,-96.12997259428312,1199.9139253281019,199.00794915919369,146.7491550378626,-745.2921056819829,81.81493923783327,-6.285395124127378,-89.6094723626223,0.609850268005158,-96.14085127025089
31,-97.4862385321101,1200.2790403443014,200.66289928249307,146.36512639731754,-746.1185409991277,76.06818593722885,-6.507562093167489,-89.60888646256606,0.548113382322441,-95.77846689907294,1199.1471065222254,199.52342250163724,146.87757377624573,-745.3657945608129,75.69930045877767,-5.987690926107921,-89.62465263308188,0.5594924470007321,-95.7020838905311,1199.827480589009,199.02318538030386,146.73014062232085,-745.8513414415801,76.37229959111676,-7.5090636114891645,-89.51108372955672,0.5599810944785213,-95.72494072642924
32,-97.08256880733944,1200.2892886645964,200.65146528324266,146.31593562916157,-746.6880565289067,70.55786771543715,-7.2706179506140804,-89.54918890688757,0.5113536619942141,-95.35624908802194,1199.114890645152,199.54072476104483,146.85452737985787,-745.8513984018842,70.74398121094569,-6.365067040187739,-89.59497205114599,0.5512213363293806,-95.32313471502432,1199.8065907657624,199.03674682358997,146.7204193352155,-746.3497184269796,71.16623380149196,-7.811611520220762,-89.48628718067584,0.5408430548441028,-95.32711127590841
33,-96.6788990825688,1200.2996365262927,200.63987966107584,146.2675384619143,-747.2155666609801,65.04891779031072,-8.014644525640566,-89.49095240049563,0.4738027121082974,-94.93450921524537,1199.0334535813981,199.57720242799996,146.8095883189866,-746.3059040281707,65.36952848455402,-7.043039463893568,-89.54105227360559,0.5134571772935823,-94.91360321469477,1199.7510885894212,199.04553054633084,146.7098526032667,-746.8490912886665,65.49439723534323,-8.417361907358613,-89.43734643364051,0.493227584289237,-94.89432499562918
34,-96.27522935779817,1200.3100870400556,200.628137677777,146.21995969560365,-747.7011857294266,59.54187624570387,-8.739163167482271,-89.43421327183904,0.43549031015041784,-94.51326272044439,1198.9275292189495,199.5939709470756,146.78268529971308,-746.7523162906164,59.52927975534544,-7.599041493182515,-89.49731956395622,0.4765418307932305,-94.46759512808899,1199.713465833005,199.0584561132166,146.69876502220734,-747.2780749068725,60.13729858780188,-8.937003063112934,-89.39519517820442,0.4639212711209944,-94.48541417895105
35,-95.87155963302752,1200.3206433165544,200.61623459512947,146.17322413025806,-748.1450368323183,54.03728315942222,-9.443701739679945,-89.37900735136985,0.39644714574325424,-94.09252490873722,1198.7602026084842,199.64144982079168,146.72045184008604,-747.1342769299081,53.76812076202386,-8.669392841708286,-89.4126756091542,0.40992204830188494,-94.03086966853637,1199.6645520990655,199.0767752047891,146.68453985293883,-747.6699382657958,54.61622634174674,-9.66242311955795,-89.33607555437456,0.4159873745393169,-94.06531715960337
36,-95.46788990825688,1200.33130846646,200.60416567491643,146.12735656590604,-748.5472517159304,48.53567844485941,-10.127794832113578,-89.32536995624227,0.35670480799421617,-93.67231095028414,1198.645185645014,199.67470367994522,146.67740362294543,-747.4742514802617,48.27887714937564,-9.458118435946961,-89.35049671684489,0.362538312648831,-93.61416000719501,1199.6462145323126,199.08970352215152,146.67592820671248,-748.0229161135494,49.090092832006526,-9.912132059543147,-89.31530085680161,0.386235251756538,-93.64383257067844
37,-95.06422018348624,1200.3420856004386,200.59192617892307,146.08238180257587,-748.9079706542004,43.03760169198897,-10.79098396828672,-89.27333587537649,0.31629577249939234,-93.2526358803861,1198.5582660028736,199.69473101050403,146.6485302185281,-747.7809256293395,42.82528462569934,-10.006336271541555,-89.30737724557768,0.3292584633110542,-93.1991354377851,1199.582686167936,199.1072427487333,146.66156601024747,-748.3385640587384,43.409178412621785,-10.879150854753986,-89.23674357532762,0.325634564251029,-93.21212336107237
38,-94.66055045871559,1200.3529778291622,200.5795113689328,146.03832464029614,-749.2273423235621,37.543592007806126,-11.432817807733484,-89.22293935489382,0.2752533880149653,-92.83351460005767,1198.4955139956037,199.7247471965425,146.61474625631706,-748.0420723635359,37.37858174163209,-10.498176871870896,-89.2681228063643,0.2915411766407874,-92.78518101650354,1199.5138328355151,199.12502497385026,146.645160117078,-748.6041955249392,37.72897354913605,-11.980470681366505,-89.14742554511047,0.26342334033331455,-92.78029982442834
39,-94.25688073394495,1200.363988263296,200.56691650672997,145.9952098790952,-749.505523673234,32.054187856295854,-12.052852343426931,-89.17421408392839,0.233611862805304,-92.41496187707932,1198.4117796460832,199.74720137876807,146.57914084980882,-748.2600243736539,32.17179022055692,-11.172583327923908,-89.21523544943433,0.25909269244058925,-92.38958094461061,1199.5056529852495,199.1291050523305,146.6428215443073,-748.8405000365927,32.44865109363602,-12.085810967602375,-89.13875314219801,0.24939511597679861,-92.3773483234993
40,-93.85321100917432,1200.3751200135096,200.55413685409712,145.95306231900108,-749.7426797910971,26.569926898022175,-12.650651094071032,-89.12719318082002,0.19140625067863656,-91.99699234752775,1198.302728486085,199.77581347518617,146.5373839681378,-748.4385429676872,26.632882860991725,-11.863852821520755,-89.1607248305334,0.21473879895851045,-91.9691865038183,1199.420397413971,199.15210774923617,146.62311484440417,-749.031042001132,26.779540764663682,-13.195891072263844,-89.04824608744273,0.17748475004134584,-91.94858450877437
41,-93.44954128440367,1200.3863761904718,200.54116767281943,145.91190676004246,-749.9389837652656,21.09134582942313,-13.225785291162621,-89.08190917969351,0.14867243672046884,-91.5796205177864,1198.1962461763255,199.81826309693696,146.482776192147,-748.5558357326037,20.934083368570803,-12.660088105936802,-89.09740184373231,0.15471782010508683,-91.53718662681956,1199.4013562281139,199.15677079008609,146.61869439548772,-749.1881195098907,21.364566616281166,-13.461020777816728,-89.02669853454871,0.1564825650639328,-91.53541684759878
42,-93.04587155963303,1200.3977599048521,200.5280042246797,145.87176800224765,-750.0946165414724,15.618980221908707,-13.77783406071694,-89.0383940174279,0.10544712273449346,-91.1628607670339,1198.1762180834305,199.82951360451125,146.46971317965844,-748.673803994111,15.7730249490241,-12.870527341450256,-89.08076683804357,0.13852675857890934,-91.14409551563027,1199.3314205606844,199.16846892771287,146.60544859049844,-749.3019124802076,15.748728826252197,-14.231160641581647,-88.9640355641003,0.09909610602794477,-91.10944012062475
43,-92.64220183486239,1200.409274267321,200.51464177146295,145.83267084564534,-750.2097667763861,10.153364360838085,-14.306384599551471,-88.99667902101974,0.061767812402007224,-90.74672735020951,1198.143853298281,199.86555770403606,146.43116733590705,-748.7336486597483,10.448231625668987,-13.312433449540656,-89.04507051147876,0.09944180879889544,-90.74003501650246,1199.2448763417556,199.1739277990846,146.5936513324364,-749.3784467738022,10.131990038931537,-15.018189770296862,-88.90020136844743,0.034952128338204595,-90.68305316752704
44,-92.23853211009174,1200.4209223885437,200.5010755749522,145.79464009026356,-750.2846306869914,4.695031084481936,-14.811032346031894,-88.95679489534396,0.017672796169391082,-90.33123440145305,1198.0629526944463,199.88923978096503,146.395018436004,-748.7615745593255,5.118377379638149,-13.881007674203543,-89.00031293124697,0.06301416043003355,-90.33563032580692,1199.1791035875676,199.18410487516238,146.5789106874472,-749.4138067747383,4.878359496515971,-15.60064349135863,-88.8523713575852,-0.012006362629585897,-90.28472342508348
45,-91.8348623853211,1200.43270737919,200.4873008969313,145.75770053613078,-750.3194118961521,-0.75548837695259,-15.291381145185037,-88.91877171131512,-0.026798864125775267,-89.91639593801409,1198.0252538394275,199.91999086251124,146.36049045339644,-748.7447809883522,-0.20762781744819703,-14.345089362154933,-88.96318537791664,0.02321578869204363,-89.93136943486124,1199.168057193771,199.18657937459398,146.57780478555836,-749.4241165350519,-0.45423678927457267,-15.630697363075162,-88.84976056478081,-0.02640900792371318,-89.87791913783532
46,-91.43119266055047,1200.4446323499292,200.47331299918415,145.7218769832752,-750.3143212745002,-6.197664562135426,-15.747043408092674,-88.88263889445264,-0.07160735087976071,-89.5022258646278,1197.8286563860186,199.9892403038918,146.27799124066712,-748.622523561796,-6.13663275039229,-15.63018890913005,-88.86088624457771,-0.08049223735222022,-89.4849310025148,1199.0590407796487,199.1977031435795,146.55874196933763,-749.3730015066649,-5.961928077593367,-16.52555095769871,-88.7766284001618,-0.10361316614202949,-89.46104912857648
47,-91.02752293577981,1200.4567004114274,200.45910714349424,145.68719423172539,-750.2695767787585,-11.630969939178549,-16.17764026548113,-88.84842521385173,-0.11671210658945219,-89.08873797835062,1197.8558167016708,199.9882119607272,146.2813587430406,-748.5665974574665,-11.195663639879879,-15.524040162546546,-88.86916846955957,-0.07836744933528086,-89.09772358449999,1199.0162764878694,199.20093308641418,146.55488143263045,-749.2944994883882,-11.473781089931927,-16.74781685059944,-88.75841714235446,-0.1462052645488797,-89.041387055833
48,-90.62385321100918,1200.4689146743603,200.44467859164786,145.65367708151015,-750.185403286658,-17.054879065860945,-16.582801715430854,-88.8161587715631,-0.1620718499503253,-88.67594597384935,1197.7133231458251,200.03163532403562,146.24116362091806,-748.3913976081573,-17.059993779128064,-16.249251282511775,-88.81112766327078,-0.15832486788527533,-88.65403048044773,1198.9495399041534,199.20794943157037,146.5439116064176,-749.1732595622246,-16.847282594169968,-17.272937652450196,-88.7153958999285,-0.19985143268626837,-88.63333323591752
49,-90.22018348623854,1200.4812782493893,200.43002260542494,145.6213503326571,-750.0620324285645,-22.468868749416576,-16.962166765133574,-88.78586699238335,-0.20764459217562845,-88.26386344913637,1197.6226478251183,200.05405437750838,146.216417379195,-748.2163839965025,-22.585332660163058,-16.650946263645757,-88.77918253533261,-0.2010507784384092,-88.23435326224055,1198.8911447107794,199.21452828059333,146.53202746818718,-749.0110797066937,-22.227261605420722,-17.724738845118466,-88.67809564012255,-0.2477939826442368,-88.2242814525562
50,-89.81651376146789,1200.493794247186,200.41513444661285,145.59023878519503,-749.8997024159737,-27.872418205812867,-17.31538356662631,-88.75757661405807,-0.2533876535278756,-87.85250391174284,1197.59673763019,200.0741370363602,146.2013887888736,-748.016997101386,-27.904805484869524,-16.82101963536816,-88.76509691729586,-0.23150170804296374,-87.82919959826795,1198.8772416417164,199.21151085862175,146.53323575085574,-748.8195021041563,-27.641515251811033,-17.804441218197788,-88.67160320576457,-0.26975044540085713,-87.81071267190579
51,-89.41284403669725,1200.5064657784192,200.40000937699338,145.5603672391525,-749.6986578669981,-33.26500921839879,-17.642109546445614,-88.73131367789983,-0.2992576800523044,-87.44188078532066,1197.586302822394,200.0866436094729,146.19028956862402,-747.8026544691685,-33.10260924624202,-16.949159641234434,-88.7546813281221,-0.2532431210263737,-87.43357981186922,1198.8106507872576,199.21820400813533,146.51828513902908,-748.583762545045,-33.016004690542104,-18.235119462910077,-88.63571990708326,-0.32378961198999173,-87.40246836046457
52,-89.0091743119266,1200.5192959537574,200.38464265835142,145.53176049455737,-749.4591496289878,-38.646126295864114,-17.94201152914212,-88.70710351982201,-0.3452106605025539,-87.03200741666245,1197.4189694011347,200.14105914666737,146.1382412723642,-747.4592887058942,-38.66007277522093,-17.875984070565718,-88.6804125054876,-0.339138350655205,-87.01262767411639,1198.7721929908648,199.2213508901542,146.49898443143684,-748.2985101042663,-38.20845608671351,-18.598753331886133,-88.60499931611784,-0.3623609222258331,-87.00699146581687
53,-88.60550458715596,1200.532287883869,200.36902955247115,145.5044433514385,-749.1814345984458,-44.01525682939912,-18.21476585460398,-88.68497076179173,-0.39120194345047143,-86.62289708312974,1197.3665115588146,200.15699752852356,146.1175722978156,-747.1314597893087,-44.020111672654096,-18.040075542179324,-88.66667953828532,-0.3812153452649068,-86.6042334696375,1198.7316091525654,199.22534199485008,146.49498443694782,-747.9809768319852,-43.69514764309834,-18.69520320691566,-88.59659333390645,-0.4072663150506363,-86.5883338057141
54,-88.20183486238531,1200.5454446794229,200.35316532113472,145.47844060982422,-748.865775538362,-49.37189124896981,-18.46005848914562,-88.66493930370153,-0.4371862545694501,-86.21456300047677,1197.3366744190703,200.17466014268385,146.0952108086521,-746.7827178422514,-49.21174358146538,-18.156316781316885,-88.65670802338099,-0.41731988568510175,-86.20829653350887,1198.711699162287,199.22523491032112,146.48484941956903,-747.6347221184027,-48.8566771305012,-18.82323255170347,-88.58551437112389,-0.429068803191418,-86.19377660915306
55,-87.79816513761467,1200.5587694510884,200.3370452261271,145.4537770697427,-748.5124408931229,-54.71552317862648,-18.677585130319798,-88.64703231566305,-0.48311771408293913,-85.8070183310581,1197.271169459212,200.1815503419486,146.07748972314218,-746.3746396745818,-54.61431929302454,-18.274641695432205,-88.64702116993247,-0.451363401724786,-85.79523874990406,1198.6598283772837,199.22433894400444,146.476616562859,-747.23054214693,-54.28950838757197,-19.104066985365865,-88.56234028539895,-0.4794630027637717,-85.77881900772313
56,-87.39449541284404,1200.572265309534,200.3206645292322,145.4304775312225,-748.1217046011393,-60.04564959074899,-18.867051305417736,-88.6312722307237,-0.5289498543692848,-85.4002761924058,1197.2334505039762,200.197409588013,146.05702071541612,-745.9435513295538,-59.91427878519143,-18.37432961055707,-88.63828052220377,-0.48909512580580145,-85.39077084995886,1198.6033856196873,199.22785565117124,146.4652786004164,-746.8080846958952,-59.61074562539196,-19.302700691213467,-88.54515217024056,-0.5286396064605641,-85.37304946126194
57,-86.99082568807339,1200.5859353654287,200.30401849223358,145.40856679429197,-747.6938459053422,-65.36177095914297,-19.028172463628348,-88.61768073800798,-0.5746356377138817,-84.99434966616356,1197.1443186140943,200.22641723240542,146.01708902025257,-745.4716748157053,-65.09586517342012,-18.550739829279255,-88.62302480276836,-0.5423141840566834,-84.99585929064611,1198.5735241856341,199.23724484013428,146.45407172864594,-746.3659854137311,-64.76328766466857,-19.322015307766087,-88.54213960298493,-0.5592253156230359,-84.97983503915428
58,-86.58715596330275,1200.5997827294404,200.2871023769161,145.38806965897936,-747.2291491616892,-70.66339141090604,-19.16067406183242,-88.60627877628527,-0.6201274742002385,-84.58925180736149,1197.1124989988957,200.23483530443244,146.00381718234962,-744.9493512748033,-70.47150521843761,-18.58655634512409,-88.61953547277658,-0.5768112139259786,-84.58395143731312,1198.5213972046029,199.2348273606391,146.44791956770786,-745.8533174826648,-70.21572285035985,-19.517999921051512,-88.5253703120981,-0.609213501847388,-84.56305340643708
59,-86.18348623853211,1200.6138105122368,200.26991144506258,145.36901092531318,-746.7279036458386,-75.95001887696718,-19.264291644011514,-88.59708652796597,-0.6653772397313183,-84.18499565401768,1197.0736191480619,200.24928420151122,145.98304469489466,-744.4193526915546,-75.64469475635255,-18.602086001471893,-88.61751576171604,-0.6111052495150547,-84.18801360004643,1198.4439089773336,199.2438436437768,146.42607681138065,-745.3061055608753,-75.51584385926827,-19.738431783627615,-88.50503241825447,-0.6762624673763901,-84.1592238818499
60,-85.77981651376146,1200.6280218244897,200.25244095845653,145.35141539332187,-746.1904033581279,-81.22116524122696,-19.338770914259058,-88.59012341352826,-0.7103362941733949,-83.78159423704909,1196.920792444874,200.28823530113465,145.9265635777613,-743.766422015987,-81.14164734991276,-18.81731438907202,-88.59810000870988,-0.7060626133454879,-83.76967037188005,1198.43993175605,199.24029471456993,146.42904822951982,-744.7427587847124,-80.83155248953565,-19.699433032758872,-88.50817573594884,-0.6908431082208492,-83.75091820044643
61,-85.37614678899082,1200.642419776865,200.234686178883,145.33530786303362,-745.6169468270148,-86.47634648820365,-19.383867803385183,-88.58540808637666,-0.7549554996136196,-83.37906059047606,1196.9357856899703,200.2970001554695,145.9211413864404,-743.1630727145762,-86.38637142886205,-18.79475019411702,-88.59924278649716,-0.7271645817452191,-83.36692215718877,1198.393055423531,199.2330798980796,146.42223262924887,-744.0907880680074,-86.36638947943818,-19.86562189630887,-88.49403766299952,-0.7399274479188604,-83.32579116615358
62,-84.97247706422019,1200.6570074800331,200.21664236812518,145.3207131344771,-745.0078369111242,-91.71508284910693,-19.399348529110696,-88.58295842813595,-0.7991852387241368,-82.97740776190285,1196.840216561508,200.32051784012293,145.878374179294,-742.503556494129,-91.52011405131967,-18.82585701428566,-88.59528579731253,-0.7894357143392554,-82.9741613838132,1198.3663334890412,199.2373761776218,146.41485447456304,-743.453029875112,-91.58620839866106,-19.891679857311654,-88.49079007460752,-0.770499821221411,-82.92544908416338
63,-84.56880733944953,1200.6717880446631,200.19830478796644,145.3076560076805,-744.3633806000518,-96.93689894625994,-19.38498964985474,-88.58279154438209,-0.8429754332243266,-82.57664882325577,1196.8090087633846,200.33741053513722,145.86376559509782,-741.7937560402805,-96.89551129000058,-18.90022275338489,-88.58839270300098,-0.8256716813801847,-82.56121783484863,1198.3102842906771,199.24949918773893,146.3955574000187,-742.7833392589458,-96.71652585620038,-20.002482773140958,-88.4794797259548,-0.8206692811225608,-82.53316217506902
64,-84.1651376146789,1200.6867645814218,200.17966870019222,145.29616128267236,-743.6838888140664,-102.14132393578406,-19.340578112120337,-88.58492376081293,-0.8862755624338697,-82.17679688176173,1196.7468499674537,200.3512026154412,145.83468591514708,-741.0904743778544,-101.97462722384819,-18.831457379148322,-88.59273167024931,-0.8639733773870947,-82.17115609714054,1198.2556873754202,199.24429054518203,146.38856017687482,-742.0183085646358,-102.20125954810798,-20.19879022048059,-88.46256834033403,-0.8761043056755641,-82.11138016150937
65,-83.76146788990826,1200.70194020098,200.16072936658452,145.28625375948093,-742.9696762028659,-107.3278916484674,-19.265911291493236,-88.58937061986208,-0.9290346819093744,-81.77786509114699,1196.729816992206,200.36833886502703,145.82138832734302,-740.3450368297277,-107.18503185520086,-18.910784843578554,-88.58555727106912,-0.8894661537245623,-81.77023323074931,1198.2306944732013,199.2438317899721,146.37860388672527,-741.2448217244295,-107.49433359667671,-20.205429349208984,-88.46090908494413,-0.9083751733231125,-81.70330359603882
66,-83.35779816513761,1200.717318014004,200.14148204892854,145.27795823813452,-742.2210609435222,-112.49614072874893,-19.16079702726818,-88.59614687775873,-0.9712014421567873,-81.37986666303759,1196.718615905854,200.376346549818,145.81461414039174,-739.5590641287234,-112.4390920439342,-18.86956575815244,-88.58817588985295,-0.9100209017223244,-81.36512287738478,1198.2098638875518,199.24391539483275,146.37387005835993,-740.450125276867,-112.7654052642342,-20.22435997793529,-88.45867087069507,-0.9325897953355226,-81.29656705271701
67,-82.95412844036697,1200.7329011311635,200.1219220090074,145.27129951866166,-741.4383645377762,-117.64561477172285,-19.025053650727955,-88.60526650203697,-1.0127241074124163,-80.98281487854156,1196.6649035831877,200.3852210448427,145.7975491207262,-738.7404889162849,-117.64387446521083,-18.836932039137682,-88.59023156796322,-0.9425702085738316,-80.96406190161103,1198.1499515189212,199.2463544785617,146.35256025266588,-739.6535933525538,-117.72451455500884,-20.05291732843579,-88.46828004425379,-1.0022741116847687,-80.91577507728968
68,-82.55045871559633,1200.7486926631286,200.10204450860556,145.26630240109066,-740.6219116088072,-122.77586245811139,-18.85851000710031,-88.61674266949876,-1.0535505744863558,-80.58672309999217,1196.6259386710176,200.4024005893708,145.786505632375,-737.8889200059538,-122.84077130130095,-18.762196246780686,-88.59582118552566,-0.978926356489398,-80.5626699212305,1198.1187609907868,199.2498715676495,146.3427934954919,-738.8091488422384,-122.80835124310191,-19.828130002498355,-88.48416843485577,-1.0642211922615112,-80.52309624841418
69,-82.14678899082568,1200.764695720567,200.0818448095058,145.26299168545,-739.7720296976313,-127.88643768711097,-18.661005471225643,-88.63058776463379,-1.0936283916599567,-80.19160478283231,1196.566611515037,200.40641024222103,145.77451714432848,-736.9465969288872,-128.26492594467396,-18.761186457974112,-88.59535857900566,-1.006212740054819,-80.14301683867592,1198.1106820693326,199.2477819094718,146.3389007511135,-737.90903030451,-128.00897860323593,-19.79638530154563,-88.48628333076502,-1.079630904291932,-80.11967112865501
70,-81.74311926605505,1200.7809134141476,200.06131817349413,145.26139217176805,-738.8890490592719,-132.97689970705616,-18.4323899569725,-88.6468133785016,-1.1329047776318417,-79.79747348761909,1196.4777948628634,200.46285310668992,145.723899458086,-736.0855588403067,-133.0011836934294,-18.354808232031704,-88.62638629789042,-1.089251995578039,-79.77712849585656,1198.1001403728665,199.25168785998633,146.33276934385196,-737.0427487803141,-132.9176805694118,-19.49385151066868,-88.50876420106042,-1.1084762608335226,-79.73966009083291
71,-81.33944954128441,1200.7973488545372,200.0404598623523,145.26152866007286,-737.9733024588313,-138.04681324382204,-18.172523920441776,-88.66543030807995,-1.1713266405051066,-79.40434289212675,1196.4662940720318,200.48056089297233,145.70501923410313,-735.1936708728903,-137.8610483463536,-18.117042045690216,-88.64446330260643,-1.1203003533785654,-79.40042237283815,1198.1130636438575,199.2613134937211,146.32815811210978,-736.1765482611223,-137.63499621282222,-18.7604537832503,-88.56505559776707,-1.141614000223797,-79.37331252650516
72,-80.93577981651376,1200.8140051524088,200.01926513786475,145.26342595039353,-737.0251249676131,-143.09574862690326,-17.881278357005954,-88.68644855608466,-1.2088405968091218,-79.01222680352762,1196.4162500775774,200.5085462255145,145.66966478587435,-734.2790355194423,-142.6025241172754,-17.770338320192455,-88.670867701856,-1.170585651238597,-79.03263962445044,1198.0877833004338,199.26381306508756,146.3213893964401,-735.2070511381203,-142.7235937049476,-18.75208823172977,-88.56463348154378,-1.1732621477288403,-78.97870496896142
73,-80.53211009174312,1200.8308854184274,199.99772926181583,145.26710884275784,-736.044853759418,-148.12328191309481,-17.558534792235292,-88.70987733126614,-1.245392990549479,-78.62113917062861,1196.388573846154,200.5290331259814,145.65792456496828,-733.2355014451307,-147.81850735249475,-17.33612042970517,-88.70424492434326,-1.224013858713089,-78.62720164876255,1198.047904175387,199.26593969086406,146.3119937162629,-734.2086268962992,-147.75794715754515,-18.562617746888904,-88.57758233762286,-1.2276186520865402,-78.5879509289927
74,-80.12844036697248,1200.847992763263,199.97584749598877,145.2726021371944,-735.03282790716,-153.12899500772164,-17.204185266762938,-88.73572504918869,-1.2809299122796758,-78.23109409614156,1196.3649000770777,200.581206833196,145.6213927946042,-732.2389676155301,-152.61625488050277,-16.366774904831278,-88.77840424556656,-1.3126102054316042,-78.25451456325088,1198.067742063939,199.25889964187564,146.3187033548404,-733.1115276732281,-153.05295250721747,-18.287792022446496,-88.59969501016326,-1.2216351446637408,-78.17356618382972
75,-79.72477064220183,1200.865330297585,199.9536151021681,145.27993063373157,-733.989388179926,-158.1124757833414,-16.8181323151518,-88.76399933349802,-1.3153972181883151,-77.84210584896664,1196.3581831138185,200.58736221779304,145.61676355298738,-731.1894750945025,-157.5324494164567,-16.131599770679014,-88.7967990871336,-1.32790582278898,-77.86918458696346,1198.0447125908252,199.2756680045592,146.2997907750505,-732.187792261688,-157.4500614693363,-17.571718052565746,-88.65273553510607,-1.293015297306671,-77.8321038263274
76,-79.3211009174312,1200.8829011320618,199.93102734213758,145.28911913239781,-732.9148768406097,-163.07331819587148,-16.400288938824513,-88.79470701768362,-1.3487405491951525,-77.45418887646504,1196.363345337335,200.59564069988892,145.60846254167393,-730.0757762015918,-162.62530388637865,-15.844324443562991,-88.81851824344122,-1.3510176296354475,-77.47163071723642,1198.0386307404815,199.27551935689894,146.29803926777234,-731.0681155228247,-162.55251284875874,-17.336390129374717,-88.67053246423119,-1.3139256053090893,-77.43311484415432
77,-78.91743119266054,1200.9007083773604,199.90807947767934,145.30019243322133,-731.8096374442455,-168.011122398072,-15.950578573124846,-88.8278541473425,-1.3809053500497306,-77.06735781670048,1196.374719619367,200.60816018620847,145.5930387540074,-728.9872508088137,-167.47929720979513,-15.565672232549499,-88.83943491913668,-1.3727673151181659,-77.09252684719668,1198.03948569365,199.280964649979,146.29442441877464,-729.9692878022934,-167.39559796319276,-16.623887845532018,-88.72507104926285,-1.3550962509010103,-77.05333054955472
78,-78.5137614678899,1200.9187551359432,199.8847667786464,145.3131753004301,-730.6740145785409,-172.92549514462388,-15.468935620626201,-88.86344593929095,-1.4118368981206384,-76.68162748920471,1196.3753605038264,200.6224119528072,145.58460457117968,-727.8218527260696,-172.46640725333194,-15.227980840848735,-88.86525468102626,-1.3954562257355672,-76.7009885432576,1198.0397810609456,199.28380340824992,146.29260703142802,-728.8001611945887,-172.38219937576847,-16.173528150523346,-88.75952445933076,-1.3799343755179356,-76.66168465834947
79,-78.11009174311926,1200.9370403405005,199.86108861250153,145.32807431153964,-729.50832312605,-177.81619901176506,-14.955594929657078,-88.90146468699376,-1.4414853815423991,-76.29700204513715,1196.361074207232,200.65553466013927,145.56845467654605,-726.6459495144278,-177.30812181697948,-14.349219743976372,-88.93310832906049,-1.4566664718237565,-76.31990612334936,1198.0211775250432,199.28750757789481,146.28766801721812,-727.5674579800216,-177.50824194220314,-16.002898698022804,-88.77174479773916,-1.4141983830480398,-76.25951290175728
80,-77.70642201834862,1200.9555519821897,199.83705509891763,145.34484832184808,-728.3127931629605,-182.68339448499253,-14.411559500222525,-88.94183406006957,-1.4698150893970376,-75.91345729658758,1196.363697258486,200.65470068256354,145.57009512505584,-725.3558453135173,-182.53206883720924,-14.162738782862007,-88.94719171374805,-1.4697130152313664,-75.9092341964983,1197.9972623074266,199.2913450322901,146.27939779995086,-726.3617850443541,-182.3722988656363,-15.500077934680077,-88.80928863950139,-1.4666810858934654,-75.8770926242208
81,-77.30275229357798,1200.97427627919,199.81267809985746,145.36344845372008,-727.0876304692429,-187.52731051109444,-13.837957928442574,-88.98446814303635,-1.4967945041353115,-75.53096463900133,1196.3802083475516,200.67218303752873,145.56210357196653,-724.1978322284085,-187.08475239913926,-13.31904559619216,-89.01260961016928,-1.4949353062711759,-75.54855522057875,1197.989454768505,199.3011858396298,146.27095517486674,-725.173285084243,-187.0091347977279,-14.637506155313508,-88.87468612947201,-1.5215062476144465,-75.5111306844082
82,-76.89908256880733,1200.9931994496865,199.78796947728569,145.38382582952096,-725.8330292678663,-192.34818067215414,-13.235920221204326,-89.02928091224325,-1.5223942434444466,-75.14949567102079,1196.3897107568027,200.67623863296416,145.5633518152138,-722.891861820388,-192.10263971920062,-12.892316130752567,-89.04534567372829,-1.515143738165891,-75.15255964241985,1197.990183733302,199.3039114506539,146.26873601811562,-723.8708207924255,-191.96601551351014,-14.199513508157679,-88.90815532268094,-1.542108911946699,-75.11922778601397
83,-76.4954128440367,1201.0123077118574,199.76294109316729,145.40593157161524,-724.5491726360794,-197.14624296024235,-12.606577392733964,-89.07618626558724,-1.5465870350420243,-74.76902218619969,1196.372729591721,200.689937958148,145.55357806190332,-721.5893316744355,-196.8968692724513,-12.095123308667816,-89.10685337927484,-1.5585434789999004,-74.77227718110632,1197.983923529307,199.30838087188783,146.2644562803519,-722.5782946243694,-196.7806798943519,-13.67302314586692,-88.94819284218481,-1.5743206424189171,-74.73815899355661
84,-76.09174311926606,1201.0315872838871,199.73760480946646,145.42971680236838,-723.2362329048507,-201.92173955165765,-11.951061072695795,-89.12509805147315,-1.569347691923518,-74.38951616377946,1196.3940493878895,200.69296401037857,145.55129639578993,-720.2563080644155,-201.76602947706496,-11.625369663476295,-89.1427064152737,-1.568325818309135,-74.38647576045288,1197.9840151635726,199.3156772247138,146.25835296727217,-721.3185774184113,-201.30388566485027,-12.568117263741584,-89.03273910679863,-1.627822035797488,-74.37825011422387
85,-75.6880733944954,1201.0510243839558,199.71197248814605,145.45513264414492,-721.8943720462835,-206.67491658068786,-11.27050312526722,-89.1759300970523,-1.5906530880712406,-74.0109497585993,1196.4069785394327,200.7163966000453,145.5431488024542,-718.9607802564713,-206.31128677353914,-10.774627319811067,-89.20835191529434,-1.5914674804755202,-74.0233617345504,1197.991944891261,199.3209169734644,146.25524640971875,-719.9663271326299,-206.06768158249716,-11.854514377972622,-89.08760555005115,-1.6542103584025138,-73.99899140722214
86,-75.28440366972477,1201.0706052302476,199.68605599117137,145.48213021931036,-720.5237420488825,-211.4060239128835,-10.566035278647337,-89.22859623577482,-1.6104821346294182,-73.63329529021037,1196.4437542857358,200.7384544861698,145.54351428128695,-717.6202033396104,-210.9302059931789,-9.684759035558416,-89.29166351918538,-1.6226017569259148,-73.65506668298286,1197.9867200498702,199.3196813500075,146.2531134964064,-718.5110795343995,-211.05065967231582,-11.495777151528571,-89.1150247081865,-1.6774781814092206,-73.60191141597932
87,-74.88073394495413,1201.0903160409441,199.65986718050627,145.51066065022943,-719.1244852805233,-216.11531491781375,-9.838788764478899,-89.28301033428667,-1.628815756551567,-73.25652523126188,1196.447906069147,200.7292919022846,145.5475831065172,-716.1419559529822,-215.9103693102015,-9.55814699115153,-89.30181401166718,-1.622162098175123,-73.25749874498011,1198.0083042828621,199.3275819856251,146.2478403574981,-717.1574317017398,-215.59288614690055,-10.559261402714577,-89.18730549379562,-1.7007970506682513,-73.23846563880424
88,-74.47706422018348,1201.1101430342264,199.63341791811547,145.5406750592672,-717.6967348390334,-220.80304624129266,-9.089893966669791,-89.33908631870455,-1.6456368697238815,-72.88061219522835,1196.4833629431228,200.744841560392,145.54729902838713,-714.8340514537485,-220.21847463079027,-8.51547580688729,-89.38224671519578,-1.6401731054034645,-72.91175978428939,1198.0534705396758,199.34086096101294,146.2446129849206,-715.8262014239003,-220.0044984244068,-9.828087883916666,-89.2442158644826,-1.6901530636933213,-72.88543651886776
89,-74.07339449541284,1201.130072428275,199.6067200659632,145.57212456878835,-716.2406148902802,-225.46947757705607,-8.320480079121849,-89.39673820029697,-1.6609303585683803,-72.50552892354378,1196.5229130497978,200.76430018329452,145.549342653269,-713.3767488015291,-224.9032638906771,-7.622473746316033,-89.45047778917404,-1.665597689806554,-72.53640109233618,1198.0691602641164,199.34225206253086,146.2458094570035,-714.2964833092808,-224.90850609563773,-9.349182800272368,-89.28125116258907,-1.696434211418243,-72.4921292082969
90,-73.6697247706422,1201.1500904412762,199.5797854860126,145.6049603011584,-714.7562409936999,-230.11487143787042,-7.5316747718823045,-89.45588010060163,-1.6746830541296476,-72.13124827220751,1196.5416585567534,200.77741375892222,145.5469657085762,-711.8930506664508,-229.56211412686588,-6.998855671303594,-89.49847810975403,-1.6736538439803899,-72.16152913870181,1198.0895823680285,199.3449308753659,146.2487222384974,-712.787827954151,-229.6586911059388,-8.532077899397283,-89.34411851034055,-1.714927532249108,-72.11021067296616
91,-73.26605504587155,1201.1701832914082,199.5526260402293,145.63913337874206,-713.2437204151823,-234.73949292604703,-6.724603865251776,-89.5164262760066,-1.6868837126472824,-71.75774319792681,1196.5822894507246,200.77935543583646,145.55238299185902,-710.3035955499079,-234.50149277254894,-6.854123675512177,-89.50905243089498,-1.6673762554237221,-71.76543069037925,1198.1106323556455,199.34859607260262,146.2496773653474,-711.2566653387571,-234.38547755008807,-7.9626860678374305,-89.38802719988213,-1.7147588276872126,-71.73000118276111
92,-72.86238532110092,1201.1903371968535,199.5252535905767,145.67459492390418,-711.7031524272951,-239.34360950335653,-5.900391011390343,-89.5782911418214,-1.697522994616515,-71.3849867438578,1196.5730922639787,200.79714974720633,145.5468676941511,-708.6978630844127,-239.28278989912747,-6.184763995576958,-89.56038823361722,-1.6857654185042616,-71.37887901756237,1198.1648512064392,199.35319969591035,146.2527122977255,-709.7512640571307,-238.89514217279014,-6.914031098753575,-89.46940023137711,-1.7075733600919096,-71.36506150073758
93,-72.45871559633028,1201.2105383757953,199.49767999902053,145.71129605901007,-710.1346285967885,-243.92749076031345,-5.06015738297953,-89.64138929586491,-1.706593444339376,-71.01295202500653,1196.5827478566466,200.80902264762483,145.54645253448186,-707.0673656960518,-244.05312803189156,-5.520893677566105,-89.61109683925936,-1.699511605914085,-70.99290353887943,1198.210654266033,199.362985675255,146.25656607410906,-708.2270040097613,-243.39229224469392,-5.829258113242834,-89.55330276857514,-1.716406109844713,-71.0007122271632
94,-72.05504587155963,1201.2307730464165,199.46991712752254,145.7491879064247,-708.5382330593693,-248.49140818481703,-4.2050213685096525,-89.70563554159445,-1.7140894699674296,-70.64161221335017,1196.6158581390682,200.81649517427243,145.55189057372664,-705.3930866854023,-248.8773800669202,-4.943828318202065,-89.65474002506474,-1.7113741466227905,-70.60280784552405,1198.241851531621,199.36487616615864,146.26163315510772,-706.6040220844249,-248.06229588330282,-4.848169850591309,-89.62910809481137,-1.7303197383590225,-70.6214293683012
95,-71.65137614678899,1201.2510274268961,199.44197683804884,145.78822158851284,-706.9140427817337,-253.03563493013382,-3.3360982737703413,-89.77094491080011,-1.7200073240379867,-70.27094052273706,1196.6372659248327,200.8316756516258,145.56026910404984,-703.7820899085898,-253.4138860849246,-4.270357859021887,-89.70709250018697,-1.712034833588177,-70.23383244109179,1198.2731153868372,199.37474860305883,146.26383095632258,-705.0362099812215,-252.4902054779554,-3.7103673165131963,-89.7167508707094,-1.7568382085986465,-70.26073284530386
96,-71.24770642201835,1201.2712877354188,199.41387099256252,145.82834822763962,-705.2621278108713,-257.5604455821993,-2.454500029136417,-89.83723268588855,-1.7243450845047044,-69.90091019362254,1196.7005652548792,200.86303525630632,145.58505178120066,-702.2591770852121,-257.63604759579624,-3.1651142087553734,-89.79253158150546,-1.71085097503738,-69.88976377815024,1198.2921693614567,199.38178414021604,146.2659927883303,-703.3804261882268,-257.07457552947517,-3.058694266312213,-89.7667583664208,-1.767380867815847,-69.88757104554523
97,-70.8440366972477,1201.2915401901641,199.38561145302936,145.86951894617005,-703.5825515106441,-262.06611592622704,-1.5613349022509058,-89.9044144217787,-1.7271026362634103,-69.53149447769697,1196.724114641098,200.9000136288536,145.59754328530724,-700.6729699693074,-261.88466395445573,-1.9577978020132758,-89.88582418144931,-1.7199580181194996,-69.54173028284784,1198.3009833340425,199.38712955840356,146.27007778875966,-701.6098584090421,-261.8976849754511,-2.812473907498172,-89.78564320893075,-1.7666885402632162,-69.4946640967625
98,-70.44036697247707,1201.311771009316,199.35721008141252,145.91168486646902,-701.8753707856831,-266.55292271260623,-0.6577072157163502,-89.97240596743157,-1.7282816531744376,-69.16266662246062,1196.7547738595797,200.9147922800134,145.59593524443548,-699.1076777175601,-265.90683272031697,-1.014408418671152,-89.959114460428,-1.7132581229697628,-69.2096309636656,1198.343410466482,199.39588809199938,146.28326587702665,-699.8857504307084,-266.49868115603323,-1.988694485371643,-89.84927028138334,-1.7640896884614448,-69.1182384710673
99,-70.03669724770643,1201.3319664110563,199.32867873967552,145.95479711090178,-700.1406362926257,-271.02114342207653,0.25528293058460716,-90.04112348703715,-1.7278855805812277,-68.79439985579879,1196.7689615925353,200.9265763884922,145.60891250681266,-697.1841377620433,-270.9872553967169,-0.6254830860934563,-89.98866472856672,-1.7200560803211682,-68.794970514014,1198.3744562898157,199.39941375330886,146.28331276899428,-698.128134914325,-271.033790689906,-1.1655123378427654,-89.91288156958042,-1.765911368840778,-68.74527068564488
100,-69.63302752293578,1201.3521126135665,199.30002928978433,145.99880680183307,-698.3783926387615,-275.4710560301653,1.1765399329082378,-90.11048348087931,-1.7259196183267145,-68.42666737060856,1196.8046086281104,200.94669278553513,145.62369537858,-695.4314382216604,-275.4450915108725,0.2030042347757549,-90.05261638233739,-1.7219529013401043,-68.42811523898871,1198.4469474570856,199.4142577812735,146.29617503534305,-696.4864035568957,-275.23332447709714,0.13356963735825958,-90.01331899088821,-1.7565530976892114,-68.39917527913587
101,-69.22935779816513,1201.3721958350295,199.27127359370184,146.04366506162808,-696.5886785681392,-279.9029387708713,2.104972953170834,-90.18040280589993,-1.7223907042670348,-68.05944230952936,1196.833574348273,200.96761262205317,145.63203051599834,-693.649480245308,-279.8989742361126,0.9471789590254684,-90.10983899990529,-1.719575393432547,-68.06095406121825,1198.525804211226,199.4278911270184,146.30997612112216,-694.7980510257337,-279.46932133544874,1.382655388539684,-90.11013974074834,-1.7383064947826201,-68.04929928602431
102,-68.8256880733945,1201.3922022936254,199.24242351339308,146.08932301265173,-694.7715271351992,-284.3170698995892,3.039496184923004,-90.25079869598437,-1.7173074982832612,-67.69269774982509,1196.8837816322934,200.99996324302987,145.6517049118549,-691.8946421592334,-284.18727022139444,2.1156296531956635,-90.20002487334249,-1.7126018394007836,-67.70624418630571,1198.5786895345454,199.4312436009477,146.32190099361156,-692.976917298552,-283.9176493837857,2.7506285760560414,-90.21584237746643,-1.7457830520991755,-67.6797677075121
103,-68.42201834862385,1201.4121182075364,199.21349091082158,146.13573177726883,-692.9269658660328,-288.7137274552616,3.9790291161243365,-90.32158878198848,-1.71068036679126,-67.32640668846707,1196.9774203809511,201.05979375494,145.68106781138226,-690.3676091689674,-287.8092310853928,4.027194732806085,-90.34754206414745,-1.6889170532530593,-67.40490589385755,1198.6239003734656,199.44313068216115,146.32608326277335,-691.1939062444104,-288.21758846443976,3.6569795212643905,-90.28562816259576,-1.738528787696605,-67.32330474720621
104,-68.0183486238532,1201.4319297949469,199.18448764795258,146.18284247784467,-691.0550169073377,-293.09318902174624,4.922496789055612,-90.39269111152893,-1.7025213677495894,-66.9605420274648,1196.9429563244125,201.0392715431941,145.66747538841577,-688.2015688035998,-292.9488485580363,3.583250595491748,-90.31363482418598,-1.6916019060645264,-66.97818452718586,1198.6732183742297,199.45180820259785,146.3349458637999,-689.3172595574962,-292.6768579370793,4.31839317724065,-90.33713530684341,-1.7153242652890903,-66.95292034464966
105,-67.61467889908258,1201.4516232740361,199.15542558674974,146.230606236744,-689.155697163186,-297.4557314883968,5.868830057700249,-90.46402416855744,-1.6928442361655949,-66.59507655948889,1197.0208547191714,201.09421702791374,145.69723828325843,-686.4535571918202,-297.02256877273345,5.189694199101324,-90.43686960749346,-1.6806096614908728,-66.63983547347007,1198.7269898353102,199.46128858932434,146.34555791398375,-687.4971770328568,-296.9133314622915,5.398223915697756,-90.42044058221161,-1.7132474813112635,-66.59932913882709
106,-67.21100917431193,1201.471184862987,199.12631658917644,146.2789741763321,-687.2290184197083,-301.80163080984903,6.816965842920478,-90.53550689274043,-1.6816643700990364,-66.22998295383182,1197.0453301548437,201.11586451598646,145.70437162136366,-684.5238197835481,-301.34822007216013,6.13397605905888,-90.51000772811285,-1.6740873816549344,-66.27692996263407,1198.7939946493511,199.46656905295606,146.35819511706788,-685.5619726409798,-301.3030413726429,6.755088427554422,-90.525680886344,-1.7019362327656042,-66.23076505225033
107,-66.80733944954127,1201.4906007799834,199.09717251719826,146.32789741897386,-685.2749874578188,-306.1311617650062,7.765847385748266,-90.60705869866571,-1.6689988171638641,-65.86523374274957,1197.0688384386915,201.12796702783953,145.71044750809446,-682.5260447844074,-305.8501364588442,6.514598850360414,-90.53938007776793,-1.6609825140697083,-65.90035291447398,1198.807785952637,199.47218691769706,146.35687618618192,-683.4543068155077,-306.05083254791197,6.787375836927188,-90.52824549827515,-1.6786741215376795,-65.83434135356374
108,-66.40366972477064,1201.509857243204,199.06800523277957,146.37732708703402,-683.2936061541033,-310.44459771521747,8.714424499104322,-90.6785994948971,-1.654866261526557,-65.50080130822467,1197.1340020017456,201.175894646163,145.7304057985089,-680.7099659192468,-309.7941845855195,8.098616313970236,-90.6614705648463,-1.6471646375731457,-65.5682982183715,1198.873328818192,199.48672585522462,146.36999548920915,-681.6643632256179,-309.9452029195522,8.490634371351414,-90.66037634245981,-1.6704556877279195,-65.50503626487925
109,-66.0,1201.5289404708335,199.03882659788314,146.42721430287796,-681.2848715700156,-314.7422103616596,9.661653818257648,-90.75004970289955,-1.6392870114011742,-65.13665786919297,1197.239115434857,201.2173738564369,145.76337521827782,-679.0464768940819,-313.3153815252802,9.626618270565439,-90.77998289607119,-1.609370608719927,-65.27010824719936,1198.9228509321713,199.50073942472198,146.383545298141,-679.7502373228613,-314.08096553268655,9.676870777944146,-90.75223074588907,-1.653800045333323,-65.15633146963044
110,-65.59633027522935,1201.5478366810519,199.0096484744745,146.47751018887038,-679.2487760295251,-319.0242695019095,10.606499050326939,-90.82133027585701,-1.622282987040151,-64.77277546927289,1197.338999239112,201.2553964955133,145.8003791236075,-677.1995552614602,-317.2127233156445,11.21570689642023,-90.90287411386376,-1.5779436953075978,-64.94017657270447,1198.9617166693122,199.51114952023102,146.39222367930375,-677.7501773193643,-318.32814889281246,10.62287668465379,-90.82580072176204,-1.6393326009667026,-64.79708611168638
111,-65.19266055045871,1201.5665320920425,198.9804827245174,146.52816586737652,-677.1853071853752,-323.29104278571515,11.547931223129723,-90.89236271740512,-1.603877709219613,-64.40912596503547,1197.3943377258463,201.28472091321206,145.82564670355262,-675.1525802248215,-321.5090034794191,12.149569271299011,-90.97523740578413,-1.5604473393288536,-64.57642078682709,1198.9931720751622,199.51847655212083,146.40333452214915,-675.6705224482314,-322.66584478337194,11.650466450266874,-90.90539926021985,-1.6319640090853111,-64.42866080711501
112,-64.78899082568807,1201.5850129219868,198.9513412099762,146.5791324607612,-675.0944480741075,-327.5427954699713,12.484928933674947,-90.96306910030223,-1.5840962882180523,-64.04568101485229,1197.461177396518,201.30623299216487,145.85114003565687,-673.1348502370388,-325.63255535067395,13.252347569233374,-91.06080755432477,-1.5394169954735653,-64.22524642143432,1199.0353018850653,199.53388126342873,146.41343717192487,-673.6798279800157,-326.77599615560615,12.66877734582272,-90.98390769746413,-1.6185396206385303,-64.07939243061864
113,-64.38532110091742,1201.6032653890672,198.9222357928146,146.6303610913895,-672.9761771600464,-331.7797901729069,13.416478596595617,-91.03337208506233,-1.5629654132870496,-63.682412068357735,1197.5362254150195,201.34712451781894,145.88666387135092,-671.0947617755214,-329.74134263703894,14.705876559419579,-91.17309980571738,-1.5202816335921012,-63.874779962172106,1199.0739175188064,199.54331973802192,146.42043445874828,-671.5635306155145,-331.0612474044591,13.445098823646328,-91.04425105926119,-1.5936181666913656,-63.71440769087991
114,-63.981651376146786,1201.621275711466,198.89317833499834,146.68180288162648,-670.8304683683991,-336.0022866274823,14.341574692813818,-91.10319493857394,-1.5405133426117537,-63.319290356560394,1197.59988581775,201.37645390180558,145.90816602067972,-669.0065501332508,-333.8617465410671,15.78527352001921,-91.25680523112356,-1.4930362831191906,-63.52170768153936,1199.098466177501,199.55136618365512,146.42612566796916,-669.3311108568594,-335.5112255084378,14.072131401086006,-91.09291418462072,-1.5824636154621108,-63.333617722327155
115,-63.57798165137614,1201.639030107363,198.8641806984897,146.73340895383697,-668.6572911076867,-340.2105414340224,15.259220018729335,-91.17246155272902,-1.516769893759432,-62.95628688263659,1197.5580037446998,201.3609101783909,145.88404803490832,-666.472038265329,-338.91387010983874,15.33734444463219,-91.22171711041081,-1.4898731397694789,-63.08985269200025,1199.158962831118,199.56108639666155,146.4422485546925,-667.2330483775605,-339.5666211107083,15.403547575925021,-91.1967011005793,-1.5549316558963775,-62.984365316923366
116,-63.174311926605505,1201.656514794944,198.83525474525476,146.78513043038606,-666.4566102816929,-344.40480781209067,16.168425936221706,-91.24109646308793,-1.4917664346131356,-62.59337241344031,1197.6252590234012,201.3783423536926,145.90469969856343,-664.3667333899209,-342.89339022277807,16.37320309706222,-91.30268762504701,-1.4593311756525562,-62.7453719439977,1199.1735893040254,199.56606308402434,146.44339291416753,-664.9118432429638,-344.06782069970023,15.668203155362617,-91.21725211663684,-1.5333120312926998,-62.59787320690438
117,-62.77064220183486,1201.673715992386,198.8064123372564,146.83691843363874,-664.2283862911398,-348.585335351614,17.068212623752398,-91.30902486760563,-1.4655358747879415,-62.23051747175973,1197.674077269882,201.4072496757267,145.92984176114973,-662.0913693278688,-347.26043136947544,17.40981038751629,-91.38231785292069,-1.4477342009844623,-62.36966256788721,1199.2363935134981,199.57621049395132,146.46282528813674,-662.751641304078,-348.1472070905958,16.995307054022494,-91.32024242039672,-1.5122873172697746,-62.24447513456898
118,-62.366972477064216,1201.6906199178752,198.7776653364591,146.88872408595998,-661.972575025321,-352.7523697632918,17.95760932885573,-91.37617264544578,-1.438112657525855,-61.867692329351634,1197.7568208781227,201.4436367805548,145.96107921186518,-659.9605950035036,-351.1904782702784,18.79081855721844,-91.48929048368883,-1.4157648345101277,-62.028546604417635,1199.280816509951,199.5837298847946,146.47192282800415,-660.5277837159975,-352.2740689337427,17.81021697567018,-91.38357778741637,-1.4878437799934203,-61.886783790484166
119,-61.96330275229357,1201.7072127895922,198.74902560482786,146.94049850971493,-659.6891278439016,-356.9061526282955,18.835654622305206,-91.44246637590936,-1.4095327520658898,-61.504867000783385,1197.8178173604563,201.46707460191544,145.98200702219518,-657.838137184815,-354.95979603883467,19.92448814670005,-91.57793452788147,-1.3766858475685366,-61.698012086920535,1199.338925364049,199.5952849473636,146.48695554890227,-658.2788582426006,-356.39990176316127,18.837551670025885,-91.46353529941926,-1.4573337556014365,-61.52797491176117
120,-61.559633027522935,1201.7234808257192,198.72050500432664,146.9921928272685,-657.3779915491322,-361.0469211472852,19.70139665424021,-91.50783335750592,-1.379833646484587,-61.14201123811047,1197.8712047524255,201.47909756896536,145.9980678619823,-655.6404048467664,-358.9238004502323,20.698678389080854,-91.6382009669185,-1.3406212340135402,-61.35177985199502,1199.4105222356864,199.60868465962804,146.506286789016,-656.0599221628444,-360.40057180524184,19.813828800958827,-91.53973307692667,-1.410744751579108,-61.179800610283046
121,-61.15596330275229,1201.7394102444366,198.69211539691867,147.04375816098536,-655.0391083487235,-365.17490788877905,20.553893412542635,-91.57220162719574,-1.3490543410021958,-60.7790945264174,1197.9034953870312,201.49494745601078,146.01492262848296,-653.109981314276,-363.5291973499124,21.410195914237413,-91.69277049216159,-1.3328003991704995,-60.95121835205691,1199.445255952246,199.61980866243073,146.51530535042986,-653.6953091330054,-364.6309497872253,20.588095741956316,-91.59951677053921,-1.3919826299492757,-60.80974325376174
122,-60.752293577981646,1201.7549872639297,198.66386864456956,147.09514563323114,-652.6724158096321,-369.29034053689304,21.392212983750277,-91.63549997983112,-1.3172353417483258,-60.41608608024878,1197.9574345562935,201.51118077288027,146.02603772484161,-650.9149893653064,-367.31806480440514,22.21745653724974,-91.75571793642504,-1.2888541694587896,-60.616726331468946,1199.5150983531796,199.637132866863,146.5335697787615,-651.3897063575671,-368.6583168290037,21.68707185787575,-91.68496192575631,-1.3541235381037062,-60.45627052335258
123,-60.34862385321101,1201.770198102378,198.63577660924267,147.14630636637037,-650.2778468030167,-373.3934416384853,22.215433816792828,-91.6976579878274,-1.2844186549813688,-60.052954840955294,1198.0350038152596,201.5455009122819,146.05765965096384,-648.454157345533,-371.6669728403301,23.13756734094357,-91.82636159228186,-1.268530676735219,-60.23741866810977,1199.5527807201593,199.64752033995842,146.54107658813024,-648.9345594388932,-372.893285270963,22.435135259337354,-91.74360434587798,-1.3211194200997147,-60.083347344555
124,-59.944954128440365,1201.7850289779628,198.60785115290253,147.19719148276823,-647.8553294406571,-377.48442834975026,23.022644989845332,-91.75860602109239,-1.250647781753904,-59.68966947497964,1198.0732653477232,201.55010829545247,146.06645089688564,-645.9515713551275,-376.00880155487516,23.415388516863544,-91.84788549865428,-1.2415057981887039,-59.855304398854045,1199.572675189285,199.65826424507932,146.54662804228948,-646.4589134917934,-377.1595248378655,22.802991160717287,-91.77200939224241,-1.29769536265111,-59.707333536865804
125,-59.54128440366972,1201.7994661088683,198.5801041375137,147.24775210478975,-645.4047870030979,-381.5635121822873,23.81294648058586,-91.81827526724722,-1.2159677130165398,-59.326198373106024,1198.1400191660318,201.5766809323154,146.08927313385033,-643.5618268507649,-379.98996872721295,24.51292681354674,-91.93297254959789,-1.201355447665581,-59.50190890370287,1199.6287389439626,199.6738475315468,146.5602605383158,-644.0877395023863,-381.1177866899095,23.79120040604342,-91.84888719939522,-1.2629984145126412,-59.35615285658458
126,-59.13761467889908,1201.8134957132738,198.55254742503996,147.29793935479955,-642.9261378598243,-385.6308987486979,24.58544944015226,-91.87659775216707,-1.1804249251513874,-58.96250965069484,1198.2533136437341,201.61141457070119,146.1261140513795,-641.2304221341973,-383.942240933332,25.3376819655581,-91.99647500248145,-1.1610365533770288,-59.15435653625845,1199.7086504155318,199.693324743385,146.58011320470337,-641.7410217279415,-384.9722288202529,24.72918776161542,-91.92216422778569,-1.2090035484764925,-59.01353846151322
127,-58.73394495412844,1201.8271040093643,198.5251928774453,147.34770435516307,-640.419295381778,-389.68678750775024,25.339276471095534,-91.93350636087617,-1.1440673759253734,-58.59857114892527,1198.2453595250736,201.61249537734753,146.1229453565962,-638.502770233454,-388.44042888906324,25.532525354623193,-92.01152398839407,-1.1432114830863642,-58.75236375553438,1199.7487871583958,199.70689925751492,146.59295151553772,-639.3002531617259,-388.9959827149717,25.226344301118292,-91.96090338548818,-1.1706984054046852,-58.6556930517524
128,-58.330275229357795,1201.84027721532,198.4980523566947,147.39699822824522,-637.8841678465113,-393.7313715091629,26.07356190962131,-91.98893485882782,-1.1069445008528076,-58.234350437065096,1198.2852936688655,201.61272192644913,146.1331478248821,-635.9902517920709,-392.4732767500924,26.11278972791446,-92.05675981902118,-1.10027746250304,-58.39013200037881,1199.800619531435,199.72749400846783,146.60604357133184,-636.8239920745548,-392.9746142447388,26.149991530046584,-92.03280773483922,-1.1358859967310617,-58.29890004621373
129,-57.92660550458715,1201.8530015493238,198.47113772475225,147.44577209641105,-635.320658336323,-397.7648371380628,26.787452112426667,-92.04281791360297,-1.0691072099555674,-57.86981481578803,1198.406045677381,201.65732126127162,146.17112872773137,-633.6355116024819,-396.19526025332647,27.26160357550158,-92.14622369404564,-1.042321701293787,-58.056920670064756,1199.8045874866293,199.729758215251,146.6065203577522,-634.0851769221659,-397.37408549339494,26.37775122147723,-92.05017189659543,-1.1232250682686704,-57.90329951855873
130,-57.522935779816514,1201.8652632295568,198.44446084358185,147.49397708202528,-632.7286646297058,-401.78736385917085,27.48010574842918,-92.09509111706062,-1.0306078849083202,-57.50493132155622,1198.4856745380753,201.68684914201208,146.19292480332953,-631.0891311563894,-400.18909225523083,28.058800114482597,-92.20829346348265,-0.9977209186043617,-57.69735435090704,1199.9191610023654,199.75106908950352,146.6315495342949,-631.65399439787,-401.10864482980895,27.71988467028074,-92.15487618982763,-1.059478661784241,-57.566821162011394
131,-57.11926605504587,1201.8770484742001,198.41803357514766,147.54156430745297,-630.1080790864507,-405.7991239607831,28.15069409569741,-92.14569100797307,-0.9915003765546515,-57.139666732086106,1198.5686554173171,201.72581545718793,146.2224669090314,-628.4945249204126,-404.2657824044268,28.73473928682934,-92.26053489335298,-0.9664131199644723,-57.33110722532077,1199.919585178421,199.75600371237502,146.6326618865941,-628.9590106606566,-405.3552181573485,27.797719693559632,-92.16061695740295,-1.0402416310408371,-57.18373949066546
132,-56.715596330275226,1201.888343501439,198.39186778141539,147.58848489505937,-627.4587885267772,-409.8002822986088,28.798401343890088,-92.19455509518086,-0.9518400027794005,-56.773987572913,1198.5938070339948,201.7283737853452,146.22684743297984,-625.7990071779308,-408.33661612990517,29.361517492486403,-92.3094881127604,-0.9290762326459376,-56.95906714927756,1200.0124187580036,199.77084974346803,146.64980906681353,-626.3665849035507,-409.25664606180896,28.768932966148622,-92.23641206555446,-0.9852415531240954,-56.82898293248581
133,-56.31192660550458,1201.899134529453,198.36597532434672,147.63468996720937,-624.7806741048469,-413.7909960395314,29.42242490251443,-92.24162188130074,-0.9116835467208696,-56.407860125070044,1198.7557865702001,201.78825716902156,146.27801230526842,-623.3875911992632,-412.0376966063395,30.308315418866698,-92.38296299585774,-0.8741289411214956,-56.62670442918425,1200.079015699151,199.78493078091537,146.66401757914716,-623.7248212910365,-413.2375826382716,29.295503745184362,-92.27765645862729,-0.9322280523988229,-56.4673214694986
134,-55.908256880733944,1201.909407776424,198.3403680659079,147.68013064626797,-622.073611177064,-417.7714144053855,30.021975715321272,-92.28683088702154,-0.8710892553051369,-56.04125043389548,1198.7101606198437,201.7748773461583,146.25961889620467,-620.3531930685008,-416.5271209531108,30.486050207988587,-92.39671284980246,-0.8608064974674573,-56.21188721227291,1200.111205466364,199.79476396408916,146.67637992430804,-620.9501228311042,-417.36161806254813,29.94290007477984,-92.32820000917518,-0.9031257161032966,-56.08885039472594
135,-55.5045871559633,1201.9191494605357,198.31505786806272,147.7247580546001,-619.3374691655407,-421.74167841680503,30.59627858115344,-92.33012267602204,-0.8301168380840462,-55.674124318980596,1198.8330806320932,201.8217920282924,146.30236639093454,-617.796303194639,-420.3721263455454,31.074614211125592,-92.44221491956584,-0.8179767232960333,-55.863110137983064,1200.1587672479368,199.80887225258812,146.69146998818695,-618.2106113848187,-421.355197957381,30.717458997095378,-92.38866341921984,-0.8659768145910969,-55.72110711346398
136,-55.100917431192656,1201.9283457999668,198.29005659277482,147.76852331457064,-616.5721114171514,-425.7019206372487,31.14457248156879,-92.37143888054594,-0.78882746635614,-55.3064473852703,1198.8060450135777,201.80047091146483,146.28033698536476,-614.810037664571,-424.59717648836306,31.5070811659557,-92.4757714038219,-0.7826757476265975,-55.46799418369372,1200.1905543856901,199.8149457974321,146.69587432460472,-615.3672016324892,-425.4678498391084,31.07112652993165,-92.41615009646743,-0.8362225139465143,-55.34037770823205
137,-54.69724770642202,1201.9369830129026,198.26537610200842,147.81137754854478,-613.7773950585959,-429.65226491728663,31.666110915564673,-92.41072222766732,-0.7472837725492375,-54.938185035326235,1198.9846994884965,201.8898164533946,146.3494394574889,-612.3105267976022,-428.2572529408106,32.625566192904365,-92.56249749107918,-0.7359176123928837,-55.13560825225081,1200.1817119542886,199.81610118917462,146.69464139887458,-612.3020911358402,-429.8474377753984,31.453485373341316,-92.44541854982569,-0.8334266469932515,-54.93138203908492
138,-54.293577981651374,1201.9450473175243,198.24102825772826,147.85327187888768,-610.9531708478994,-433.5928261392353,32.16016224172938,-92.44791656628215,-0.7055498498409054,-54.56930248276126,1199.1203822906982,201.93781050905613,146.38845795858435,-609.7349708294756,-431.8746672945413,33.674573815968856,-92.64418853337303,-0.6730132112686774,-54.80141191022888,1200.2223039585037,199.82926235242223,146.71267803067596,-609.4987049427218,-433.80173999077675,31.92169610724657,-92.48233359147629,-0.7876810948043507,-54.56400825284758
139,-53.88990825688073,1201.9525249320131,198.21702492189945,147.8941574279641,-608.0992830228163,-437.523709962258,32.62601002815391,-92.48296689485834,-0.663691251992522,-54.19976476685277,1199.1880603000232,201.94380896304835,146.40255919098465,-607.01549047259,-435.68321664317887,34.00576600387088,-92.67019571853297,-0.6255180878955565,-54.44631660238421,1200.313769239131,199.8414272699241,146.72812305654463,-606.7185494463104,-437.60245073282323,32.58798789474165,-92.53470118213575,-0.7224980616048486,-54.20866087156837
140,-53.486238532110086,1201.9594020745512,198.19337795648437,147.9339853181389,-605.2155691465944,-441.445012568027,33.06295341043922,-92.5158193899795,-0.6217749933702817,-53.82953676834042,1199.3032123305711,201.9795325113339,146.42779369283144,-604.2296323388466,-439.62427375259443,34.238875992090485,-92.6876667800277,-0.5815409753291129,-54.08162339641609,1200.3690400651599,199.85449806830164,146.74433411836452,-603.969990404769,-441.3821034145256,32.950353790544355,-92.56325916010951,-0.6727660546354841,-53.85464476587767
141,-53.08256880733945,1201.9656649633207,198.1700992234487,147.97270667177725,-602.3018599515822,-445.35682040706814,33.47030745813524,-92.54642143571444,-0.5798695491252269,-53.45858322641307,1199.3096652484483,201.97824133231487,146.42699058407487,-601.167746094175,-443.8082824241618,34.35375441995213,-92.69643255077307,-0.5592398681949013,-53.68634695867326,1200.4122032060475,199.8654917971745,146.75227946608143,-601.0580465036747,-445.3272729120081,33.306761549139345,-92.59091282356182,-0.6293548100754476,-53.48305600712464
142,-52.678899082568805,1201.9712998165035,198.14720058475586,148.01027261124432,-599.3579791811749,-449.259209945904,33.8474035499528,-92.57472165384533,-0.5380448555020544,-53.08686875688632,1199.3256237664214,201.99546793630202,146.4328004302565,-598.1526903475904,-447.85171762952183,34.759680241734124,-92.72813536707943,-0.5293583021869159,-53.3031050585015,1200.4644088487432,199.8792566115494,146.7681769164587,-598.226931037942,-449.10517742891153,33.797097103636105,-92.62931987576209,-0.582658468727036,-53.125468032695196
143,-52.27522935779816,1201.9762928522828,198.12469390237015,148.04663425890482,-596.3837434306207,-453.1522474151215,34.19358975809212,-92.6006699349865,-0.4963723102462012,-52.71435787157324,1199.4225007278237,201.99430967342676,146.45528855002465,-595.525343219844,-451.42610797153947,34.727297542579585,-92.72703514381841,-0.4582373876859882,-52.96779118868171,1200.5345033172207,199.89889467708997,146.78153271787303,-595.3665382829485,-452.8286865264974,34.63750595548716,-92.69457360208499,-0.5362693412559706,-52.770377701025474
144,-51.871559633027516,1201.9806302888387,198.10259103825638,148.081742737124,-593.3789619872055,-457.03598855850805,34.50823124203464,-92.62421747062494,-0.4549247730748083,-52.34101499884469,1199.4288594494287,202.01860661407855,146.4551103563645,-592.3385117621905,-455.57971984805357,35.11886341280323,-92.75637819694316,-0.44350129884895007,-52.569745451540825,1200.5574052293491,199.90551707441523,146.78582921618985,-592.2873453675637,-456.8295605509769,35.006696665396404,-92.72317622031369,-0.5089211510433479,-52.386045727470595
145,-51.46788990825688,1201.984298344354,198.08090385437822,148.11554916826665,-590.3434366703679,-460.91047838337926,34.79071065214351,-92.64531678611154,-0.4137765661771615,-51.966804505378136,1199.501211543077,202.03933511122557,146.47287235797668,-589.453804887893,-459.35357440266654,35.35657020079572,-92.77518463944388,-0.3935006801221527,-52.210476724301095,1200.5830085160137,199.91397077180443,146.79561392356754,-589.3111629304475,-460.6951991888658,35.04614942938779,-92.72642395626895,-0.4669052292262118,-52.016048784058334
146,-51.064220183486235,1201.987283237011,198.0596442127008,148.14800467469755,-587.2769616723116,-464.7757509122682,35.040428543426245,-92.66392177463388,-0.3730034747073852,-51.59169071908825,1199.5641644073612,202.0509840205749,146.48845374460944,-586.6479061708236,-462.9617732357359,35.59973892043503,-92.79497871619269,-0.3353675392878345,-51.86482493962736,1200.635877782082,199.91611145887003,146.81325074876483,-586.3101043625106,-464.49606577734187,35.45204546599552,-92.75822345070506,-0.42526084240780343,-51.64908695139987
147,-50.66055045871559,1201.9895711849913,198.03882397518754,148.17906037878228,-584.1793233996943,-468.63182893611514,35.256803799808964,-92.67998773219556,-0.33268274723055963,-51.215637953232296,1199.5832866293722,202.05210936581426,146.49552962845132,-583.5288663179246,-466.9099526699494,35.744087903155965,-92.8068877322014,-0.29848643089915633,-51.481992849414844,1200.666969477766,199.9227471031254,146.82709127636346,-583.2199443461446,-468.37678260701034,35.79903909541199,-92.78559974379684,-0.3868049031104078,-51.272233588219585
148,-50.25688073394495,1201.9911484064771,198.01845500380296,148.2086674028855,-581.0503003169928,-472.4787237691299,35.439274069273786,-92.6934713936312,-0.2928930960814872,-50.83861053167954,1199.577118119649,202.050848582546,146.4906431853059,-580.302005526264,-470.89629919721693,35.92124776230292,-92.82064392715057,-0.27732292723326796,-51.09110947810272,1200.6863091861123,199.9234438786866,146.8355981440477,-580.0907321301819,-472.28225290492855,35.82151029134615,-92.78740135184961,-0.3493879814189716,-50.89244304636295
149,-49.85321100917431,1201.9920011196505,197.9985491605113,148.23677686937228,-577.8896627921664,-476.31643500549944,35.58729621021579,-92.70433096967867,-0.2537146975933619,-50.4605728153327,1199.5948076031814,202.07170236195452,146.498997939982,-577.1312967457231,-474.76990620538913,36.34731815338871,-92.85399717086237,-0.2419996543920408,-50.71136537229556,1200.730261010572,199.9304849995949,146.8518431441339,-577.035705751303,-476.0358739874867,36.127006206712174,-92.81134603227444,-0.30051637319556024,-50.526149827223435
150,-49.449541284403665,1201.992115542692,197.9791183072765,148.26333990060763,-574.6971729452641,-480.1449502781231,35.700346749370276,-92.71252618513377,-0.21522919215173683,-50.08148922968531,1199.688249786262,202.06291465197785,146.5172109714027,-574.2056583519043,-478.411255340451,36.05035589576198,-92.83168093232429,-0.18700658491053943,-50.356882955956266,1200.7524270351678,199.93392282265535,146.8594408621368,-573.7606802680419,-479.9819393165404,36.36275692704768,-92.82956518797609,-0.26963685512376057,-50.13638554737186
151,-49.04587155963302,1201.991477893785,197.96017430606236,148.28830761895628,-571.4725845006219,-483.9642450195577,35.77792235166418,-92.71801831810716,-0.17751968402689633,-49.70132429349677,1199.6935616541548,202.0707355656773,146.51973440715452,-570.9928827077214,-482.2278385969918,36.37254853764871,-92.85713836922409,-0.15030913253091854,-49.97794587321672,1200.7664471841153,199.93713364907921,146.86855620766136,-570.5789473319531,-483.80494283700784,36.2746992603145,-92.82306975501854,-0.23448502452218845,-49.75827567606386
152,-48.642201834862384,1201.9900743911135,197.94172901883408,148.31163114678398,-568.2156426433537,-487.77428222538856,35.819540302345004,-92.72077024040217,-0.14067074093638962,-49.32004264856413,1199.7199745327712,202.05169489995842,146.52130431552942,-567.6808144243868,-486.1878904465896,36.05735518885258,-92.83305142903087,-0.12247056043452396,-49.58352787088408,1200.7900121353118,199.94057079988426,146.8775280189631,-567.3002274812751,-487.6487472820147,36.563922977523944,-92.84568373426976,-0.2005252777208211,-49.37449427410998
153,-48.23853211009174,1201.9878912528552,197.92379430755528,148.33326160645464,-564.926083880808,-491.57501222020846,35.824739001732894,-92.72074645903128,-0.10476839328682494,-48.937609090564536,1199.7429356903701,202.053143689256,146.52933006496383,-564.4717717335378,-489.9359361801087,36.15014687675649,-92.84078343158508,-0.0839432611013909,-49.208519957149704,1200.8219848204085,199.94466408349274,146.88797643977566,-564.0449351931916,-491.4268230498965,36.75685621832499,-92.86088653043909,-0.16184477173119147,-48.99588052858473
154,-47.834862385321095,1201.9849146971947,197.9063820341919,148.353150120334,-561.6036359097578,-495.3663724264627,35.79307847295229,-92.71791315888336,-0.06990013304224074,-48.55398860094162,1199.744425521677,202.06751087815567,146.53034634520822,-561.0556132747416,-493.84029980678815,36.413147640742864,-92.86073186755877,-0.06036590428502935,-48.814041436835026,1200.8239979093064,199.9452844776584,146.88870792497994,-560.5906040620804,-495.3903754706616,36.67791596331387,-92.8547458263463,-0.13492342729128037,-48.59526659533195
155,-47.43119266055046,1201.9811309423135,197.88950406070535,148.37124781078705,-558.2480174900267,-499.14828713634427,35.724140882977586,-92.71223824655588,-0.03615491216488334,-48.16914637980268,1199.782458143879,202.0684757138025,146.53721877919259,-557.6692787023056,-497.72116834931353,36.307218500807956,-92.85209165800337,-0.030531209200499274,-48.42218962305147,1200.8275998425663,199.94350108678634,146.88908920465664,-557.1223925733046,-499.3256797416721,36.49126390046194,-92.84013219372441,-0.10668642293856508,-48.19602004036956
156,-47.027522935779814,1201.976526323485,197.8731721675074,148.3875061213044,-554.8589397031529,-502.92066502878765,35.61753649859741,-92.70369181014854,-0.0036229032452494486,-47.7830480965082,1199.7863789088426,202.07875315835975,146.539383694771,-554.1761771220982,-501.6235230183081,36.44296825168529,-92.86240392121432,-0.007604018275483561,-48.023480253012636,1200.855237469024,199.9512290680227,146.90229368398826,-553.8647942560991,-502.9751399003772,36.57345116117879,-92.84690475234427,-0.06798853698235112,-47.82487926943044
157,-46.62385321100917,1201.9710973774972,197.85739102949827,148.40190447347854,-551.4362257888628,-506.683205790401,35.473369277340844,-92.69228174666404,0.02762520180105114,-47.39567859696398,1199.8258402561767,202.07919066356726,146.54519124728952,-550.7350545470276,-505.46584952858035,36.26170605686079,-92.8480249996662,0.02423909807728083,-47.63087793220832,1200.8673183612414,199.95315729107676,146.9072933347195,-550.4060160056326,-506.7892600338438,36.539924780738566,-92.84446897110149,-0.03558389972931574,-47.43321420573531
158,-46.220183486238525,1201.9648586145458,197.84215280284127,148.4144715817395,-547.9799106071027,-510.4352584421796,35.2925854663461,-92.67808043660169,0.05755556697839735,-47.00705636301266,1199.8564693548503,202.06528340240027,146.54846669071662,-547.2962440868798,-509.23693929508886,36.1042688700324,-92.83641362881237,0.054305596872658735,-47.24166813325201,1200.9002512770714,199.95260024926836,146.9195992411943,-547.13454406192,-510.4084062802852,36.17302728041124,-92.81642148426785,-0.0015951987181268025,-47.062561520536306
159,-45.81651376146789,1201.9578263743656,197.8274483693965,148.42524117811135,-544.4900559494006,-514.1761381330339,35.07621878865769,-92.66116699044998,0.08613951615529336,-46.617203662836204,1199.850174725736,202.04112739469076,146.54811784721443,-543.6548301941258,-513.1757543973342,35.731221088668235,-92.80818191875765,0.06984533481578889,-46.829994472227604,1200.9369152405875,199.95339154081034,146.93033817220797,-543.7958574021503,-514.0481648744272,35.848859761179355,-92.79159176533156,0.030431339825242917,-46.68719185115298
160,-45.41284403669724,1201.9500169966923,197.8132686110248,148.43424699461767,-540.9667296107879,-517.9051620463867,34.8253050981793,-92.64162071610107,0.11334989264923935,-46.22614315572748,1199.9139215610157,202.04708415816322,146.55503465175877,-540.1869625930464,-516.9016259271104,35.54725962316284,-92.79304000500521,0.1020863735590204,-46.443380445241964,1200.9639113552553,199.9497387784096,146.93605363713007,-540.3855682179022,-517.7284649750337,35.291905879693765,-92.74861742928744,0.05614013828326636,-46.30512011122837
161,-45.0091743119266,1201.9414468212606,197.79960440958723,148.4415227632823,-537.4100057567869,-521.6216497904765,34.540882046836366,-92.61952109062626,0.13916108188651705,-45.83389788059968,1199.9474928217746,202.03491635669832,146.56003036636525,-536.6413685465094,-520.654129192644,35.17947360529234,-92.76470346516709,0.1311439540104377,-46.04908218252236,1200.9917093593167,199.9524928476392,146.9450797771807,-536.8321728178491,-521.4189561779871,35.50624946668297,-92.76546018005664,0.08565080431866211,-45.91553623925028
162,-44.60550458715596,1201.932132187807,197.78644664694332,148.44710221612908,-533.8199652745543,-525.3249237817801,34.22398874273977,-92.5949477313235,0.16354903316603836,-45.440491243664326,1200.0245095271819,202.00229621590995,146.5653151957851,-533.1505362579042,-524.3619946283885,34.29948739281027,-92.69649852528731,0.16046730725186634,-45.65892474529142,1201.0091988361035,199.94796078682475,146.94650285922575,-533.2767456149228,-525.1409810452993,34.9330656694251,-92.72103949200562,0.10634889211484412,-45.522862223794284
163,-44.20183486238531,1201.9220894360633,197.7737862049544,148.45101908518174,-530.1966961080693,-529.0143096213657,33.87566539950368,-92.56798036605639,0.18649128050430644,-45.04594700531101,1200.0315914336345,202.00725803672503,146.56879289795728,-529.5222815116576,-528.042637388295,34.389075236905825,-92.70360061985619,0.18708478458273753,-45.26551870321322,1201.0220309131382,199.94841630112575,146.9481092549172,-529.587700964253,-528.8874536061354,34.85901441776898,-92.71522529477025,0.1283547423509381,-45.12215150205886
164,-43.798165137614674,1201.9113349057675,197.7616139654807,148.45330710246424,-526.5402935772951,-532.6891364640059,33.496952976894406,-92.53869880290786,0.20796696253734212,-44.650289266224874,1200.0893435634164,201.99357607752663,146.57029020138083,-525.8932778110728,-531.7483016656448,33.82582580881531,-92.65949179827051,0.20887071037622368,-44.869060094140764,1201.038121551407,199.94592933540963,146.95005079743422,-525.9819977816971,-532.5414091173001,34.41366937557855,-92.68082425257658,0.14862897506882985,-44.73039583388097
165,-43.39449541284404,1201.8998849366535,197.7499208103834,148.45400000000012,-522.8508606812229,-536.3487373798777,33.088892813004755,-92.5071828991707,0.22795684145777023,-44.25354245277876,1200.1312020299283,201.9800598184795,146.57520237128992,-522.2623513137444,-535.3906901995714,33.39117189287323,-92.62584299481041,0.23396659550702728,-44.47604493718994,1201.0413411236043,199.94016291039213,146.94722399009498,-522.3298170769942,-536.2217694032372,33.59617015214174,-92.61738516843623,0.16266443583793674,-44.334026603112335
166,-42.990825688073386,1201.8877558684562,197.738697621521,148.45313150981306,-519.1285083847399,-539.9924497086727,32.65252624817429,-92.47351252970209,0.24644332096472507,-43.85573130174011,1200.155534536646,201.96836450567207,146.57157834878996,-518.4457293252251,-539.1493202072861,33.00615399442615,-92.59556840929294,0.24622857674947665,-44.06599194792849,1201.0423428270497,199.93847997825344,146.94710422910683,-518.5869573422525,-539.8825477380659,33.293141457731195,-92.59392855543065,0.17901424803632876,-43.93416519306402
167,-42.58715596330275,1201.8749640409105,197.72793528075687,148.4507353639273,-515.3733558892706,-543.6196154059702,32.18889424089223,-92.43776755466762,0.26341046320563477,-43.456880844334904,1200.1754777145447,201.95050446568317,146.57464620181017,-514.6917471286499,-542.798219869943,32.59567160176072,-92.56409127088072,0.2625571465070026,-43.66491719491135,1201.074642673355,199.93845387627252,146.95046020576027,-514.8381597832952,-543.4978635884341,33.187773046005994,-92.58568837135769,0.20729839919448673,-43.53784385084873
168,-42.18348623853211,1201.861525793753,197.71762466994932,148.44684529436648,-511.5855308871406,-547.2295813816997,31.69903697593943,-92.4000277867043,0.2788440046897705,-43.0570163897104,1200.1816051781784,201.9336573610534,146.57407240623624,-510.82192560932896,-546.4991901074706,32.16779695799622,-92.53102064418177,0.2713427974181837,-43.2541498047636,1201.0765770488265,199.9326232500183,146.94771932625082,-511.1494754693837,-547.0654947395506,32.33356510227894,-92.51939403681153,0.21731689781260824,-43.14523992377531
169,-41.77981651376146,1201.847457466717,197.70775667095972,148.44149503315418,-507.7651697996447,-550.8216998305484,31.183993465048182,-92.360372957532,0.292731371154108,-42.65616350784447,1200.2072001205634,201.92136477773101,146.57425696863797,-507.0056035013762,-550.0990193900244,31.81888108251974,-92.50382303143994,0.287316625878919,-42.852790652915125,1201.052729344634,199.9307293266147,146.9447673853575,-507.1861718465738,-550.7823233063257,31.86716046649033,-92.48359055638787,0.22759916592536047,-42.72907226159018
170,-41.37614678899082,1201.8327753995388,197.6983221656492,148.4347183123143,-503.9124179987994,-554.3953285541692,30.644801140372735,-92.31888268404491,0.3050616913635,-42.25434801194597,1200.2071115523297,201.9126413470917,146.5744483204966,-503.10450722548967,-553.711786428629,31.57942645629676,-92.48547246993952,0.3029531174694783,-42.44590737148157,1201.06289191939,199.92642103248116,146.94440114839696,-503.3509567053832,-554.3524133765059,31.343592575871835,-92.44290561390447,0.24471410255129777,-42.32902953446045
171,-40.972477064220186,1201.817495931953,197.68931203587715,148.4265488638707,-500.0274300127712,-557.9498312750424,30.082495441081132,-92.27563643391585,0.315825809828035,-41.851595940396,1200.2399997933921,201.8913713840112,146.57500426265307,-499.23966353693703,-557.2732575263788,31.027563802990034,-92.44259901361279,0.31579823453924805,-42.042920066674206,1201.0741092545363,199.92249520840187,146.94215612841083,-499.56312893407755,-557.8401613875322,30.750564958461926,-92.3967048433338,0.25693558711268666,-41.93584520019727
172,-40.568807339449535,1201.8016354036945,197.68071716350494,148.417020419847,-496.1103697150025,-561.4845779418648,29.498109393398316,-92.23071349074718,0.32501629842109475,-41.447933538279564,1200.2789153577623,201.86860922380447,146.57182189017476,-495.31348577695906,-560.854984293835,30.287048289006147,-92.38473172838586,0.3223127891695961,-41.63485746414943,1201.0735107216574,199.92040204960682,146.9431427198987,-495.58750296129506,-561.41718943458,30.337995791038555,-92.36494738846852,0.2730649396398565,-41.527146416003546
173,-40.1651376146789,1201.7852101544986,197.67252843039313,148.40616671226718,-492.1614104970521,-564.998945026338,28.89267318444273,-92.18419291880348,0.33262746688444633,-41.04338723855799,1200.3183849089746,201.82779262754946,146.5669343139985,-491.4183655491036,-564.3870440588296,29.24455342822905,-92.3037890819632,0.32317183400607863,-41.22967289249792,1201.0653977926,199.9142028376019,146.93732050336857,-491.6810207072254,-564.9132618834706,29.606039214328675,-92.30798014131379,0.27744534592740105,-41.12595927462881
174,-39.761467889908246,1201.7682365241012,197.66473671840174,148.394021473155,-488.1807354251862,-568.4923158112331,28.267213730215023,-92.13615352736304,0.33865537220561154,-40.63798364293467,1200.3161492283816,201.81338691798481,146.56337733088958,-487.38443301114233,-567.9232302727004,28.8682852457914,-92.27470997721548,0.3279569484222988,-40.81838896300171,1201.0799153599428,199.9082426386941,146.9357370080719,-487.7382356417789,-568.3888116135464,28.959501953378886,-92.25771447150505,0.2937323855379516,-40.7247054288548
175,-39.35779816513761,1201.7507308522358,197.65733290939158,148.38061843453409,-484.16853738078527,-571.9640806696325,27.622754238112016,-92.08667383472347,0.3430978268564958,-40.23174950246722,1200.3926917798262,201.78855107042727,146.5567676773267,-483.4887701578899,-571.3780829409187,27.771727859951135,-92.1885700603252,0.340139561678572,-40.41891975684973,1201.071289656465,199.90294926774754,146.9329676223703,-483.808343765277,-571.8120161138311,28.15618046027178,-92.19563638628382,0.2947652513316995,-40.32542576822282
176,-38.95412844036697,1201.7327094786378,197.6503078852238,148.36599132842835,-480.12501918461595,-575.4136373352321,26.960313764350534,-92.03583203190222,0.34595440588167425,-39.824711697979104,1200.397155284534,201.7401745128947,146.55148349205592,-479.4866816251042,-574.8385726425219,26.70240479025055,-92.10620969386031,0.3358276176473506,-40.01010349680504,1201.0434678986142,199.90072496611157,146.9305340927963,-479.6958360737934,-575.2917066171522,27.77004666486416,-92.16587176559747,0.29928721465408253,-39.91270397116635
177,-38.55045871559632,1201.714188743044,197.64365252775735,148.35017388686154,-476.0503937050658,-578.840391163622,26.280906766700234,-91.98370594606791,0.3472264528276961,-39.41689722032571,1200.3728221237252,201.70928914785355,146.54399601917453,-475.37644291886767,-578.2908054877665,26.16565238675447,-92.06524037207247,0.32979969663840475,-39.59695516763573,1201.041698132907,199.89609411087508,146.92969370840257,-475.6342337952144,-578.721139195415,26.972381529839772,-92.10424749795074,0.3073525530785933,-39.50574163311333
178,-38.146788990825684,1201.6951849851876,197.6373577188541,148.33319984185766,-471.9448839504262,-582.2437553844508,25.585542652934052,-91.93037300374473,0.34691708450493475,-39.00833315056971,1200.391600543942,201.70553952133793,146.5454866640179,-471.3975734760935,-581.5762009210487,25.992837090900128,-92.0518048171004,0.34965771493109493,-39.2030533827354,1201.0305525894669,199.8933638658649,146.92765217586654,-471.5395816024391,-582.1317451223301,26.15054599900372,-92.0404917959815,0.3052402658769559,-39.09670638095392
179,-37.74311926605505,1201.6757145448046,197.63141434037482,148.31510292544021,-467.8087231453429,-585.6231513444052,24.875225325416142,-91.87591019382768,0.345031194576157,-38.5990466401203,1200.3571912829652,201.66556093295307,146.53543007374935,-467.24942064136627,-584.9802783889359,25.252735842096158,-91.99494444363377,0.3351526892193753,-38.78893875930851,1201.0526326470651,199.89635033009353,146.92041503578378,-467.4621599834542,-585.4915765418816,25.52958393895585,-91.99177000655725,0.31500787394384155,-38.69379162969119
180,-37.339449541284395,1201.6557937616287,197.62581327417902,148.295916869633,-463.64215479155285,-588.9780087409333,24.15095272225864,-91.82039403045086,0.34157545596639083,-38.18906489089195,1200.3580485595833,201.6483721172746,146.53042000749213,-463.07744208072074,-588.3358302812492,24.775681729235032,-91.95774024140837,0.3386319518280461,-38.378131321903474,1201.0448493911406,199.88760641470233,146.91611960448685,-463.35486019011546,-588.8062600458074,24.76580644618488,-91.93234945458913,0.31644686789540916,-38.289229927514825
181,-36.93577981651376,1201.6354389753965,197.62054540212773,148.27567540645987,-459.4454327130587,-592.3077658466535,23.413716355484063,-91.76390051574836,0.3365583220912432,-37.7784151355384,1200.3556471658947,201.60740795671666,146.5197309123465,-458.83700550456524,-591.728390228618,23.765475903833565,-91.87914366349158,0.3287278517450598,-37.958856867280836,1201.0268019656285,199.89242407396233,146.906431337474,-459.2110791703111,-592.1091448605714,24.127259312534274,-91.88271176081234,0.3138091765567417,-37.88376394235617
182,-36.53211009174312,1201.6146665258434,197.61560160608173,148.2544122679448,-455.21882108588574,-595.6118697244036,22.664500846641143,-91.70650510254947,0.32999002690172025,-37.36712461781574,1200.3807651706425,201.5554759295524,146.50731534627621,-454.742159697605,-595.007664902134,22.29110290848016,-91.76473316960382,0.3207885659417086,-37.55339578260293,1201.0348489160565,199.89317326981524,146.90303297049957,-455.02760602343676,-595.3710277156144,23.787497663049603,-91.85611429574602,0.32563752754958997,-37.47923864201643
183,-36.12844036697247,1201.5934927527028,197.61097276790127,148.2321611861113,-450.9625944526074,-598.8897764328896,21.904283460327093,-91.64828265704945,0.3218825837451944,-36.95522057313048,1200.358125878564,201.55180447784602,146.49831899663536,-450.360899864319,-598.3629859134082,22.008547721280944,-91.74189010820592,0.318187356133679,-37.130448816623414,1201.0066613615795,199.88430618176022,146.8960710873766,-450.7936347983786,-598.647381858872,22.817843841122183,-91.78089887827163,0.31624827065847755,-37.06748100462903
184,-35.72477064220183,1201.5719339957113,197.60664976944656,148.20895589298325,-446.67703772181517,-602.1409512229097,21.134033636077525,-91.58930742149569,0.31224978304413364,-36.54273020932622,1200.3659973006747,201.50569990817684,146.48822056737387,-446.16787412559387,-601.5978260202369,20.78644906669639,-91.64749104124577,0.3065745596190504,-36.72144307757267,1200.9998574817937,199.8869647472813,146.88041450203843,-446.60071875773076,-601.8845004248117,21.68865306379889,-91.69285331365307,0.307968888983989,-36.66174031402562
185,-35.321100917431195,1201.5500065946026,197.60262349257897,148.1848301205845,-442.36244615274296,-605.3648687241339,20.354712519087624,-91.5296529769318,0.3011071887954942,-36.12968068776243,1200.346469285815,201.48920605388,146.48617941499347,-441.8813421265479,-604.7565035817656,20.73341606256896,-91.64379793378113,0.30641881187154585,-36.31335022636419,1200.9782651854794,199.88386368531923,146.87559860261055,-442.2956056777763,-605.1022414604213,21.169375161758957,-91.65257415316275,0.2999542546922318,-36.249941811379074
186,-34.917431192660544,1201.5277268891134,197.59888481915948,148.15981760093877,-438.0191253252612,-608.5610131224278,19.567272490235517,-91.46939220603917,0.2884721338950506,-35.71609910473828,1200.3327030846576,201.45945372198247,146.4736401052167,-437.47065946424556,-608.0285512901486,19.897894482539623,-91.57859122724254,0.29653499596820965,-35.8904329150932,1200.9514235644679,199.86544611478797,146.87592097568293,-437.91929870411803,-608.3330095057711,20.115129752589123,-91.57143452429604,0.2850482813214041,-35.830758920549705
187,-34.51376146788991,1201.5051112189778,197.595424631046,148.13395206607012,-433.6473910954787,-611.7288783277348,18.772656695880425,-91.40859725611617,0.2743637142928847,-35.302012473312686,1200.3320059765676,201.4246844877964,146.46526365025878,-433.18329635949635,-611.1631577509023,18.902155806209706,-91.50134218107735,0.2813891974487497,-35.480701750994996,1200.9281275599174,199.86634822109028,146.86147467669178,-433.5777744968402,-611.5157747942584,19.253430649526045,-91.5043110938295,0.26500060497774225,-35.417960847620556
188,-34.110091743119256,1201.4821759239303,197.59223381010224,148.1072672480018,-429.2475695371927,-614.8679681325203,17.97179857791154,-91.3473395022359,0.2588027819877942,-34.887447705571766,1200.2938869068112,201.40037486644877,146.45525227178248,-428.71735148775775,-614.3344255256385,18.34766851877389,-91.45828989002274,0.2605680992765013,-35.05913824104516,1200.9031331906706,199.85427747210156,146.8581527794071,-429.17592247151015,-614.6722061198675,18.21594915076126,-91.42414302830423,0.2502102392556362,-35.001852859273214
189,-33.70642201834862,1201.458937343707,197.58930323818566,148.079796878758,-424.819996869462,-617.9777963608068,17.165621404526004,-91.28568951062051,0.24181193686906818,-34.472431595392244,1200.2972393878158,201.36430413526955,146.44963517255655,-424.4230312663917,-617.3631042451855,17.45379419577712,-91.38998340874308,0.2506995043421846,-34.65426710115806,1200.8835114599171,199.84776765383072,146.85050619806734,-424.7819061648398,-617.7881054210866,17.14822315054544,-91.34158668962144,0.23271143471327052,-34.58809470646677
190,-33.30275229357798,1201.4354118180431,197.5866237971597,148.05157469036243,-420.36501937057295,-621.0578870078394,16.355037802213037,-91.2237170022708,0.22341551741704116,-34.05699080174903,1200.2804234524367,201.33359459646994,146.43878099637587,-419.94345438176913,-620.4642666721937,16.609615351916176,-91.3246067155722,0.23181236537433628,-34.23433855833041,1200.8642740059454,199.85019407178194,146.83972601121013,-420.32312046956906,-620.8760082552396,16.820806867768752,-91.31559795989729,0.2190783666888002,-34.173075318502306
191,-32.89908256880733,1201.4116156866733,197.5841863688837,148.0226344148389,-415.88299327869714,-624.1077743704194,15.54094928942433,-91.16149081688977,0.20363959027377462,-33.64115183261254,1200.2644468667186,201.30084517496465,146.4209532856932,-415.3507102238823,-623.6071806597038,15.65581739164126,-91.25047263446825,0.20596171460614382,-33.80584526925472,1200.8331921542278,199.84348239346468,146.82496743007533,-415.88332885736514,-623.9255975664472,15.743460852160933,-91.23158162718065,0.18890915377750334,-33.75894296847854
192,-32.49541284403669,1201.3875652893332,197.5819818352183,147.9930097842111,-411.3742846795512,-627.1270031679726,14.724245812407556,-91.09907887713581,0.18251193869749083,-33.22494102948101,1200.2469888338287,201.26906106470534,146.4078454881305,-410.8288800264747,-626.6336765396147,14.890765475705228,-91.19143322349316,0.18442033761085205,-33.38695556511946,1200.8287932831183,199.84429787981628,146.81603727701884,-411.4764124106504,-626.8978847903282,15.05689341616404,-91.17809076196143,0.18070569920675755,-33.35226072880888
193,-32.091743119266056,1201.3632769657556,197.58000107802337,147.96273453050293,-406.8392693813739,-630.1151286544148,13.90580528367938,-91.0365481532426,0.16006204991563136,-32.80838455258941,1200.2269070278735,201.2368591932213,146.39281581323348,-406.29381023632874,-629.6281163978139,13.923390158583533,-91.11686545829028,0.15545096882983145,-32.96811211670195,1200.773596211619,199.83261442575204,146.8071044982434,-406.87509976898133,-629.9091742359876,14.226229859246441,-91.11374787107654,0.1484804251554164,-32.92862097556681
194,-31.688073394495405,1201.338767055679,197.5782349791611,147.93184238573798,-402.2783327775682,-633.0717167209019,13.086493123612058,-90.9739646280396,0.13632110139258335,-32.3915083668361,1200.2003826196278,201.22056911314337,146.37916319377794,-401.6715416608803,-632.6239936509508,13.271680809812775,-91.06634261397485,0.1332446633072434,-32.54483663679936,1200.7579371618458,199.8351051072154,146.79533496130205,-402.2781577665408,-632.9204414010103,13.398477517008681,-91.04938581743939,0.12767317345095344,-32.507585669864156
195,-31.284403669724767,1201.3140518988357,197.57667442048967,147.9003670819404,-397.6918696973492,-635.9963439895379,12.267161805602903,-90.91139326240805,0.11132194602936268,-31.974338228465502,1200.1942129770187,201.197255052056,146.3623335307989,-396.97281873169857,-635.6498161492366,12.310160772641884,-90.99117273987471,0.10813560980512613,-32.11534554059552,1200.738829169372,199.83378254740126,146.7804131067401,-397.82530510564834,-635.7768674090482,12.557565577685338,-90.98343415047752,0.10540297435808492,-32.10194139654866
196,-30.88073394495413,1201.2891478349625,197.57531028387166,147.86834235113372,-393.08028424477277,-638.8885978981624,11.448650405293822,-90.84889796120494,0.08509909631400665,-31.556899672542993,1200.1620519206458,201.19311337872875,146.35580965370815,-392.3323650194717,-638.5856282111525,11.567958894143255,-90.9328758312522,0.07408057961844186,-31.693338807283435,1200.7228602231808,199.82286274602524,146.7757665198767,-393.26296429251465,-638.6414962226131,11.768674730854057,-90.92228197288041,0.08741878546099419,-31.688476783299365
197,-30.47706422018348,1201.2640712037937,197.57413345116694,147.83580192534174,-388.4439896265138,-641.7480767763161,10.631784154301933,-90.78654153968562,0.05768870744238302,-31.139218001255742,1200.1616677646018,201.16744916266194,146.3485083064923,-387.93505541793894,-641.3457845304907,10.408805838520658,-90.84242520112458,0.05911021029480363,-31.29270038072329,1200.6960244917514,199.81501161366685,146.77132515542567,-388.59749569035694,-641.5140205733891,11.106316188303417,-90.87111657999408,0.06483684356589406,-31.267812228431623
198,-30.073394495412842,1201.2388383450652,197.57313480423545,147.80277953658828,-383.7834079687958,-644.5743899125088,9.817373998917073,-90.72438569045717,0.029128559430178107,-30.721318273071173,1200.1669387729064,201.1273138726851,146.33493615674487,-383.345385869057,-644.1993028911374,8.798782026954795,-90.7174562007234,0.007955834155099192,-30.875330674765383,1200.67972689828,199.8081484046386,146.75921473600854,-383.97097647078385,-644.328232987588,10.007963832395156,-90.78611278398235,0.03739341596303711,-30.852205351583812
199,-29.66972477064219,1201.2134655985103,197.57230522493916,147.76930891689707,-379.09897012386296,-647.367157612929,9.00621616421542,-90.6624909509898,-0.0005419617617361903,-30.303225292781942,1200.1490301066378,201.11769758738032,146.3324712633356,-378.76140866737217,-646.9113133642162,8.615885598103144,-90.70369119399558,0.000911917574239038,-30.46724101759411,1200.6612694368264,199.8039647377266,146.75488638907493,-379.3243731844945,-647.0709115013775,9.750124316597006,-90.76627139038203,0.02698360674055171,-30.43866775916694
200,-29.266055045871553,1201.1879693038652,197.57163559513702,147.73542379829186,-374.3911154664267,-650.126011251727,8.199091724031534,-90.60091667171535,-0.03128188406589764,-29.884963602463753,1200.1563821873815,201.07975942347267,146.3178288868707,-374.3354675096224,-649.5483929029532,7.330896221500469,-90.60354093875829,-0.024067348279756477,-30.06970694875625,1200.6331341477025,199.79090483419745,146.73795209994958,-374.56939850885607,-649.8763711780368,8.2484080858525,-90.64978487806145,-0.022633421673973208,-30.013988329529724
201,-28.862385321100916,1201.1623658008652,197.57111679669012,147.70115791279673,-369.66029168049937,-652.8505933130353,7.396766177223376,-90.53972098473879,-0.06304867008698281,-29.46655747336971,1200.1391788571773,201.08233271573366,146.31178912772614,-369.52819589557373,-652.338532470512,6.9538816512223605,-90.57291790898,-0.0384985076624288,-29.643793440813937,1200.6038175504086,199.77957295885884,146.7305097930738,-369.75092134751446,-652.652951596301,7.383960455426114,-90.58284832681123,-0.05950732714119948,-29.58676717694238
202,-28.458715596330265,1201.1366714292467,197.5707397114597,147.66654499243535,-364.9069545370674,-655.5405574248865,6.599989030655609,-90.47896077318774,-0.0957982387957217,-29.04803089878218,1200.104699658049,201.04676998683865,146.29189865048494,-364.68975765148986,-655.1064972909562,5.738597295641012,-90.47851987587096,-0.09841006416710989,-29.21397016077573,1200.5813930147592,199.76550244446332,146.71648817547833,-364.99682461917956,-655.3462935638607,6.296020421747106,-90.4980454070995,-0.09771469803276142,-29.167349861927867
203,-28.055045871559628,1201.1109025287406,197.5704952213053,147.63161876923124,-360.13156766304735,-658.1955683851915,5.809493389319049,-90.41869164122467,-0.12948498811279527,-28.62940758784062,1200.0625117290656,201.0064689525752,146.2715981541162,-359.9458890160185,-657.7510542142971,4.61920150958289,-90.39193465412151,-0.15234419408264713,-28.794940577192442,1200.5388056079407,199.75417756904244,146.69770088417914,-360.227108948514,-657.9733282874067,5.316382414049799,-90.42201716293145,-0.1432065866664241,-28.748828967365593
204,-27.65137614678899,1201.0850754390854,197.57037420808828,147.59641297520832,-355.3346023019898,-660.8153021799852,5.025995553993164,-90.35896788474288,-0.16406181835630423,-28.2107109603602,1200.042621902664,200.99333195359685,146.26301695519138,-355.17752787699243,-660.3674624053997,4.08944433039427,-90.35041132766813,-0.1800147569189558,-28.37766548779213,1200.483994004156,199.73470775899239,146.68304520377896,-355.2107281750923,-660.6797502497682,4.478259115667626,-90.3570421830924,-0.19669884005832833,-28.31043182648537
205,-27.24770642201834,1201.0592065000171,197.57036755366917,147.5609613423907,-350.51653706700006,-663.3994459941008,4.250194626847209,-90.29984246276858,-0.19948015652624573,-27.791964142654244,1200.0334426630025,200.97388210358986,146.2512336713065,-350.36572980860643,-662.9462181644197,3.5702512526409333,-90.31026318476832,-0.20286153640145294,-27.959192796782485,1200.4214562962236,199.72214259174424,146.66768126523817,-350.2189691570839,-663.3202487502601,3.782534956393115,-90.3028840749337,-0.24960910854634238,-27.876339287478327
206,-26.844036697247702,1201.0333120512673,197.57046613990784,147.52529760280174,-345.6778576863623,-665.9476982144964,3.4827721253669384,-90.24136696958914,-0.2356899813979827,-27.37318996437025,1200.025576702354,200.94990605723882,146.23933720777384,-345.5861399035924,-665.4599007164562,3.2118432183603223,-90.28233060697276,-0.21610791295023243,-27.545095439048918,1200.3816585541792,199.7075690869024,146.6510965747665,-345.311192853746,-665.8779957306933,2.9184213764430975,-90.23561901228548,-0.2973060241064195,-27.451596638288112
207,-26.440366972477065,1201.0074084325743,197.57066084866526,147.48945548846555,-340.81905674234883,-668.4597684264396,2.7243916049818724,-90.18359160762387,-0.27263984939737945,-26.95441095634555,1199.9819938961878,200.91277646999484,146.21720874488642,-340.6138432191696,-668.0554809990925,1.9868095770383016,-90.18752680205131,-0.2851446976071692,-27.113052341213113,1200.354894905059,199.70678407904745,146.6395858670434,-340.52513316827833,-668.3291856524801,2.3884957222107,-90.194491408264,-0.3243346123601114,-27.039714267241997
208,-26.036697247706414,1200.9815119836708,197.57094256180162,147.45346873140574,-335.9406334037205,-670.9353774027528,1.975698290753391,-90.12656516105848,-0.3102769212287362,-26.535649349487006,1199.9285809486491,200.91006132224686,146.2015252439239,-335.4561776204395,-670.6577600568212,1.7443167723286104,-90.16814381029134,-0.3285455779115461,-26.670879307756383,1200.3460888099698,199.709244129606,146.62365136329788,-335.90394363381625,-670.6564291638265,1.7541735252138524,-90.14527837475885,-0.3453941573458029,-26.64392548967771
209,-25.633027522935777,1200.955639044293,197.5713021611781,147.41737106364607,-331.04309315242494,-673.374257086373,1.2373187184765884,-90.07033497025522,-0.3485469892266306,-26.116927074675623,1199.8506046844357,200.8891156544613,146.18079296001932,-330.3547650630332,-673.1743742510629,1.310551783752486,-90.13436857959111,-0.3872144458071569,-26.234050046608974,1200.2816795949143,199.68720037154247,146.6072038773202,-330.61762690383256,-673.2377352938184,0.9138511416863657,-90.08004590329982,-0.40836638656774765,-26.192127600370192
210,-25.22935779816514,1200.9298059541752,197.57173052865454,147.3811962172103,-326.12694750500094,-675.7761505664319,0.509860385530666,-90.01494690695732,-0.3873945054028504,-25.698265763693787,1199.8379017232623,200.89934986328734,146.17458175511499,-325.3517430273897,-675.6415238816969,1.16509144184556,-90.12188585848513,-0.4021522640457678,-25.807895119466412,1200.249329301114,199.68209848208843,146.58492188709454,-325.7573930202431,-675.6020651806053,-0.49919537423360605,-89.97059640698873,-0.4696011848833879,-25.777957648398118
211,-24.82568807339449,1200.9040290530552,197.5722185460925,147.34497792412262,-321.1927137292164,-678.1408120481228,-0.2060885881962891,-89.96044535029851,-0.4267626101585966,-25.279686751170566,1199.8378880424316,200.84995419478568,146.156320053171,-320.5402791998651,-677.9649979459866,-0.10389811320189885,-90.02393779455606,-0.451730055482378,-25.39643613316377,1200.2222130191237,199.6775202250044,146.5760329397331,-320.8256631279658,-677.9500475135056,-0.9475920776763882,-89.93574868281479,-0.5007545069546778,-25.359822068658083
212,-24.42201834862385,1200.8783246806634,197.57275709535125,147.30874991640601,-316.2409145564647,-680.4680068165786,-0.9099597890001192,-89.90687316363285,-0.46659316163228803,-24.861211077536794,1199.8370688123352,200.80594903267965,146.14249577132273,-315.73767912754494,-680.2319871917338,-1.1422265205645479,-89.94411091498189,-0.4931928545489594,-24.987792810622597,1200.176020193252,199.67802966367174,146.55810924278907,-315.84475217761,-680.273612707217,-1.9721379453518582,-89.85625810830989,-0.5582519082056041,-24.938608872498513
213,-24.0183486238532,1200.8527091767387,197.57333705829222,147.2725459260851,-311.27207789045286,-682.7575111950475,-1.6012048273703925,-89.8542716721955,-0.5068267656534532,-24.442859492980112,1199.8208073870078,200.7846204118083,146.1290326165701,-310.8218406088148,-682.5209146001358,-1.8472910132233906,-89.88886125910447,-0.528782016782882,-24.571758550958993,1200.1735732873303,199.6854457186063,146.5556743168273,-311.1085156573142,-682.4808924775094,-2.221951379539368,-89.83662332663259,-0.567891430299008,-24.5395353237755
214,-23.614678899082563,1200.8271988810152,197.57394931677544,147.2363996851833,-306.2867365127193,-685.0091124975926,-2.279295645040619,-89.802680641605,-0.5474028062722767,-24.024652462385557,1199.7651455509829,200.7572533033121,146.1043065724612,-305.57741487067574,-684.8765689458259,-2.5286269977896314,-89.83621601640297,-0.5867783796488908,-24.13168228717838,1200.1290428288205,199.67497274591068,146.5375482142648,-306.05092198011147,-684.7290716032261,-3.0047686744796662,-89.77599092232255,-0.6220188908555316,-24.115577380369434
215,-23.211009174311926,1200.8018101332268,197.57458475266168,147.20034492572438,-301.28542778552406,-687.2226089766158,-2.943724810806163,-89.75213825721845,-0.5882594768350429,-23.60661017124642,1199.7610146947932,200.73609924302065,146.09082026200682,-300.7174762322956,-687.052174066429,-3.471843289565771,-89.7628473150936,-0.6171686806928959,-23.72360171921956,1200.1239569033457,199.67200661440398,146.5225672782639,-301.2585481215547,-686.8344384064949,-3.4298786388788907,-89.74273068563635,-0.6405410052477756,-23.716030110206265
216,-22.807339449541274,1200.7765592731103,197.57523424781232,147.1644153797322,-296.2686933526599,-689.3978097654644,-3.594005804859514,-89.70268110434722,-0.6293338115754922,-23.188752532525694,1199.727316753849,200.72109983368227,146.07623466857277,-295.65912149435763,-689.2427284711944,-3.9019282564808413,-89.72952831025044,-0.6510736845645152,-23.30185264146822,1200.0914831138361,199.6684958126208,146.51168071708946,-296.2677093181369,-688.9862366983489,-4.058714695111842,-89.69389672770092,-0.6843629094501257,-23.299943978522652
217,-22.403669724770637,1200.7514626404,197.57588868408595,147.1286447792305,-291.2370788387323,-691.5345348164002,-4.229673291403782,-89.65434414934272,-0.6705617176917832,-22.77109919444706,1199.713613306616,200.71128263627526,146.0597907745272,-290.5735819324852,-691.4136682570426,-4.421414258129916,-89.68868468144582,-0.680272874399088,-22.878789694403388,1200.062779087949,199.66906164668097,146.49864201845566,-291.2887387622373,-691.087150911782,-4.66703457861669,-89.64679178109138,-0.7235933037082426,-22.88643787874491
218,-22.0,1200.726536574831,197.57653894334484,147.0930668562432,-286.19113354745593,-693.632614834217,-4.850283379322903,-89.60716072155977,-0.7118780078793179,-22.353669549190975,1199.7076628592577,200.67312495315934,146.04702272753727,-285.774401395093,-693.4176973298813,-5.553190048087624,-89.60245229552254,-0.7246596865402398,-22.47869828406484,1200.023897256931,199.6605038098026,146.48923281158497,-286.20776357270876,-693.1884184916046,-5.273645294149383,-89.59965277923075,-0.7757093602283837,-22.465595857642963
219,-21.59633027522935,1200.7017974161379,197.5771759074486,147.05771534279395,-281.13141015953283,-695.6918912057973,-5.455413870698093,-89.56116249620474,-0.7532164332894941,-21.93648274246915,1199.6630910140211,200.6803413412502,146.01954108304824,-280.39458540246653,-695.5943316492455,-5.56065754624427,-89.60055558825138,-0.7581895887186287,-22.036476674684533,1200.0190150463693,199.66349503037208,146.47555100505835,-281.3109166940636,-695.1820778606012,-5.8105545651025645,-89.55792965889088,-0.7997867817005925,-22.061936265510322
220,-21.19266055045871,1200.6772615040563,197.57779045825856,147.0226239709065,-276.05846443065906,-697.7122159259087,-6.044664496980101,-89.51637947807535,-0.7945097168847548,-21.519557683948445,1199.6444198501467,200.65527675481155,145.9993839161951,-275.43774955365814,-697.5701054012308,-6.290584884998865,-89.54451575054462,-0.7938548822370147,-21.62771392577349,1200.0073520880446,199.66869837609465,146.4676794389589,-276.43910745822393,-697.1461604448292,-6.229327294248909,-89.52516310816651,-0.8270562338375984,-21.660791068551163
221,-20.788990825688074,1200.6529451783213,197.5783734776346,146.98782647260475,-270.9728548902133,-699.6934515195101,-6.617657142638687,-89.47283998619842,-0.8356895871603557,-21.102913058492316,1199.6161582815894,200.62980152930822,145.98092664377984,-270.61460302091524,-699.4404243195078,-6.746032334870665,-89.50960962507406,-0.8218886350546968,-21.231436663770108,1199.9810813164759,199.6644311021996,146.4552805611289,-271.2232328328436,-699.1786505810195,-6.660532448402003,-89.49145866795303,-0.8692731416792815,-21.232969672027348
222,-20.385321100917423,1200.6288647786682,197.57891584743788,146.95335657991257,-265.87514254119566,-701.635470960904,-7.174036056127796,-89.43057063937151,-0.8766868122032587,-20.68656733818645,1199.5094699675058,200.605491249377,145.94133968433476,-265.19033344161096,-701.4438936934271,-6.736528829863381,-89.51078081112288,-0.8514641320352042,-20.789506924796473,1199.9678133411485,199.65915908381288,146.44347174642482,-266.1608292033701,-701.1100749284271,-7.265752377189274,-89.4445949787856,-0.9071830069524768,-20.819436548519402
223,-19.981651376146786,1200.6050366448312,197.579408449528,146.91924802485352,-260.7658905619591,-703.5381575900097,-7.713468048018874,-89.38959634261414,-0.9174312340595008,-20.27053879511208,1199.3929424460755,200.57041021799031,145.921236327084,-259.89069591495314,-703.3784707342223,-6.955236962588315,-89.4955729576815,-0.8874547051577043,-20.356279650506266,1199.9565579931068,199.65712818526825,146.4367126217158,-261.1499535026351,-702.988901390901,-7.719297287757989,-89.40952504062827,-0.9396022178907647,-20.410650227960616
224,-19.57798165137615,1200.5814771165456,197.57984216576608,146.8855345394515,-255.64566401029282,-705.4014050260749,-8.23564267617039,-89.34994027453415,-0.9578518033805486,-19.854845514829336,1198.8906598974595,200.49327443402998,145.75518705145421,-254.8344818940668,-704.7422909783335,-7.959399781455939,-89.41966214375029,-0.9640489112536152,-19.951904711330286,1199.941130341496,199.65854538443367,146.42006749417712,-256.0516150825847,-704.8429790278462,-8.26024366850319,-89.367216516775,-0.9820871177433689,-19.996765746281415
225,-19.174311926605498,1200.5582025335484,197.5802078780131,146.85224985573015,-250.51502953041327,-707.2251170791354,-8.740272417817431,-89.31162387561449,-0.9978766143205997,-19.439505410530128,1198.5839244687631,200.3585033919822,145.6403931755615,-249.6652745036001,-706.2224383139264,-9.04186482630304,-89.34064990602677,-1.0233718318787295,-19.53723264691746,1199.9302582090745,199.65848648043072,146.41329826121452,-250.95964694435378,-706.6720866156186,-8.65563298713694,-89.33649313486123,-1.0152446008860498,-19.583824840756993
226,-18.77064220183486,1200.5352292355724,197.58049646812918,146.81942770571388,-245.37455506340336,-709.0092076595173,-9.22709282847769,-89.27466683742551,-1.0374329396559099,-19.024536237818804,1198.5085354286591,200.33117165958342,145.61362689552703,-244.60206995703655,-707.9282007524941,-9.420686785708858,-89.31315352655956,-1.0404750898915405,-19.12765752360645,1199.9108281695314,199.65772787728255,146.39856019782863,-245.75715426255655,-708.4751646373209,-9.19466068753491,-89.2943465076748,-1.0622743606779614,-19.16375505198907
227,-18.36697247706421,1200.5125735623533,197.58069881797434,146.78710182142575,-240.22480956165373,-710.7536006857122,-9.695862687589457,-89.23908709276843,-1.0764472660982891,-18.609955610076696,1198.3060556570176,200.28704261780257,145.54290257830965,-239.34002739475295,-709.5412961970133,-10.315995917190905,-89.24567031382043,-1.0849040825913827,-18.705821106217076,1199.88906277912,199.6523251061131,146.38640973001657,-240.5382412482237,-710.2433639078646,-9.858829865696318,-89.24307074625382,-1.1149270437413399,-18.74331399624177
228,-17.963302752293572,1200.490251853626,197.5808058094099,146.75530593488978,-235.0663627078458,-712.4582299909229,-10.146364130803464,-89.2049008067545,-1.114845329774939,-18.19578101436513,1198.3015825116547,200.27268957931705,145.54158866972105,-234.61633615611245,-711.1042410279487,-10.729558337828863,-89.21514495906173,-1.0888393510963912,-18.323925425917558,1199.857632144663,199.64445298945833,146.37411476076718,-235.16072660489232,-712.0155187191268,-10.425021703626149,-89.19927053208082,-1.1759565749915957,-18.311079258547007
229,-17.559633027522935,1200.468280449125,197.58080832429613,146.72407377812968,-229.89978463901258,-714.1230392285938,-10.578402768874774,-89.17212236882624,-1.1525521518471042,-17.782029827819844,1198.250473919405,200.2631454445769,145.52660117064084,-229.64920986488247,-712.671529565475,-11.014225671542388,-89.19337098701992,-1.106225048670353,-17.925283661707006,1199.85452690726,199.64861411856654,146.36469202139756,-230.0959917451305,-713.6644717793496,-10.719804605707138,-89.17605547162886,-1.2030547058174523,-17.90477400297831
230,-17.155963302752284,1200.4466756885886,197.58069724449365,146.6934390831695,-224.72564567621248,-715.7479817772374,-10.99180779310616,-89.14076438572509,-1.1894920742400659,-17.3687193344883,1198.146957912457,200.2585609714295,145.5006165431308,-224.31896225325517,-714.288479771694,-11.324913451762816,-89.16909130919775,-1.1425964246096383,-17.499549136910694,1199.8418663978046,199.64724035513774,146.35162421862051,-224.92558011520356,-715.304236474549,-11.058180994973947,-89.14921209737872,-1.2382106401889623,-17.491171212167167
231,-16.752293577981646,1200.425453911748,197.58046345186293,146.66343558203283,-219.54451606034127,-717.333020644863,-11.38643206731283,-89.11083767541199,-1.225588795457575,-16.955866742560385,1198.0370184203684,200.251617832363,145.4653790697844,-218.8482922698436,-715.8914737692413,-11.565367181489044,-89.15005909390453,-1.1784685593529574,-17.064670262112347,1199.8186584103373,199.6393121803338,146.33544260303375,-219.55571472063065,-716.9458524852221,-11.379738668327697,-89.12366502008692,-1.2811033069695628,-17.062673565515233
232,-16.34862385321101,1200.4046314583402,197.58009782826414,146.63409700674356,-214.35696569460558,-718.8781283733412,-11.762152206288308,-89.08235126194617,-1.260765406454375,-16.543489201941036,1197.9860774567708,200.24934207187,145.45040522950111,-213.97650857320284,-717.3217855267835,-11.913130207312573,-89.12334530020918,-1.2143084689568466,-16.67662711407562,1199.8071456490625,199.64236754108487,146.32214061802674,-214.33992310579868,-718.5117856213914,-11.74576426700366,-89.09472113125794,-1.3178161954923835,-16.647676814809106
233,-15.944954128440358,1200.3842246681006,197.57959125555888,146.60545708932554,-209.1635638941658,-720.3832869429679,-12.118868640766928,-89.05531237132861,-1.2949444265395735,-16.131603822113373,1197.9209206990026,200.2370595559369,145.43286360637867,-208.65697373212134,-718.8183606523519,-12.22067097447089,-89.1002336004928,-1.2415325398857107,-16.25458314854016,1199.7629026510176,199.62749804867946,146.30426467497398,-208.4964629820745,-720.2016113585265,-12.07943300044298,-89.06782844958127,-1.376071544058714,-16.183022018215464
234,-15.54128440366972,1200.3642495984664,197.5789348631188,146.57754894755914,-203.96487444957774,-721.8484896725308,-12.456512106515774,-89.02972593575699,-1.3280487594218024,-15.720227289801166,1197.8332287949593,200.24885835517816,145.40784830273267,-203.6470236670663,-720.2035759262659,-12.708773452543069,-89.0621640871977,-1.2927897822825694,-15.857987241461373,1199.7690721486551,199.6364207277451,146.29153385260696,-203.62421580283092,-721.5845673745241,-12.34008635294463,-89.04741861992989,-1.3970377471520932,-15.797541521061184
235,-15.137614678899084,1200.3447129806589,197.5781279573945,146.55038540645714,-198.76130463916712,-723.2738035519155,-12.775246638904202,-89.0055790628247,-1.360031346464844,-15.309363079927195,1197.7076367113223,200.25882629920198,145.36912561463276,-198.24486111551752,-721.6165828196549,-13.117296149510144,-89.02980595275612,-1.3387709050203866,-15.432973269978223,1199.7541816408475,199.6321219226316,146.27875520079817,-198.36858789312393,-723.0330676818056,-12.609729931129426,-89.02617658646699,-1.4245841435539124,-15.382111026613856
236,-14.733944954128432,1200.3256103063395,197.57717969949624,146.52395483506044,-193.5530714729843,-724.65937552921,-13.075497343988319,-88.9828389113795,-1.3908820981489955,-14.89899885861294,1197.6532665884665,200.2545896991934,145.3504986552872,-192.90894771175215,-723.0038893915031,-13.182671303722694,-89.02453571179868,-1.3572479727174824,-15.012661019429464,1199.7448421581375,199.63070580321707,146.2691644439207,-193.23450226010848,-724.4034063650867,-12.810688461364553,-89.01035420607207,-1.444147486056041,-14.977140691984573
237,-14.330275229357795,1200.3069363980226,197.57609983723063,146.4982441464269,-188.34037667450218,-726.0053543371315,-13.357701568583675,-88.96147172903375,-1.4205937623035954,-14.489121528399512,1197.579207339265,200.25152522591765,145.32723248592973,-187.52726729361822,-724.3532739632304,-13.463061760668326,-89.00336662566379,-1.3875115323659453,-14.589427835051923,1199.7198912032086,199.62206732043455,146.25298937937094,-187.81110761448136,-725.8080274455073,-13.230248046621773,-88.97765269896352,-1.4776225944519126,-14.550281494273728
238,-13.926605504587144,1200.2886860782244,197.574898118404,146.47324025361425,-183.12341794935276,-727.311885696065,-13.622293330040254,-88.94144404170366,-1.4491597405445833,-14.079718175566402,1197.5064524052518,200.25186278298452,145.29970374096072,-182.48158889124568,-725.5463923006703,-14.073297273569212,-88.95632717073393,-1.4171089485955009,-14.19444193590297,1199.706766962913,199.62014022119615,146.24520739549007,-182.5919838888794,-727.1205076797379,-13.305904664786603,-88.97144696492215,-1.496799746321314,-14.139899154377954
239,-13.522935779816507,1200.270854169462,197.57358429082416,146.44893006968053,-177.90238914987447,-728.5791123417501,-13.869703218808091,-88.92272265935455,-1.4765740768321758,-13.670776066684093,1197.4891805410948,200.25734652604064,145.2815493365286,-177.4225615727238,-726.8065244043653,-13.9875126529363,-88.96278488068035,-1.4337606675042909,-13.796448805749492,1199.6744016807502,199.61416946102526,146.23216957005238,-177.2666865216795,-728.4096159279832,-13.601037109077968,-88.9484924228119,-1.5314900176139068,-13.722383443238558
240,-13.11926605504587,1200.2534354942486,197.57216810229696,146.42530050768335,-172.67748043648777,-729.8071740533525,-14.100358304233419,-88.90527468157948,-1.502831446123626,-13.26228264504117,1197.462768294853,200.2568400464192,145.27152411794995,-172.3213285616557,-728.0051164035168,-14.073251891723634,-88.95632242290247,-1.4492795351561973,-13.396165424424833,1199.6530048727082,199.60768898292136,146.22865526446208,-171.94886464420398,-729.6726208567927,-13.445595115627002,-88.9601812099659,-1.5513274766272995,-13.304772237384325
241,-12.715596330275218,1200.236424875101,197.5706593006289,146.40233848068038,-167.44887843590845,-730.9962076818952,-14.314682043489219,-88.88906750301759,-1.527927143119722,-12.854225526957318,1197.4344933376597,200.25473299890865,145.26071853237366,-167.22993970196134,-729.1786529026837,-14.093907508472894,-88.95505249895149,-1.469285441886314,-12.996840455225499,1199.6339183072434,199.60689243432148,146.2163276823906,-166.75057823384768,-730.8545829614428,-13.75168661793127,-88.93628537153839,-1.5827511095319329,-12.899105857951499
242,-12.311926605504581,1200.2198171345335,197.56906763362676,146.38003090172998,-162.21676639620503,-732.1463471789991,-14.513094193549986,-88.8740688186148,-1.5518570711050732,-12.446592497993128,1197.375800668653,200.25292046358166,145.2321357523082,-162.04510463367646,-730.2563058804344,-14.559606135072118,-88.91949077004186,-1.488587932095563,-12.59370930043187,1199.6100203217136,199.60392844861641,146.20265117516496,-161.51410744080866,-732.0037112919979,-14.073148112541872,-88.91134367853248,-1.615018019069724,-12.4910252306638
243,-11.908256880733944,1200.2036070950635,197.56740284909756,146.3583646838893,-156.98132433870472,-733.2577236259108,-14.696010726122132,-88.8602466287318,-1.5746177308800446,-12.039371509066589,1197.3335905825197,200.2583126580591,145.20743920808235,-156.78312099323753,-731.365151218076,-14.690745224905195,-88.9093267918872,-1.504058714493822,-12.18378879774626,1199.6058174888408,199.6036360504329,146.19792571146982,-156.45002938124045,-733.0872962059651,-14.119311627570408,-88.9074437466828,-1.6317003555930791,-12.096346262664769
244,-11.504587155963293,1200.1877895792045,197.56567469484722,146.33732674021627,-151.74272920676674,-734.330465262786,-14.863843745440166,-88.847569244103,-1.5962062097843999,-11.632550672487088,1197.2809794747266,200.2626878175457,145.18350879974653,-151.49462983059428,-732.4323414795844,-14.842771714105597,-88.89765417957588,-1.5262909038943344,-11.772499407648558,1199.5980111129975,199.59974058325082,146.1972876685144,-151.08764175032218,-734.2030477558953,-14.013271692438032,-88.91624710661877,-1.642324957681328,-11.677180212462897
245,-11.100917431192656,1200.1723594094747,197.56389291868336,146.31690398376875,-146.50115501142966,-735.3646975181833,-15.01700140884773,-88.83600529064954,-1.6166201708108188,-11.22611825791632,1197.2458914479266,200.26617253287083,145.16471569705809,-146.29010267901108,-733.4723605389092,-14.864313855843948,-88.8960708660288,-1.546111412238419,-11.367384949235163,1199.591181717757,199.60407080501648,146.18508186200765,-146.0827812690429,-735.1965969591661,-14.15826525963272,-88.90463754404472,-1.6655404581708313,-11.289249546339123
246,-10.697247706422019,1200.1573114083872,197.56206726841208,146.29708332760504,-141.25677297394884,-736.3605430387573,-15.155887850079528,-88.82552371415015,-1.6358578418076408,-10.820062688265365,1197.2187389420117,200.26149877261457,145.15563013032374,-141.04595660634286,-734.4548350892464,-15.031153590574469,-88.88337903002989,-1.5585429975039202,-10.960321772303041,1199.5763349300978,199.60056539712156,146.17066494323467,-140.84266449674809,-736.1831734657737,-14.344442717391452,-88.89052462264605,-1.6885530719062603,-10.88363324519527
247,-10.293577981651367,1200.1426403984578,197.56020749183983,146.27785168478206,-136.00975166524273,-737.3181217191051,-15.280903105166168,-88.81609378477323,-1.6539180047694533,-10.414372535537515,1197.1948155285636,200.25463242117814,145.14848436994072,-135.8378505073837,-735.3924335277998,-15.191365565067908,-88.87111185008156,-1.568859821752772,-10.55667278954933,1199.5669275822074,199.59575766474393,146.15668618251232,-135.57028494827793,-737.1190398548197,-14.616764343783949,-88.86964984418962,-1.7004452613784546,-10.476511603561837
248,-9.88990825688073,1200.128341202204,197.55832333677384,146.2591959683582,-130.76025714226532,-738.2375507317562,-15.392443040881433,-88.80768510147254,-1.6707999852142819,-10.009036516625333,1197.152485059577,200.26538666276184,145.12067542176374,-130.64233851797096,-736.3061867868432,-15.263363970706509,-88.86560794758321,-1.5935915656661575,-10.1544037581596,1199.5735073605001,199.5961604299198,146.15049331688274,-130.41368827006212,-738.0284653947167,-14.791253918075876,-88.85664881423978,-1.7070086571411804,-10.077447574743804
249,-9.486238532110093,1200.1144086421389,197.55642455102037,146.24110309139107,-125.50845308132119,-739.1189445572529,-15.490899285661719,-88.80026759625036,-1.6865036416464358,-9.604043489070161,1197.0838753344892,200.2620448935769,145.09403781038472,-125.29722213214464,-737.1472793246896,-15.629001197120083,-88.83740678575575,-1.6144094287530126,-9.743050380434005,1199.5417146750606,199.59287023777597,146.13382347827883,-125.08519540282172,-738.9226430090143,-14.763103679005436,-88.85827990061601,-1.7401181495119618,-9.666306620379284
250,-9.082568807339442,1200.10083754078,197.554520882386,146.22355996693852,-120.25450090835115,-739.9624150143286,-15.57665916292086,-88.7938115382897,-1.7010293551034532,-9.199382446792743,1197.0305609698019,200.2601181257449,145.0773688671935,-119.92664754404043,-737.9972598354362,-15.723032110344406,-88.83017142864439,-1.6356761080453395,-9.328549515098622,1199.5183967219082,199.5873768562286,146.12472474635388,-119.75807486845363,-739.7839156795096,-14.670196130452485,-88.86504882736266,-1.76488643465506,-9.254617331947689
251,-8.678899082568805,1200.0876227206409,197.55262207867756,146.2065535080582,-114.9985599262061,-740.7680712901239,-15.650105626693309,-88.78828753795909,-1.7143780187861026,-8.795042515802448,1197.0373412717922,200.25666125950087,145.07162037434537,-114.9275664707304,-738.7636113766873,-15.844984542659638,-88.8206407662892,-1.639073320109545,-8.942917573084605,1199.5398696806756,199.57820474789645,146.11288556466616,-114.99044471608845,-740.4841399922863,-15.212247188552151,-88.8228500781923,-1.7611874920292305,-8.889848520882465
252,-8.275229357798153,1200.0747590042401,197.55073788770218,146.19007062780815,-109.74078743893496,-741.5360199704567,-15.711617199534004,-88.78366655069222,-1.7265510277699905,-8.391012949892394,1197.0097993396998,200.25759587434638,145.06343021407608,-109.57790211759323,-739.5724674427116,-15.71734141485949,-88.83041838472744,-1.657068261290005,-8.529739419878117,1199.529106153852,199.57419607897253,146.1062730099731,-109.78308239806945,-741.2557588706661,-15.171422297044355,-88.82575038621412,-1.775624995083582,-8.488536923830186
253,-7.871559633027516,1200.0622412140901,197.54887805726563,146.174098239246,-104.48133887311475,-742.2663650700711,-15.761567912613087,-88.77991988074426,-1.7375502687975186,-7.987283126328127,1196.9723398168098,200.25065860253554,145.05198325682528,-104.2357633554457,-740.2916132299653,-15.894850761266195,-88.81668250479366,-1.6698782993033365,-8.119374875256064,1199.5593500016234,199.57226580177007,146.10313777886162,-105.03601594441834,-741.9224297870041,-15.527351682793249,-88.79826455811286,-1.7716770382890255,-8.12444134040148
254,-7.467889908256879,1200.0500641727076,197.54705233517498,146.15862325542972,-99.22036789624457,-742.9592080629048,-15.800327247938473,-88.77701918482778,-1.7473781101490402,-7.583842541536399,1196.9603416668726,200.25040070807506,145.04522093802814,-99.015173874911,-740.9809075377202,-15.906247128848943,-88.81528761342447,-1.6733132989645643,-7.718226066364257,1199.5441814801707,199.57094358722162,146.09827489503462,-99.7917824589681,-742.6389561675442,-15.385832405697968,-88.80861692343873,-1.7943020215772048,-7.720656361817606
255,-7.064220183486228,1200.038222702609,197.5452704692371,146.14363258941688,-93.9580265322379,-743.614647912295,-15.828260082646272,-88.7749364756299,-1.7560373915915808,-7.180680806800693,1196.8914989454772,200.24888149843147,145.02560255718547,-93.47866947688892,-741.6373326391334,-16.027951909375453,-88.80559155752513,-1.695110553676581,-7.294486472369729,1199.5412962852038,199.55271717193503,146.0960582245538,-94.42345496398428,-743.281654242028,-15.492697398783609,-88.8001295597534,-1.7992942638768028,-7.310193754345305
256,-6.660550458715591,1200.026711626308,197.54354220725827,146.1291131542655,-88.69446527403923,-744.2327811011488,-15.845726635298918,-88.77364412521284,-1.763531414404085,-6.777787643969833,1196.8879089566394,200.2496477885824,145.01673631402474,-88.3702077799303,-742.2559343110348,-16.011035111754726,-88.80683988541885,-1.707825112084702,-6.901581097528397,1199.5417947824712,199.53846652990953,146.0890995282251,-89.27396901352411,-743.8506849573549,-15.808825990937954,-88.77548890686494,-1.8081382087515012,-6.917764619902323
257,-6.2568807339449535,1200.015525766322,197.5418772970454,146.1150518630332,-83.42983319339474,-744.8137016620257,-15.853082414134418,-88.77311486829988,-1.7698639314777111,-6.375152881185627,1196.8779381093018,200.24234758769862,145.01669388504217,-83.02071566544437,-742.8326045211667,-16.121116753144182,-88.7977934000705,-1.7015557614693564,-6.492005970245653,1199.540132951377,199.53161813421173,146.0836145287025,-83.97350445156114,-744.4387072981907,-15.838156280036854,-88.77305382595961,-1.8154219218375287,-6.511535514734058
258,-5.853211009174302,1200.0046599451655,197.54028548640497,146.10143562877772,-78.1642780478115,-745.3575012071327,-15.850678167210253,-88.77332180544856,-1.7750391374898506,-5.972766448635201,1196.8627758638186,200.23434833957893,145.01899352777835,-77.61712860016893,-743.3920419939514,-16.129109180636682,-88.7968673118822,-1.7038369511858291,-6.077828562834509,1199.530001765745,199.53054589541057,146.0792541128515,-78.74863049126797,-745.0036408877434,-15.635627656119139,-88.78780036533088,-1.8274901159238133,-6.1106984046832
259,-5.449541284403665,1199.9941089853542,197.53877652314378,146.08825136455704,-72.8979463847374,-745.8642689582103,-15.838859834389627,-88.77423840611264,-1.7790616591505113,-5.570618374333709,1196.8286256100578,200.23860412613283,144.99934596436634,-72.51420395954985,-743.8754730717635,-16.105643528529452,-88.79822659315859,-1.7303389218998373,-5.688000631096615,1199.5165033360372,199.5273951792169,146.07756364205906,-73.44316527361673,-745.5439753358165,-15.368961676987373,-88.80773508682832,-1.8367039188895533,-5.7035598669984084
260,-5.045871559633028,1199.9838677094053,197.53736015506857,146.07548598342916,-67.63098364299216,-746.3340917762853,-15.8179685011177,-88.77583851159467,-1.781936545519986,-5.168698779942019,1196.8290226365273,200.2343413624136,144.993746814356,-67.37310414583862,-744.3360318960296,-16.18475521731871,-88.79204957039578,-1.7382378394577604,-5.294419482358534,1199.500414512362,199.51310257015666,146.07153211829404,-67.95605886736642,-746.0275888840902,-15.286407158559332,-88.81365680755522,-1.8394502095578433,-5.284154706118268
261,-4.642201834862377,1199.9739309398306,197.5360461299856,146.06312639845135,-62.36353425148877,-746.7670541912738,-15.78834035393971,-88.778096337891,-1.7836692583959923,-4.766997876624893,1196.8305392473096,200.22568716759378,144.9995624518165,-62.09602042559976,-744.7910528328752,-16.12671169343037,-88.79651709579139,-1.7442262330524079,-4.889855144556071,1199.4963342197511,199.50108744796648,146.06292823338936,-62.638543019681904,-746.4527949533941,-15.314890442594479,-88.81080962987545,-1.8343511513673976,-4.8789381283434485
262,-4.2385321100917395,1199.9642934991489,197.53484419570214,146.05115952268181,-57.09574172527863,-747.1632384314403,-15.750306637711155,-88.78098647843035,-1.7842656627694784,-4.3655059609538815,1196.8286695410138,200.2297669497391,144.98293476874832,-56.95872654043811,-745.1769888931789,-16.180945646222554,-88.79179582475095,-1.7502615732350926,-4.4979789786677635,1199.5025696708644,199.48566057970015,146.05868393021626,-57.30176439773065,-746.8436533666962,-15.332161801438618,-88.80890114751962,-1.816369035724545,-4.472225671147458
263,-3.834862385321088,1199.9549502098748,197.53376410002429,146.03957226917814,-51.827748758955025,-747.5227244526615,-15.704193614457248,-88.78448390670776,-1.7837320173472695,-3.964213410859194,1196.8283272265671,200.2323880536713,144.98272165990016,-51.43275423891202,-745.5865816732082,-16.027545300575323,-88.80304645984002,-1.739780315751794,-4.075108726704382,1199.4996645025317,199.46820454662986,146.0529201188713,-51.876198565831366,-747.1951208380426,-15.326375535385885,-88.80873455328859,-1.8039805570627427,-4.059199498552006
264,-3.431192660550451,1199.945895894524,197.53281559075896,146.02835155099825,-46.55969731745645,-747.8455899675104,-15.650322523835388,-88.7885639788151,-1.7820749651409196,-3.56311068163507,1196.877315119764,200.22817955914746,144.97932989530597,-46.598871774730206,-745.8994771462751,-16.068407656239568,-88.79959462164166,-1.7427125152600154,-3.705852961139563,1199.496883429339,199.4653927494032,146.0475140326346,-46.66713609743597,-747.5289919317305,-15.290412153450289,-88.81116966098809,-1.8081306941561732,-3.661351363910829
265,-3.027522935779814,1199.9371253756112,197.5320084157128,146.0174842811998,-41.29172872430309,-748.1319104741315,-15.589009545159923,-88.79320243587001,-1.7793015241195227,-3.1621883020019372,1196.8923366054428,200.21098064983485,144.99154504434938,-41.2633350850433,-746.2012980597641,-16.122546145331498,-88.79514691131006,-1.7333540989343206,-3.298363340273317,1199.4830849481664,199.4294478589044,146.0337878863457,-41.19763644081064,-747.7549261500212,-15.509734906325088,-88.79334309851683,-1.763156085776459,-3.2486680510223898
266,-2.6238532110091626,1199.928633475653,197.53135232269236,146.00695737284084,-36.023983747308456,-748.381759284903,-15.52056576094826,-88.79837540634394,-1.775419077926281,-2.7614368702292995,1196.9123288066176,200.20234130307915,145.00049210227624,-35.88876870907577,-746.4866496162833,-16.06154079893168,-88.7993151774581,-1.7206309134119904,-2.8875757992626307,1199.4803402284588,199.43219267119747,146.03287880158575,-35.988695944186915,-748.0375607038333,-15.30627360743,-88.80865100054162,-1.7709866336314495,-2.8496643146868172
267,-2.2201834862385255,1199.920415017165,197.53085705950417,145.9967577389789,-30.75660268180466,-748.5952075548597,-15.445297121950556,-88.80405940829111,-1.7704353666563861,-2.360847050322796,1196.893683789609,200.19676599535742,144.99673270665127,-30.616705950143746,-746.7118377398259,-16.009139127815985,-88.80318282489063,-1.7379597448812776,-2.485250088591743,1199.5120180076408,199.40607572795847,146.03148829688968,-31.00713169749647,-748.2237619428729,-15.509489321143375,-88.79222849467983,-1.7462151901203797,-2.472295453310594
268,-1.8165137614678883,1199.9124648226607,197.5305323739554,145.98687229267196,-25.48972543141933,-748.7723243098882,-15.363504413624687,-88.8102313514796,-1.7643584776960548,-1.960409568277943,1196.9101571193073,200.19869556188667,144.98959157051794,-25.593574180912945,-746.8992680638535,-15.908414986301512,-88.81034762688822,-1.7451605378606785,-2.102085434752522,1199.5087321393144,199.38097375852854,146.0308727394721,-25.55327539030617,-748.4056148651491,-15.334652984566091,-88.80527357677421,-1.736243127552645,-2.056949701334911
269,-1.412844036697237,1199.9047777146582,197.53038801385236,145.97728794697784,-20.223491586448915,-748.9131764746502,-15.275483224023118,-88.81686853942551,-1.7571968366204687,-1.5601152084041485,1196.947299577813,200.1933704015561,144.99684659487477,-20.384740668909284,-747.0674517880825,-15.877269703543323,-88.81233854482161,-1.7326022352416133,-1.7041868012787844,1199.5138203326337,199.3812520737892,146.02794047917092,-20.42984370417751,-748.5686345633413,-15.239986507711892,-88.8120116478706,-1.741570377707502,-1.6656527308688012
270,-1.0091743119266,1199.8973485156716,197.5304337270016,145.9679916149541,-14.958040499866181,-749.0178289002556,-15.181523913056942,-88.8239486713319,-1.7489591981500185,-1.1599548097212087,1196.9721602575446,200.18486786624595,145.00341379485226,-15.222736007525135,-747.2088647892184,-15.670962255276335,-88.82745113542005,-1.7290028784584193,-1.3103297668960108,1199.5313240986015,199.35873563992297,146.02492428344084,-15.280990327463327,-748.6803745382166,-15.148210903354775,-88.81844164403039,-1.7125656370672124,-1.2740531855632282
271,-0.6055045871559628,1199.8901720482181,197.53067926121017,145.95897020965882,-9.69351136100366,-749.0863443916572,-15.08191158310443,-88.83144984393292,-1.7396546371633304,-0.759919262430717,1196.9262616391657,200.17710635436802,145.00116773252878,-9.738921122855658,-747.270903693734,-15.719597562287161,-88.82360801343295,-1.747180814687632,-0.892709491262765,1199.5474446595294,199.32249251812678,146.02056274435236,-9.89723145936664,-748.7384454526042,-15.04647178897272,-88.82562708042484,-1.6839172461194656,-0.8655244712498693
272,-0.20183486238531145,1199.8832431348112,197.53113436428424,145.9502106441496,-4.430043266958949,-749.1187837347553,-14.976926050936399,-88.8393505532454,-1.729292539765682,-0.3599995044648128,1196.9220505762285,200.1836954825089,144.98729391198754,-4.478860558269446,-747.3549555162577,-15.159680428284092,-88.86576808398846,-1.7442978401357583,-0.4911194245456217,1199.5614059058064,199.30480681975513,146.01454516711055,-4.802714833684489,-748.7766651539762,-15.031022473019583,-88.82594372140245,-1.671302939894066,-0.4783339012889203
273,0.20183486238531145,1199.8765565979668,197.5318087840305,145.94169983148416,0.8322247082385383,-749.1152057232116,-14.866841820925615,-88.84762969622784,-1.7178825944119602,0.0398134818858994,1196.956452738912,200.17425715928732,144.99138909803872,0.7196541556957469,-747.3552022498747,-15.343508339086933,-88.85139974060424,-1.7375114994081633,-0.09506226526220184,1199.5565529436321,199.30309448100599,146.0127568214994,0.5545178850272944,-748.799227279521,-14.795756513124086,-88.84372053537444,-1.6743767212361271,-0.06887648886788024
274,0.6055045871559628,1199.8701072602018,197.53271226825626,145.9334246847207,6.093153446658199,-749.075667184969,-14.75192805951595,-88.85626657234873,-1.7054347830824412,0.4395286732636336,1197.0448997297226,200.16216757009576,144.99300866004924,5.88206370281703,-747.3663415549936,-15.046693575240008,-88.87322848560562,-1.6850066218068194,0.29788592684940524,1199.5651485360381,199.28976419587661,146.01180583046283,5.8324207620888275,-748.7790569140394,-14.5885317125706,-88.8591444180605,-1.655256329932454,0.3336988665320623
275,1.0091743119266283,1199.8638899440307,197.53385456476767,145.92537211691672,11.352603721642694,-749.0002230084419,-14.632448570924707,-88.86524088506506,-1.69195937251063,0.8391550084519013,1197.0061094877246,200.16350117651686,144.98466004905322,11.34772149969284,-747.3061250091149,-14.809924400805741,-88.89138401012656,-1.6988770932318369,0.7147988718022734,1199.5861987688372,199.26189440147277,146.01186594698663,10.967939542171882,-748.7060025493995,-14.594471986809584,-88.85811246298844,-1.6275091941196569,0.723746953585498
276,1.4128440366972512,1199.85789947197,197.53524542137134,145.91752904113,16.61043613509448,-748.8889261684074,-14.508661774051628,-88.87453274321179,-1.6774669054615048,1.2387013915001335,1197.076384336869,200.1505849984831,144.98177366791737,16.339584083710452,-747.2055372158486,-14.907239585535105,-88.8837156321299,-1.6770802644460137,1.0941476515878148,1199.589299439214,199.25036760881596,146.00866718691967,16.143606530784677,-748.6067654385688,-14.538823425219526,-88.86183856971877,-1.625167606831589,1.118007644089162
277,1.8165137614678883,1199.8521306665343,197.53689458587394,145.9098823704184,21.866511056824024,-748.741827751558,-14.380820680574073,-88.88412266230401,-1.661968192059315,1.6381766947634382,1197.0827174253423,200.14801838674265,144.9860868042893,21.76802068527477,-747.0958755991468,-14.6459156907673,-88.9034365818016,-1.6698728053984662,1.5092943610255023,1199.5845127448188,199.2423353327249,146.00733557007084,21.492244616547712,-748.4752645507285,-14.291265146286197,-88.88041705684724,-1.6181069356009399,1.5264413449898542
278,2.2201834862385397,1199.846578350238,197.53881180608207,145.90241901783972,27.120688565910598,-748.5589769817266,-14.249172874204893,-88.89399156575192,-1.6454743011634567,2.0375897618558665,1197.145267165522,200.1397096575037,144.98742286783286,26.88328556670562,-746.9403339999132,-14.597741196804806,-88.9068763859448,-1.6475053192481444,1.8991203763874862,1199.5938425277423,199.23092710125874,146.00751933516312,26.729763122899847,-748.3143395433826,-14.126388477372622,-88.89278951955106,-1.5974218576912453,1.926282733345563
279,2.623853211009191,1199.8412373455994,197.54100682980294,145.89512589645193,32.372828394038,-748.3404212447748,-14.113960491093133,-88.90412078599053,-1.6279965517913557,2.436949410516881,1197.1516392552082,200.1330391586124,144.98206377003854,32.322075610514645,-746.7367124552338,-14.370654158171938,-88.9238748986353,-1.632529739047248,2.3135065886413466,1199.6118876311514,199.1898033027789,146.00642522124957,31.94346387015587,-748.0760704739124,-14.168164507253293,-88.8888393201711,-1.5666420322749417,2.3213531658510944
280,3.027522935779828,1199.8361024751316,197.54348940484266,145.8879899193124,37.62278987075401,-748.0862061131294,-13.975420201348852,-88.91449206552453,-1.609546504587202,2.8362644353902904,1197.2032428657508,200.12920520857432,144.99123127650594,37.44720266254957,-746.5387719165556,-14.129536347114243,-88.94232992412323,-1.619700008127104,2.706502032374104,1199.6027442530171,199.1923773501834,146.00485644837877,37.27752869778858,-747.843355747859,-13.933370479690682,-88.90670214219665,-1.5726659567533097,2.7297593980801547
281,3.431192660550451,1199.8311685613521,197.54626927900807,145.8809979994794,42.87043187061167,-747.796375369979,-13.83378319167225,-88.92508755788944,-1.590135953335099,3.235543610715059,1197.3009227122031,200.12497701354022,144.9852290239069,42.472606497075674,-746.2788223559528,-14.131411198575396,-88.94167267006853,-1.5754225176969956,3.088205328570045,1199.6069742176169,199.18078982438084,146.00245138626815,42.47224210005723,-747.5715271443723,-13.782686905262885,-88.91775776711808,-1.5550982516150151,3.126284630786125
282,3.8348623853211024,1199.8264304267752,197.549356200106,145.87413705001046,48.1156127621426,-747.4709710331069,-13.689275149073504,-88.93588982852997,-1.569776916515745,3.6347956929277863,1197.2433862935895,200.1280603057932,144.97166290533005,48.04638109490528,-745.9297435659737,-13.980155392038318,-88.95309671014112,-1.593701921014395,3.5133638459039114,1199.5956349419553,199.17292899169064,146.0009024186,47.90060814536853,-747.2500662690946,-13.509329470484047,-88.93854557849151,-1.5488789520460267,3.541647819074871
283,4.238532110091768,1199.8218828939173,197.55275991594232,145.86739398396332,53.358190358615886,-747.1100333783681,-13.542116245665056,-88.94688185559687,-1.548481628905292,4.034029423176464,1197.34743099943,200.12298235221036,144.96246033477271,53.24049579165169,-745.5787922188256,-14.065357609631617,-88.94580880473912,-1.5379151981680275,3.907159682287284,1199.5861665570958,199.14871274781802,145.99726120819986,53.24663826719234,-746.8867360574409,-13.200791967663422,-88.96117230409335,-1.520606909850908,3.9493190956755635
284,4.642201834862391,1199.817520785293,197.55649017432467,145.86075571439608,58.59802187053971,-746.7136009628063,-13.392521124513545,-88.95804703066253,-1.5262625332152313,4.433253529745883,1197.3743617035202,200.122814048853,144.95007158230464,58.552236623280585,-745.192329767671,-13.907559812329914,-88.95764429275263,-1.515834393417691,4.311995668371505,1199.6007746640582,199.13389674279927,145.99382510818452,58.2302868651433,-746.5211060987597,-13.201402528656658,-88.96070373320892,-1.4850088184356514,4.329454795678794
285,5.045871559633028,1199.8133389234185,197.56055672305894,145.85420915436615,63.83496385985492,-746.2817106473998,-13.240698886538318,-88.9693691593571,-1.5031322717719993,4.832476730394802,1197.3629967837965,200.12437940195144,144.95543712060297,63.90613897129607,-744.7792220726612,-13.700817309546565,-88.97335956142881,-1.5286125646214959,4.723505111629617,1199.5960696812504,199.1186995959142,145.99187158435714,63.548936438279995,-746.0881612519524,-13.01077891747439,-88.97508159127489,-1.467110027527416,4.7360593830634485
286,5.449541284403679,1199.8093321308086,197.56496930995235,145.8477412169316,69.06887219577398,-745.814397619438,-13.08685307844326,-88.98083246192506,-1.4791036782356017,5.231707734604636,1197.402880172454,200.12043433345784,144.94841099388077,69.16722764712844,-744.3400756325723,-13.439356198153213,-88.99302231844126,-1.492118259760112,5.125384221259826,1199.601786401814,199.10591432649548,145.98998748958525,68.76626859210688,-745.6382238365007,-12.836309909511433,-88.9881884015825,-1.4354471400491977,5.135361061674665
287,5.853211009174331,1199.8054952299801,197.56973768281165,145.8413388151503,74.29960201221728,-745.3116954145282,-12.93118168167302,-88.99242157370406,-1.4541897693553745,5.630955245740797,1197.4739566612138,200.1192460864121,144.94911090916992,74.28351453613556,-743.887756092196,-13.247634536362336,-89.00747351702896,-1.4548053961949448,5.517137422594877,1199.6137782776777,199.08797858366088,145.98652809697862,73.78716832269204,-745.1552261517759,-12.890771513053616,-88.98366177907305,-1.4105710141004366,5.518453845834246
288,6.256880733944968,1199.8018230434484,197.57487158944286,145.8349888620798,79.52700766680151,-744.7736359382236,-12.773877102381876,-89.00412154552619,-1.4284037367621931,6.030227963126887,1197.542716632578,200.11696933021904,144.93835123712407,79.32115195609546,-743.3825878362861,-13.245088855406962,-89.00750709742626,-1.4190464492401758,5.901558151619972,1199.604438086507,199.08066903801637,145.9841795832855,79.17217696662321,-744.6104845201564,-12.601305043091656,-89.0055238901806,-1.4022238340769553,5.931574666471979
289,6.660550458715591,1199.7983103937268,197.5803807776531,145.828678270778,84.7509427013309,-744.2002494872768,-12.61512616240753,-89.01591784404278,-1.4017589387961011,6.429534584032524,1197.5772228632386,200.1177246632189,144.9245973156847,84.52576526941311,-742.8116972027804,-13.258660841860117,-89.00632134050498,-1.3997363855017524,6.298869343290113,1199.6070301715934,199.07470842373715,145.9827548396375,84.42081038129965,-744.0447900414658,-12.441203789497798,-89.01772600092536,-1.390758463963106,6.334422354265904
290,7.064220183486242,1199.7949521033343,197.58627499524914,145.8223939543029,89.97125980374267,-743.5915647705173,-12.455110091241893,-89.0277963519736,-1.3742688923676007,6.8288838055756855,1197.6153406534836,200.12043715158296,144.9185272304274,89.71539307528394,-742.2222748613761,-13.197801325897709,-89.01089150587485,-1.3844132841034387,6.696696918853722,1199.6124200594732,199.06488424990536,145.98080002874545,89.70122287088242,-743.4380654713137,-12.255752865356312,-89.03173271877915,-1.3703490755477887,6.739814840009024
291,7.467889908256893,1199.7917429947822,197.5925639900371,145.81612282571186,95.1878107714568,-742.9476089293423,-12.294004518992288,-89.03974336828114,-1.3459472648521131,7.228284326540187,1197.626180488485,200.12074411567153,144.91801750981472,95.0152902821873,-741.5963090666179,-12.944134513680222,-89.03017668505366,-1.374248061718518,7.1044794974583105,1199.6290155685847,199.04599048346506,145.97752474676577,94.90279954532389,-742.7914057195576,-12.259873662618668,-89.03125228542271,-1.3458987773686761,7.138388982834768
292,7.87155963302753,1199.7886778905922,197.59925750982387,145.80985179806316,100.40044647608849,-742.2684075578401,-12.13197947032617,-89.0517456082706,-1.3168078660159723,7.627744849109898,1197.6675669348065,200.12284346870354,144.90777959803273,100.19440220949595,-740.9297178980826,-12.919423770056136,-89.03189157556511,-1.3511557465508424,7.501350709615697,1199.6439473402716,199.02893120883817,145.97776457922043,100.14391564054972,-742.1292031768573,-12.102129529147122,-89.04261667453044,-1.3127514884446345,7.54112337325156
293,8.275229357798153,1199.7857516132733,197.60636530241632,145.80356778441418,105.60901682946636,-741.5539847225166,-11.969199359396011,-89.06379020361662,-1.2868646399729826,8.027274080520462,1197.7829493875834,200.1270751937008,144.90112798600737,105.24433356194825,-740.2822630895573,-12.796815020833312,-89.04074728986073,-1.2848462480713172,7.887833923664763,1199.6522536818666,199.02258340067743,145.97680381521923,105.26896740432333,-741.4281065417123,-12.050582879478123,-89.04642983946219,-1.3067155934935473,7.935484306411949
294,8.678899082568819,1199.782958985345,197.61389711562083,145.7972576978229,110.81337075091635,-740.8043629816598,-11.80582298573936,-89.07586470231729,-1.2561316571705259,8.426880734629904,1197.8141646563336,200.1295009010168,144.89527828398636,110.50315154865882,-739.5516945962439,-12.573098122082763,-89.05783117043862,-1.2699486109733287,8.292544744764411,1199.6559858767673,199.0136524163794,145.9740538985942,110.54625623680631,-740.6776630348644,-11.828345711570758,-89.06293519235568,-1.2852130486577402,8.342159433662278
295,9.08256880733947,1199.780294829322,197.62186269724444,145.7909084513473,116.01335613575303,-740.0195634043145,-11.642003531151218,-89.08795706857583,-1.224623106403839,8.826573533409352,1197.8078340436145,200.13792022759628,144.89201209678816,115.95674085474482,-738.763066179136,-12.14967725591312,-89.08994337092614,-1.2574159876028943,8.71341916285667,1199.6984986966863,198.9867558066528,145.9728835500757,115.66765280558563,-739.9359945442476,-11.752446482720517,-89.06747704768543,-1.218264724813572,8.735668969642365
296,9.486238532110093,1199.7777539677204,197.63027179509348,145.78450695804483,121.20881982493889,-739.199605588878,-11.477888557527555,-89.10005568261114,-1.1923532868574007,9.22636120835561,1197.8980448958562,200.14123605315308,144.88762652443927,120.91265185249463,-737.9915485095745,-12.293656593896564,-89.07874299041454,-1.2279929001990568,9.094703506024528,1199.65294306759,198.98613180993152,145.96844181994342,121.1707250474268,-739.0418897819744,-11.290180830431238,-89.10277742528014,-1.2312404737729874,9.161357391476574
297,9.88990825688073,1199.7753312230532,197.63913415697473,145.7780401309736,126.39960757586012,-738.3445076813263,-11.313620005675789,-89.11214934039744,-1.1593366001723855,9.626252501827059,1197.8899207847667,200.14563674258142,144.88742259750177,126.27429971311234,-737.1325298158043,-11.958259814095511,-89.10415189529198,-1.2214985572281372,9.509698187774543,1199.716929441492,198.96724371872853,145.96603966594608,126.1912908839427,-738.2715508400356,-11.242119397819886,-89.10522534876962,-1.147002221397414,9.548135521693048
298,10.293577981651381,1199.7730214178373,197.64845953069442,145.77149488319102,131.58556403416443,-737.4542863930594,-11.14933419509635,-89.12422725333347,-1.1255875425389532,10.026256168304176,1197.9870248219377,200.1526776828085,144.88243633728698,131.3147852078026,-736.2985441706934,-11.92951074816745,-89.10574830320554,-1.173613497694331,9.89838683499857,1199.7430154483245,198.9575180218784,145.96461569775343,131.34602468682,-737.4035161387345,-11.173216012394207,-89.11006262481635,-1.1171530621578052,9.946756428320397
299,10.697247706422033,1199.7708193745912,197.6582576640601,145.76485812775545,136.7665327066225,-736.5289570183824,-10.9851618247302,-89.13627904784214,-1.0911206968121883,10.426380975576803,1197.9996351179668,200.1556645543199,144.8788034781667,136.54344372673907,-735.3668774762521,-11.853331579068323,-89.11151040332761,-1.1729696101143932,10.303409382589077,1199.7620692685061,198.94887992888323,145.9634703774501,136.54585733961338,-736.491771989998,-11.04108750361269,-89.11965307590512,-1.0870511720974747,10.349643299765008
300,11.10091743119267,1199.7687199158258,197.66853830487736,145.75811677772407,141.94235593495108,-735.568533451599,-10.82122797467892,-89.14829476490077,-1.0559507246507989,10.82663570585988,1198.0699361540082,200.16644435936792,144.87604044076824,141.73619639452602,-734.4578968230127,-11.516299965280652,-89.1364702989535,-1.1202600835895484,10.705803488095011,1199.8043536801351,198.92977727888024,145.96173902895254,141.67071377933732,-735.5724517442306,-11.004014702218273,-89.12175743023555,-1.0329207321914282,10.746026206352814
301,11.504587155963293,1199.7667178640602,197.67931120095415,145.7512577461553,147.1128748705661,-734.5730282037617,-10.657652108893748,-89.16026485950253,-1.020092358677075,11.227029156839198,1198.082302833212,200.1742555041589,144.8690091838144,147.05487846333307,-733.4457554056974,-11.31195613228618,-89.15159891593055,-1.1037534461126277,11.118346605680694,1199.7831447485323,198.92732509310673,145.95963049096434,146.93207864486348,-734.5427074158151,-10.796517527950712,-89.13734140166873,-1.0433409290604412,11.1552547452548
302,11.908256880733958,1199.764808041808,197.6905861000959,145.74426794610645,152.27792945019834,-733.542452419044,-10.494548078841945,-89.17218020004948,-0.9835603946574946,11.627570142649631,1198.159364213091,200.1833829203537,144.86900422584222,152.17716444417223,-732.4663055435569,-11.091031128981793,-89.16803417556977,-1.0602756585607451,11.51654293260097,1199.7975351931914,198.9198205839307,145.9565609673525,152.0992880054126,-733.5216738095716,-10.652797648629456,-89.14787913209695,-1.0142085693090834,11.556882768302339
303,12.31192660550461,1199.762985271586,197.70237275011027,145.73713429063565,157.4373583723359,-732.4768158907551,-10.332024128147998,-89.18403206767748,-0.9463696837022485,12.02826749478706,1198.2408715671745,200.1966670624293,144.85677970996613,157.30371847316354,-731.4662138596817,-10.727548262893745,-89.19430475757538,-0.9879566682494731,11.914025120772896,1199.8436023887155,198.89802781050622,145.94710167665048,157.23677211181388,-732.5111027945673,-10.496678003690283,-89.15853184564078,-0.9260166082813786,11.954910915971277
304,12.715596330275233,1199.7612443759083,197.71468089880273,145.72984369280033,162.59099907443937,-731.3761270770032,-10.170182898219261,-89.19581215551327,-0.9085351244832747,12.42913006295689,1198.2529829866312,200.19477568907007,144.85905966970802,162.42904835914828,-730.3374094041006,-10.936914516420158,-89.17885626712001,-1.0095674326847006,12.314417283818688,1199.8425826543262,198.896730135959,145.94488580511486,162.38793977871399,-731.4066977983497,-10.395227694304198,-89.16597787182963,-0.9260850888444019,12.357136173226937
305,13.11926605504587,1199.7595801772916,197.72752029398094,145.72238306565865,167.73868771088505,-730.2403931160089,-10.009121434855732,-89.20751256786403,-0.870071655469062,12.830166715860766,1198.3405189868997,200.21368711754326,144.84837482652767,167.6674146153955,-729.2662763478725,-10.350984852916305,-89.22217438439034,-0.9222820310507469,12.72187850544751,1199.8593485724173,198.8912945701457,145.93818705044117,167.51065312122515,-730.2958334937119,-10.271415306906377,-89.17463918357994,-0.8891913669443748,12.756841539341291
306,13.522935779816521,1199.7579874982516,197.74090068345126,145.71473932226812,172.88025913157819,-729.0696198410707,-9.848931195854643,-89.21912581933981,-0.8309942471754697,13.231386341923432,1198.3756332075413,200.2177748887667,144.84600679884338,172.8092385044841,-728.0957950671398,-10.316051368262023,-89.2246685838418,-0.909886486811172,13.124109719927961,1199.8614470481753,198.89031464599623,145.93574646388058,172.72643691840193,-729.1237161867796,-9.987058194651151,-89.19573988394065,-0.8578340379907411,13.165544884403364
307,13.926605504587172,1199.756461161301,197.75483181502022,145.70689937568673,178.01554686119962,-727.8638117951929,-9.689698059610652,-89.23064483390823,-0.7913178944316875,13.632797849962516,1198.3994112920527,200.23402550012034,144.8297811219481,178.1699113887084,-726.8692468700474,-9.901200907443535,-89.25515400052583,-0.8593842484409547,13.542104007607845,1199.8847007404022,198.8770966062791,145.92549508169145,177.9279589510164,-727.9380870421184,-9.684083528100814,-89.21761232152667,-0.7741659238837669,13.57186110283832
308,14.33027522935781,1199.7549959889593,197.76932343649503,145.6988501389722,183.14438307902884,-726.6229722453843,-9.531502334723214,-89.24206294388283,-0.7510576086595796,14.03441016980292,1198.432608135543,200.24204962052255,144.830173265661,183.3449071044022,-725.6515078659813,-9.542910621176684,-89.2820233402364,-0.8253041398190087,13.948758179139237,1199.8999110745153,198.87425427857963,145.92045006264587,183.13897412206356,-726.7099431633992,-9.365183229945227,-89.24103845989949,-0.7116644957990323,13.981013955073129
309,14.733944954128432,1199.7535868037407,197.7843852956808,145.6905785251826,188.26659859929788,-725.3471031966254,-9.374418770615293,-89.25337388884368,-0.710228410166105,14.436232252838384,1198.5254213503845,200.2505565328463,144.82970889372996,188.25689759744276,-724.461605990679,-9.515560152344243,-89.28358635142571,-0.7736527842993814,14.334244034816896,1199.9057999886343,198.86723073174022,145.9177197893793,188.24834496599027,-725.4200524188417,-9.29148062332149,-89.24635224158237,-0.6952089891967442,14.38252511941846
310,15.137614678899084,1199.75222842816,197.80002714038613,145.6820714473752,193.3820228520298,-724.0362054055162,-9.2185165691736,-89.26457181449132,-0.6688453204473949,14.838273072542457,1198.6064038181528,200.26013989912718,144.8244903382594,193.18986409256593,-723.2248423902649,-9.572118789177534,-89.2789103731655,-0.7235967738789282,14.72124593828746,1199.9265288890733,198.86377303836775,145.91049027931706,193.42842561990096,-724.1284641892664,-9.020116376961097,-89.26597271055077,-0.6246274608377052,14.790149994968054
311,15.54128440366975,1199.7509156847336,197.81625871841675,145.67331581860824,198.49048386430593,-722.6902783936168,-9.063859397417106,-89.27565127143326,-0.6269233545032966,15.240541624930938,1198.6513076860765,200.26522544465232,144.8196553653162,198.1846136583551,-721.9225972025168,-9.550725281424684,-89.28037751762231,-0.6956636443248416,15.114640252204975,1199.9394351779974,198.8603639716519,145.90383736606418,198.55127676289675,-722.791366137222,-8.923582347275614,-89.27268268571292,-0.585879030687179,15.194129439890336
312,15.944954128440372,1199.7496433702572,197.83308906430813,145.66429931586148,203.5918018373521,-721.3093202360949,-8.910513824597828,-89.28660661473782,-0.5844778226229196,15.643046361240451,1198.7190399319782,200.28430096610685,144.80519917023489,203.37322809526225,-720.6131364206803,-9.105795252473321,-89.31300104413076,-0.6127811249939967,15.522965795970762,1199.9318560683778,198.85667721070723,145.90166151457444,203.64669101213377,-721.3909485373008,-8.816417177223299,-89.28075091830692,-0.5795382620375618,15.597436521369689
313,16.34862385321101,1199.748405849547,197.8505152318652,145.65502244761973,208.685688240851,-719.8933251071936,-8.758681706527899,-89.29742259302279,-0.5415293000361955,16.045786230601536,1198.7405386029018,200.29314122568888,144.79550428130375,208.55245975781577,-719.1930852020001,-8.933167705067767,-89.32536673545138,-0.5871990148030595,15.932563822460713,1199.941677289368,198.85159611385092,145.88879365795128,208.6440299397227,-720.0202138692666,-8.762594597423057,-89.2838131523329,-0.531843682031393,15.992026073448848
314,16.75229357798166,1199.747197128968,197.86852433367358,145.64549636953214,213.7717652113646,-718.4422879790062,-8.608673466642351,-89.30807627189294,-0.4981030672232111,16.448752344618942,1198.7917950334138,200.3032377394651,144.79054917907138,213.59053243241542,-717.80413540925,-8.780884263241798,-89.3359974980788,-0.5374820417791528,16.331844351822504,1199.9425265526525,198.8543267204285,145.8803815626195,213.70836247630868,-718.5986545456291,-8.529956340166766,-89.30078585037913,-0.4814598548006614,16.39401794978501
315,17.155963302752312,1199.7460112040387,197.8871031814084,145.6357325595282,218.84965259354297,-716.9562091452544,-8.460793177266073,-89.31854521778145,-0.4542250399401832,16.851935666879896,1198.8303315522858,200.30700693589324,144.78317935297179,218.6007300162672,-716.3443147128527,-8.802666353154292,-89.33388796130092,-0.5176787837047899,16.72972498918846,1199.9405289925112,198.8564315421491,145.87228374769947,218.81109280011603,-717.1191540449928,-8.292076385711924,-89.31828144352542,-0.4395942466533344,16.799873258071905
316,17.55963302752295,1199.7448420702754,197.9062385867436,145.62574249553717,223.91897074459968,-715.4350943113114,-8.315334876541483,-89.32880776131084,-0.4099216277670112,17.255327253632476,1198.8889302874145,200.32047243727357,144.76962982061212,223.6888086274474,-714.8692316473733,-8.653917266013538,-89.34391423634123,-0.46129582206079645,17.133760531771763,1199.964477130261,198.8549236903439,145.86125537978918,223.81161468911327,-715.6363892303732,-8.260339271641191,-89.31916847668761,-0.3840299725889829,17.197496832775823
317,17.963302752293572,1199.7436837231953,197.92591736135256,145.61553765548777,228.97934063144487,-713.8789545642164,-8.172582455716087,-89.33884300652605,-0.36521972118202467,17.658918254457408,1198.9375568085675,200.33886323015685,144.7658842775187,228.8804514126252,-713.3487045719114,-8.26257630556823,-89.37235707844395,-0.3937715438473082,17.547952924683866,1199.9731513446577,198.8631553051705,145.857351590662,228.86582476279696,-714.0897832517885,-8.08728016828833,-89.331594961571,-0.3467186677434515,17.602008936028216
318,18.366972477064223,1199.7425301583173,197.94612631691044,145.60512951730962,234.03038392792413,-712.2878063393647,-8.032809549350148,-89.34863083987693,-0.320146678423583,18.062699912668748,1198.9854022779807,200.35284622788654,144.75415360708192,234.09119074298903,-711.7460906381458,-8.072174703266178,-89.38579222241074,-0.347063270867391,17.964038377815687,1199.9944277832055,198.8627140868955,145.8488522851577,233.93326651359354,-712.5140264836845,-8.00325993471751,-89.33647350383401,-0.2912064779212453,18.007208205713802
319,18.770642201834875,1199.7413753711576,197.96685226509135,145.5945295589317,239.07172311205736,-710.6616713839953,-7.896279428517208,-89.3581519389474,-0.2747303121451927,18.466663565446606,1198.9959812206616,200.37632650908375,144.7574429421205,239.2987687796493,-710.1173054813861,-7.633268188915745,-89.41786762867744,-0.29393518703272875,18.38158069261668,1200.0074484083102,198.86065637727012,145.84266273761867,238.86698920793714,-710.9115808163582,-8.037974194226024,-89.33294897308313,-0.2702478237597243,18.402711503085435
320,19.174311926605526,1199.7402133572327,197.98808201756958,145.5837492582831,244.10298156319075,-709.0005767176323,-7.763244897063187,-89.36738778092821,-0.22899887587021223,18.870800643706875,1199.0558558918447,200.37634929566173,144.74479219215073,244.1649384164431,-708.5018586840516,-7.835694439394425,-89.40209036686305,-0.27621289894627993,18.77236971240862,1200.0234098802885,198.86648833026686,145.83417066621067,243.97886012280452,-709.2520976002378,-7.82472203113741,-89.34772316992337,-0.19746765985242562,18.813863301206506
321,19.57798165137615,1199.739038112061,198.00980238601937,145.5728000932931,249.12378365894844,-707.3045545895752,-7.633948190991905,-89.37632065082997,-0.18298105025315328,19.275102671711952,1199.100967077744,200.39994530828614,144.74827481385208,249.13685296859686,-706.8819445501047,-7.590876132652712,-89.41911111357769,-0.20962856292158136,19.172767207384688,1200.0339763623347,198.8729128869437,145.8282334600584,249.0136620267228,-707.5603159755534,-7.655556814522063,-89.3595723505828,-0.15118023674083472,19.220080187007976
322,19.9816513761468,1199.7378436311603,198.0320001821152,145.5616935418908,254.13375487189708,-705.5736424336062,-7.5086208810398585,-89.38493364943461,-0.13670592915380042,19.679561266428575,1199.1680489224027,200.41045687763437,144.73374915084193,254.1159768584527,-705.1859162246617,-7.664318171111094,-89.41261533303134,-0.16788471425754045,19.57375913434061,1200.0473368034613,198.87848023618278,145.82008782668146,254.06545344587235,-705.8429086750116,-7.443670949510489,-89.37407579370641,-0.07844711054465546,19.628158791195602
323,20.38532110091745,1199.736623910047,198.0546622175304,145.55044108200553,259.13252186581235,-703.8078828200327,-7.387483778501238,-89.39321070098151,-0.09020300553113282,20.08416813663754,1199.2379156614336,200.4397950369786,144.73000608603942,259.26474386606253,-703.4468225852265,-7.399311318471119,-89.4309558743907,-0.08613990795788852,19.989440284229243,1200.0638731884403,198.87993120332777,145.80948658402573,259.05926491445604,-704.096016450951,-7.318482328427637,-89.38216010452385,-0.014821136065036294,20.032109357362664
324,20.788990825688074,1199.7353729442384,198.07777530394037,145.5390541915663,264.11971259146105,-702.0073234052046,-7.270746844362789,-89.401136560587,-0.04350215716385535,20.488915081802443,1199.2498897198916,200.44603115474467,144.72399464553024,264.28252556260713,-701.6228215825894,-7.335852151044482,-89.43521663110727,-0.07137396948472396,20.39706873927663,1200.0764065659937,198.88935812634247,145.8077876468315,264.0512107689878,-702.2876181946201,-7.2449192886654235,-89.38737822435951,0.001756802608161767,20.438768530300138
325,21.192660550458697,1199.734084729252,198.10132625301915,145.52754434850243,269.0949563817962,-700.17201687866,-7.158609101802546,-89.40869682139413,0.0033663677962663223,20.893793990703735,1199.3152008483833,200.4701333812181,144.73187028621268,269.1615659077634,-699.8837586187494,-7.1938776002866955,-89.44463587935707,-0.0048978235342041,20.79413881238952,1200.0849458195303,198.8923204482228,145.80230887364024,268.9946081349842,-700.461001050788,-7.151104008190975,-89.39360974231356,0.03017763290164039,20.84131019011865
326,21.596330275229377,1199.7327532606046,198.12530187644063,145.51592303074278,274.057884046463,-698.3020209080132,-7.051258552108207,-89.41587792145084,0.05037196543056861,21.29879683984509,1199.3491307542954,200.49405651490318,144.7323375203059,274.26498189790425,-698.0071730011182,-6.905282750790366,-89.46518069336406,0.05048598973723808,21.21022930582135,1200.0965315875428,198.89194011739642,145.79229947784233,273.94399957371314,-698.6037456965363,-7.065608486775168,-89.39882735990217,0.07928194875635913,21.24465580388854
327,22.00000000000003,1199.7313725338147,198.14968898587907,145.50420171621673,279.00812796553186,-696.3973980817582,-6.948872094063019,-89.42266715031447,0.0974836908128413,21.703915691639835,1199.412708815124,200.53200570051263,144.7287121377791,279.54599299836514,-696.0694502685512,-6.4737901952508485,-89.49584554031107,0.1434290257842992,21.640831669597393,1200.1230699903613,198.9018649888751,145.77537635266924,278.8974401804592,-696.7466341188069,-6.918630218224279,-89.40789083510184,0.1605534097537741,21.648760169470822
328,22.40366972477065,1199.7299365443992,198.1744743930101,145.4923918828535,283.945322182352,-694.4582158501026,-6.851615446849639,-89.42905265538042,0.14467027291484444,22.109142692385525,1199.4455422290937,200.54397249935667,144.73817292507093,284.2799231782913,-694.2179764200822,-6.431354034672744,-89.4980894382444,0.1749670505354375,22.030686687119236,1200.1298123189054,198.91238620496392,145.77959341274737,283.79034968157885,-694.7828283718762,-6.9733184532921735,-89.40427362288294,0.15244193723044588,22.05302003303315
329,22.807339449541274,1199.7284392878732,198.19964490950582,145.48050500858207,288.86910249543917,-692.4845464639998,-6.759643076515133,-89.43502344793372,0.191900129650968,22.514470070035166,1199.5033492415241,200.56192629943143,144.74187996248776,288.96298870234335,-692.3761103824954,-6.457697289302846,-89.49467269665907,0.22809943941252242,22.41593284293214,1200.1579485864154,198.92025898338272,145.76821653079912,288.7006740558924,-692.8534282430121,-6.90645726761384,-89.40758650923824,0.22211115849874438,22.456547442243032
330,23.211009174311926,1199.7268747597577,198.2251873470424,145.46855257133188,293.7791065493003,-690.4764669125076,-6.673098126039129,-89.44056940892062,0.2391413830551901,22.919890131773094,1199.5393180247597,200.57795777990145,144.73722395700742,293.9515474443217,-690.3571341482364,-6.3523207181213195,-89.50162036702335,0.26837526634033143,22.82726933053525,1200.177435674589,198.9294392710322,145.76074643165404,293.54871772257957,-690.8864322005124,-6.862448641395218,-89.40958389577189,0.27070522853640033,22.85690320873282
331,23.614678899082577,1199.725236955567,198.25108851729226,145.45654604903177,298.6749739240979,-688.4340588586215,-6.592112349047051,-89.44568129443978,0.2863618745830944,23.325395261405593,1199.5738940056472,200.6033673587541,144.73999964964787,299.0727838007797,-688.2638261210963,-6.069256088246718,-89.52195307476983,0.32186522149138624,23.25098309943743,1200.1853387794724,198.93195558101183,145.74933821278142,298.4384718144027,-688.8604700056106,-6.785236576664154,-89.41399632369837,0.32655206624255434,23.26114303313372
332,24.018348623853228,1199.72351987082,198.27733523193103,145.44449691961114,303.55634622408,-686.3574085737471,-6.516806047200203,-89.45035074095044,0.33352918053240804,23.73097791657518,1199.6293516770324,200.61434240402934,144.7228143184629,303.8640767227246,-686.2373843182498,-6.204883315852702,-89.51032539968487,0.3623005910731506,23.6473666470336,1200.1894715269445,198.94007974249268,145.74083974889396,303.30392488346104,-686.7950118102327,-6.736687086222755,-89.41658041551958,0.36332756073802747,23.665405324056234
333,24.42201834862385,1199.7217175010337,198.3039143026329,145.432416660999,308.4228671646654,-684.2466068709285,-6.447288011301367,-89.45457027019684,0.38061062757456576,24.136630625808674,1199.6494482063522,200.65155062110296,144.72869026522483,308.9935396171843,-684.0867779446113,-5.76840148849248,-89.54117581779565,0.442597404053112,24.073540539361638,1200.1853817827584,198.9569617662902,145.73007921563692,308.1327032228408,-684.7162290326452,-6.628527487613688,-89.42334710414288,0.41759214837727215,24.068319067033617
334,24.825688073394502,1199.7198238417254,198.33081254107185,145.4203167511248,313.27418265810934,-682.1017490370114,-6.383655466141905,-89.4583332938465,0.4275733083905843,24.542345985408762,1199.6843359313418,200.6626370986878,144.7396573286128,313.78597594917665,-681.9680061944654,-5.744639915359438,-89.54249616147543,0.46350079426576757,24.47547369448347,1200.1883295812602,198.97174556780945,145.717619209688,312.9900988826237,-682.5902642109637,-6.54483027000341,-89.428182057349,0.47260876399833346,24.474413146136843
335,25.229357798165154,1199.7178328884127,198.35801675892202,145.40820866791736,318.1099408976532,-679.9229347638568,-6.325994019121827,-89.46163411784197,0.4743840974041211,24.948116656199765,1199.7315940342241,200.69270983045095,144.73157112640976,318.66884911580587,-679.8329321277964,-5.628030928460415,-89.54888828874998,0.5385917184214708,24.88244863169657,1200.2006825156534,198.97619119829994,145.70739367839826,317.7421225433205,-680.4527883531731,-6.645542227691183,-89.41930120371109,0.5052984129176253,24.872592767778297
336,25.633027522935777,1199.7157386366123,198.38551376785813,145.39610388930615,322.92979244008274,-677.710268078794,-6.274377612663458,-89.46446794646387,0.5210096666047085,25.35393536013817,1199.7672299710875,200.71835041949385,144.73339168962366,323.55253950245424,-677.6375010434388,-5.463858964550529,-89.55944860598696,0.6002031771230312,25.292668945699063,1200.1969584958817,198.99461221223717,145.70256252790594,322.6177508943033,-678.2202472676141,-6.492572107342046,-89.43003065583673,0.5445712512137071,25.28399242641661
337,26.036697247706428,1199.7135350818412,198.41329037955364,145.38401389321993,327.7333902866002,-675.4638572744134,-6.228868480445261,-89.4668308861042,0.5674165014541404,25.759794876798928,1199.7858886876718,200.72648700348776,144.73060093925696,328.30813194183827,-675.4012783440019,-5.501887949714916,-89.55584378725261,0.6194674222662573,25.694232667490578,1200.2069121041868,199.00891260437174,145.68982744271437,327.3528678023513,-676.0339268629043,-6.5162797586443775,-89.4265124752646,0.605474501212434,25.68374500287976
338,26.44036697247708,1199.7112162196167,198.44133340568413,145.37195015758832,332.5203899619325,-673.1838148378936,-6.189517107469458,-89.46871994874893,0.6135709168690137,26.165688039748197,1199.8499122199964,200.7373384091028,144.73029772166,332.8979265219338,-673.2255061473613,-5.719332882067708,-89.53821811477322,0.655236234653286,26.083220689152096,1200.2100822902587,199.0218946161672,145.67680288135287,332.1576859925208,-673.7676448749044,-6.480963100024761,-89.42760951502058,0.657625272713527,26.0906458091547
339,26.84403669724773,1199.7087760454574,198.46962965792343,145.35992416034046,337.2904495915923,-670.8702573799744,-6.156362193983761,-89.47013305516793,0.6594390732722374,26.571607732814556,1199.9095723273615,200.76319021104632,144.74086736097615,337.5707223267002,-671.022346900376,-5.6014792570751,-89.54537464731733,0.7259875769574691,26.480412307616277,1200.203759307083,199.0393890598166,145.68083329670608,336.9941507039147,-671.4053411119918,-6.331761464234101,-89.43883279945827,0.6853714568280682,26.50491331042576
340,27.247706422018354,1199.7062085548782,198.49816594794407,145.34794737940481,342.04322997721164,-668.5233055637453,-6.129430623268284,-89.47106903781167,0.7049869927067783,26.977546886269405,1199.9305630900108,200.77314624993747,144.725974080176,342.3961388037149,-668.641378183054,-5.661417534638028,-89.539608350915,0.7538485842775673,26.890828436796635,1200.1943467585988,199.05107660988625,145.66391593493827,341.87426384809135,-669.0375888398946,-6.116593585367481,-89.45282670156966,0.759236102200965,26.920959019132493
341,27.651376146788976,1199.7035077434002,198.52692908742338,145.33603129271154,346.7783946698806,-666.1430840333949,-6.1087374332959214,-89.47152764341348,0.7501805750043549,27.383498472928853,1199.9982124404528,200.80110867224846,144.71958581825038,347.1579856889325,-666.2959319900093,-5.668521058531839,-89.53684011896519,0.8132225272194235,27.298193688396143,1200.211943111064,199.0653719424372,145.66133721498346,346.63871061968143,-666.6636210747555,-6.09174228069758,-89.45336794026694,0.809497646593621,27.33018895018366
342,28.055045871559628,1199.700667606537,198.55590588803378,145.32418737818935,351.4956100413859,-663.7297213430484,-6.0942857922792335,-89.47150953529552,0.7949856140023214,27.789455504188343,1200.0678866947396,200.8393289170125,144.71771501373883,351.83108584374196,-663.9695603546468,-5.69047772091198,-89.53263589444934,0.8879544764286792,27.69948717278876,1200.209329831749,199.07648342687185,145.65414449053515,351.4171802077257,-664.2345532078613,-5.970414073735793,-89.4610042463651,0.8572167897744682,27.74132123270291
343,28.458715596330308,1199.6976821398084,198.58508316144895,145.31242711376711,356.1945453533156,-661.2833498858781,-6.0860669781016465,-89.47101629537852,0.8393678138013403,28.195411026002045,1200.1197282246471,200.85951634165406,144.7065612397882,356.51406308549565,-661.5402395512793,-5.852344903812378,-89.51885977185701,0.9162499676789746,28.1030786913665,1200.203465315058,199.09415092647532,145.6516271866031,356.19047971112474,-661.7658311787818,-5.774823096786455,-89.47424518685635,0.9184303308054792,28.15428013374293
344,28.86238532110093,1199.6945453387302,198.61444771934475,145.30076197737458,360.8748728239209,-658.8041058235915,-6.084060361639035,-89.47005042589313,0.8832928050574443,28.601358114818904,1200.1195114971217,200.8638906520169,144.70934874389505,361.1164399159943,-659.0747154504626,-5.8759056511331345,-89.51689196782641,0.9198796229484512,28.501981382354884,1200.2114863270858,199.10934505739266,145.6475801076323,360.8861840339805,-659.2905963962473,-5.7928277561242725,-89.47149154048877,0.9706791872734932,28.562377887582613
345,29.266055045871553,1199.6912511988194,198.64398637339372,145.28920344694032,365.5362676926847,-656.2921290164642,-6.088233393970627,-89.46861535079228,0.926726161300939,29.007289873487768,1200.1249957159948,200.87014579082063,144.7118260952838,365.76797571459224,-656.5437360877315,-5.919886146158828,-89.51326440754553,0.9274986704998549,28.90724886227698,1200.217265352636,199.12678598729013,145.65109572220152,365.51188157562467,-656.7828087479668,-5.825516538591916,-89.4684301530356,0.9961182714100842,28.96715312519176
346,29.669724770642205,1199.6877937155946,198.67368593527277,145.2777630003942,370.178408282526,-653.7475629540667,-6.098541597473008,-89.46671541686385,0.9696334152755873,29.413199427142704,1200.1530588271244,200.89574210375133,144.7053480420446,370.4633239819081,-654.0004346671826,-5.916582196980823,-89.51151491515738,0.9756032010603372,29.316501346198514,1200.215091976448,199.13034646329663,145.6457548814098,370.1732664917461,-654.2057663899419,-5.884940655116999,-89.4631801792762,1.016215922492808,29.374480980258227
347,30.073394495412856,1199.6841668845727,198.70353321665328,145.26645211566475,374.80097605955973,-651.1705546868099,-6.114928560795346,-89.4643558945418,1.0119800752907067,29.819079919081343,1200.1820567964774,200.92128413624542,144.70056043266848,375.1996800467942,-651.3808123558415,-5.923630902846228,-89.50910462967201,1.0204212651668876,29.73211198450444,1200.2067289549395,199.15258211988555,145.63875167260116,374.8177554115087,-651.630049705463,-5.802071006393436,-89.46778653503958,1.068404598740624,29.783157626027073
348,30.477064220183507,1199.6803647012725,198.73351502921128,145.25528227068165,379.4036556903689,-648.5612547584659,-6.137325937702271,-89.46154297841596,1.053731641579753,30.224924506647707,1200.2042482929344,200.9433101581717,144.70184915572494,379.8356463853253,-648.7670403808282,-5.921811133817117,-89.50788657910016,1.0531990971425125,30.140429207705804,1200.1932252217057,199.16318374330456,145.62698457598518,379.48845914955206,-648.9857269683645,-5.745090940124857,-89.4704609844373,1.1151204927002707,30.19438775347055
349,30.88073394495413,1199.6763811612075,198.76361818462067,145.24426494337345,383.98613509670486,-645.9198171397927,-6.165653449778546,-89.45828378743825,1.094853622657889,30.630726357131852,1200.2466324959742,200.98094881485042,144.69024070554417,384.6287546238268,-646.0590433772031,-5.924365891438979,-89.50487069012738,1.1157983302291627,30.56343962777987,1200.1866985831368,199.1711935311346,145.62798966328768,384.0595584660081,-646.3188372867701,-5.770295409925444,-89.46807382744085,1.1351731460562902,30.599919908222734
350,31.28440366972478,1199.672210259898,198.79382949455527,145.23341161167,388.54810550757657,-643.2463991634224,-6.199818892976923,-89.4545863648257,1.1353115516720198,31.03647864369805,1200.2672146916423,200.98890687731466,144.69933286382738,389.09191302690647,-643.4294467625921,-6.036490745466397,-89.49605382785109,1.1245729076313842,30.960442015967782,1200.184032677362,199.17909230177645,145.62124934395436,388.6568298189689,-643.6094276264994,-5.835748992913423,-89.46216990793229,1.1616502885381796,31.00860697097997
351,31.688073394495433,1199.6678459928598,198.82413577068934,145.2227337534999,393.0892615086456,-640.5411614601215,-6.239718147998565,-89.45045967765859,1.17507100273621,31.442174541352873,1200.2851860713881,201.00463429758622,144.7008367250345,393.64490719120533,-640.7149573612451,-6.0849753343180994,-89.49138353150222,1.1478527994201777,31.36692938016113,1200.1876583577903,199.18477715382255,145.6125165791559,393.1953577467162,-640.9078188370082,-5.958080813100239,-89.45144325102873,1.206301080622983,31.413608007650033
352,32.091743119266056,1199.663282355611,198.854523824698,145.21224284679246,397.6093010888969,-637.8042678965858,-6.285235194483174,-89.44591361617329,1.2140976072455376,31.8478072229656,1200.3176941034017,201.0454480628522,144.69125277441043,398.3922639057311,-637.8985638202527,-6.022908570143557,-89.49320154496648,1.216850198947665,31.791465124511774,1200.1941130912014,199.19776671679858,145.61270353361462,397.69562794311213,-638.1625517122272,-6.061349586740414,-89.4429951690466,1.2230663242505135,31.81849318248483
353,32.49541284403671,1199.65851334367,198.88498046825555,145.20195036947717,402.1079256845128,-635.0358855148925,-6.336242128992562,-89.44095899274899,1.2523570701614897,32.253369855351814,1200.3299919456729,201.0866679952965,144.69343617716632,403.01900997157173,-635.0903972292109,-5.797358679784297,-89.50796130868378,1.285563773398761,32.20737626405979,1200.2030017750608,199.21547020471158,145.6092067657568,402.1955225262946,-635.3921817549558,-6.188740223380856,-89.43220597794266,1.2540350970804515,32.22501268026205
354,32.89908256880736,1199.6535329525518,198.91549251303547,145.19186779948305,406.58484021990364,-632.2361844737372,-6.392599186763347,-89.43560754058777,1.2898151862623428,32.65885559543161,1200.3676235327835,201.09629842545021,144.68885518194926,407.47007288669073,-632.300926440108,-6.040277049106367,-89.48850120906579,1.2995226959990263,32.60983966086682,1200.2120864373442,199.2295236337957,145.6069038964436,406.64591635134786,-632.6080483746637,-6.331013148595665,-89.4202629774109,1.290062206185716,32.62879487351012
355,33.30275229357801,1199.648335177775,198.94604677071237,145.18200661473892,411.03975314585415,-629.4053379916048,-6.454154767205637,-89.42987191208726,1.3264378563509405,33.06425758647389,1200.401433023178,201.12809405490418,144.69647193991995,411.97488617862103,-629.4604473458052,-5.960091615794818,-89.49280525691788,1.345498427686417,33.01893946029296,1200.2103973190149,199.23868572186987,145.61072925562164,411.13002398765195,-629.7253043867836,-6.384487617570549,-89.41610166025406,1.3026068070489516,33.03755659347989
356,33.70642201834863,1199.6429140148562,198.97663005296022,145.17237829317435,415.4723764747271,-626.5435222919817,-6.520745463120061,-89.42376567690559,1.3621911034138692,33.46956895443712,1200.438065370262,201.154739574495,144.70879972651903,416.4207151060435,-626.595765988807,-5.974972954012829,-89.49033239904851,1.3755129052276853,33.42577157574393,1200.2176624635617,199.2493687177869,145.6011047643262,415.5592693431947,-626.8712227358423,-6.57946291746167,-89.39993559555798,1.332091226551907,33.44216696407506
357,34.110091743119256,1199.637263459314,199.00722917145328,145.16299431271833,419.88242581268617,-623.6509165507512,-6.592196093608247,-89.41730331971783,1.3970410887244546,33.87478280441756,1200.440882968166,201.16311324953176,144.7026685839252,420.8595009616133,-623.669503596072,-6.02126210689772,-89.48599245548975,1.3938086539214791,33.83179077111752,1200.2284363267308,199.2857192991246,145.60487755412686,419.96345615456613,-624.0098688640121,-6.624929924587163,-89.3945337608739,1.3970273427041964,33.84933998201458
358,34.51376146788991,1199.6313775066658,199.03783093786706,145.1538661513002,424.2696203888961,-620.727702845892,-6.668319740644495,-89.41050023766446,1.430954127883342,34.27989221721518,1200.430981334,201.15336072742744,144.70487933183554,425.2112053595048,-620.7122279195311,-6.204712984706667,-89.47271824191712,1.3749194836127552,34.233729538777695,1200.2343706175352,199.29794198201597,145.60035791553096,424.30377622621523,-621.1144480139966,-6.769519905256807,-89.38226125141165,1.4163202174305083,34.24995772393602
359,34.91743119266056,1199.6252501524252,199.06842216387395,145.14500528684874,428.63368308165485,-617.7740661096032,-6.748917789279558,-89.40337273749033,1.4638967067892825,34.684890246027194,1200.5023636291166,201.19892082135294,144.7116260643729,429.56856900034865,-617.826959315724,-6.219697178892571,-89.46876673058019,1.4399134091677865,34.63670631735666,1200.2297837437304,199.31518937638,145.59760691451498,428.69877047827083,-618.1459148223945,-6.80536662102446,-89.37821012505518,1.4470083050658922,34.65755789690963
360,35.32110091743121,1199.6188753921138,199.09898966114991,145.13642319729357,432.97434044143773,-614.7901940829747,-6.83377997144214,-89.39593803237543,1.495835497533917,35.089769913279454,1200.5719438601134,201.23506866722983,144.71663461442256,433.86939585863826,-614.9257830057102,-6.30281857165159,-89.46019684720251,1.4903039620847756,35.036664566892554,1200.2320809019866,199.32314729228972,145.59546061397765,432.99308440137355,-615.1962807435472,-6.932407941500022,-89.36711959117048,1.4854928629835613,35.057522186019426
361,35.72477064220183,1199.6122472212473,199.1295202413679,145.12813136056369,437.29132271079214,-611.7762772733222,-6.922684413307369,-89.38821423845636,1.5267373742132804,35.4945242076045,1200.5993626456584,201.24452410943775,144.71717839751295,438.1364893882559,-611.9441754102718,-6.459803770212732,-89.44752297904144,1.5091302226191747,35.43534470680829,1200.2207133616525,199.37788905303785,145.59739785977368,437.3215661360938,-612.2281220430311,-6.849648915805189,-89.37073278251523,1.555921124642753,35.465536296601904
362,36.128440366972484,1199.6053596353436,199.1600007162031,145.12014125458822,441.584363841078,-608.732508914302,-7.015397686193575,-89.38022037103957,1.5565694286496397,35.8991460809755,1200.635092976735,201.26779617520822,144.72924409333484,442.41746838535084,-608.9225700360006,-6.56087390360474,-89.43863106061276,1.5391003927427385,35.83872180720691,1200.2197731096148,199.400343034465,145.6004844500831,441.60896813530303,-609.1876606999184,-6.947051181718958,-89.3622935928865,1.5847033539880893,35.8705152491086
363,36.532110091743135,1199.5982066299189,199.19041789732967,145.11246435729618,445.8532015060049,-605.659084928919,-7.1116748609543565,-89.37197634050582,1.5852989860166808,36.303628446004936,1200.688719082496,201.2938271793463,144.73375195350138,446.6826918384342,-605.8882090970567,-6.663352916496939,-89.42914314994471,1.5743234112104274,36.24174793592302,1200.2092540667775,199.42711777453587,145.5970923365491,445.92707950744045,-606.0956368851186,-7.019811515564657,-89.35528491153727,1.6229017587313024,36.27996742293421
364,36.93577981651376,1199.5907822004908,199.22075859642132,145.10511214661705,450.09757711195243,-602.5562038955395,-7.21125956582643,-89.36350294790722,1.6128936203615325,36.707964173415874,1200.7253070295908,201.32516789840975,144.7380647286627,450.8834545484401,-602.8361652872936,-6.789548068424189,-89.41781827846307,1.6061192354261198,36.64140506809355,1200.212372451625,199.44737886315173,145.6011354106992,450.1201988607425,-603.0258835591186,-7.134004691349179,-89.34558245631807,1.6413694203692364,36.680245538457946
365,37.33944954128441,1199.5830803425774,199.2510096251524,145.09809610047967,454.31723580504297,-599.4240670170112,-7.313884047698017,-89.35482188025674,1.6393211700168935,37.112146089694164,1200.7286866738275,201.34185166036445,144.7466895419305,455.1264161211222,-599.6773294894489,-6.84176661274731,-89.41318098248865,1.6226003281965544,37.04707429320145,1200.2083695776596,199.476777272209,145.6043447797748,454.3546465043152,-599.8912653317558,-7.215344374302282,-89.33816789327412,1.678592652419538,37.08712449055645
366,37.74311926605506,1199.5750950516954,199.28115779519794,145.09142769681347,458.51192647494526,-596.2628780930037,-7.419269236755766,-89.3459557055114,1.6645497528965365,37.51616697492801,1200.7843086416983,201.38808439326806,144.74465662784206,459.2404229190341,-596.6375786728096,-7.010332437572949,-89.39760962202277,1.6793327595875773,37.44134235509866,1200.1989647075993,199.48458985027776,145.59823183674263,458.6252148942138,-596.6719254984611,-7.356355243262188,-89.32654904075663,1.6980037055991228,37.49698044571365
367,38.14678899082571,1199.5668203233613,199.3111899182324,145.08511841354766,462.6814017553928,-593.0728434956623,-7.527124814473983,-89.33692786725022,1.688547781667662,37.92001956084271,1200.8148316650277,201.4096642808757,144.7430113165909,463.3739175966188,-593.4908970760682,-7.193400732180049,-89.38230826029262,1.701549549562956,37.84028053431626,1200.19499484275,199.5055416026188,145.59931296120027,462.80555017562676,-593.4749238759557,-7.46004433372022,-89.31763311192562,1.7209246807227927,37.90223290833872
368,38.550458715596335,1199.5582501530944,199.34109280592816,145.07917972861117,466.8254180213987,-589.8541721486858,-7.637149284904422,-89.32776267904771,1.7112839787936733,38.32369652903637,1200.815246786065,201.42536016762065,144.75675657289517,467.5424710110836,-590.2428156994333,-7.251196480137405,-89.37745088806012,1.718526779923679,38.2456708207266,1200.193974786294,199.51212408657125,145.59826811289352,466.97814643002914,-590.2132303932707,-7.625638577130934,-89.30471865093016,1.7237925289982148,38.30794411038354
369,38.95412844036696,1199.5493785364108,199.3708532699605,145.07362311993322,470.94373538315676,-586.6070755099082,-7.749030049227161,-89.31848531854493,1.7327273914404964,38.72719050942241,1200.8224728747007,201.43380489366203,144.7657813151113,471.64575565712613,-586.9921932317724,-7.428343766453949,-89.36371946091002,1.7282279302959411,38.64695663377746,1200.1999092363508,199.53777860419143,145.6051893947516,471.00154312856046,-587.0486406099388,-7.702235077164792,-89.2972800056174,1.7570550429926022,38.703003407631925
370,39.35779816513761,1199.5401994688277,199.4004581220055,145.06846006544322,475.0361176766139,-583.3317675574991,-7.862443483522176,-89.30912182121918,1.7528474062403323,39.13049407888457,1200.8538394000218,201.45434089980233,144.7700366152715,475.7025969503358,-583.7576327471945,-7.645265046431775,-89.34602152293839,1.7476084703046135,39.04605868717405,1200.2042426698415,199.55869748176204,145.61132361392205,475.0397672301924,-583.8140177776061,-7.801079582602568,-89.28866741965972,1.776712947810987,39.101545229121534
371,39.76146788990829,1199.5307069458624,199.4298941737348,145.06370204306998,479.1023324507017,-580.028464779851,-7.977055019721237,-89.29969907385455,1.7716137639061025,39.53359976014868,1200.8709035620022,201.48826274041016,144.7762304577058,479.7667882310853,-580.4822474203216,-7.744837498628263,-89.33688981345017,1.7720983680801023,39.44715794300973,1200.2028761885736,199.58057109040442,145.61275552780637,479.09831820818374,-580.5277758679606,-7.91074819442484,-89.27895529002103,1.8007528874314835,39.503733821151904
372,40.16513761467891,1199.5208949630323,199.45914823682358,145.059360530743,483.1421509512368,-576.6973861692616,-8.092519229699217,-89.29024480771537,1.788996573690556,39.9365000208756,1200.8997519576237,201.55822875814852,144.82092008378365,483.9397698444959,-577.0675943383794,-7.684792341275635,-89.33985945253072,1.8114652967214582,39.86451021367938,1200.2138958943447,199.61685654413796,145.62797327619248,483.0540945721938,-577.2574593560308,-7.970145761980981,-89.27362578535241,1.8075289861075938,39.90048227457106
373,40.568807339449535,1199.5107575158545,199.48820712294747,145.05544700639118,487.1553481014692,-573.3387532194723,-8.208479912465453,-89.2807875914248,1.8049663276832821,40.33918727297926,1200.9018690636954,201.5534995357441,144.80307969633645,487.8781024752407,-573.7740323628683,-7.9193794332410885,-89.32129398061444,1.8081057499383344,40.25619919135648,1200.2143425173535,199.63245652271178,145.62986737810306,487.0981995404616,-573.8691354072281,-8.093428514823705,-89.26358282012224,1.8133606617262894,40.30539204316433
374,40.972477064220186,1199.5002885998476,199.51705764377812,145.05197294794374,491.1417024792894,-569.9527899271709,-8.324570184413956,-89.27135682355136,1.8194939149397524,40.74165387217226,1200.925931414015,201.59875315311504,144.8252244445906,491.8820164288698,-570.3985676251579,-8.009616946847494,-89.31285837371625,1.8342282760974011,40.66005672750679,1200.212773048558,199.64056533470819,145.6280818177965,491.1187052952347,-570.4504338080643,-8.25860227342363,-89.25045356841444,1.8165049039560126,40.70999444334129
375,41.37614678899084,1199.4894822105277,199.54568661099228,145.04894983333,495.10099629108964,-566.5397227975063,-8.44041257259367,-89.26198272490613,1.83255063543603,41.143892117741494,1200.9351685535917,201.6524820086313,144.8410500572213,495.88990101441266,-566.9749593484763,-7.939242081317229,-89.31611889420171,1.8514975325765053,41.06636354920878,1200.2184839227682,199.66792411195922,145.63118381402805,495.0594558230965,-567.0712453090915,-8.36996903371766,-89.24052496634549,1.833720428986348,41.10974739075509
376,41.77981651376149,1199.4783323434121,199.5740808362633,145.04638914047914,499.0330153422906,-563.0997808537209,-8.55561911096037,-89.25269633055392,1.8441082138429497,41.54589425255617,1200.9416518420958,201.69867059247474,144.85911243900628,499.92441140718876,-563.4626550609878,-7.925645517842909,-89.31582896428375,1.8643944543336939,41.478124528703184,1200.2206089656543,199.69034156378518,145.6337908439919,499.00354161167263,-563.6286175992703,-8.510292576686556,-89.22896879230127,1.840851507867619,41.512594473718494
377,42.18348623853211,1199.466832994017,199.60222713126495,145.04430234731993,502.9375490045354,-559.6331956509418,-8.669791439570897,-89.24352948154151,1.8541388131139698,41.94765246330868,1200.9535731471951,201.74191135157588,144.87279573843293,503.9113704037302,-559.9491296901,-7.994947989663535,-89.30923876196339,1.8824618878897093,41.88691724110916,1200.2288279730274,199.72116159937968,145.64319193684045,502.90858810326444,-560.1641641321689,-8.575172779450654,-89.22317190282583,1.8450006197887239,41.91465981173924
378,42.58715596330276,1199.454978157862,199.63011230767097,145.0427009317819,506.8143901795668,-556.1402012942232,-8.782520906681869,-89.23451481634739,1.8626150478805363,42.349158880989386,1200.9540213639148,201.7633054230984,144.87541777244226,507.8096689912827,-556.449789805243,-8.0686128583318,-89.3026012532508,1.8843492176584666,42.28835626568291,1200.2306042554037,199.7262649838265,145.63969960354692,506.81395908923656,-556.6520326813229,-8.779331295578409,-89.20697736938581,1.8511905304312286,42.317194209022546
379,42.990825688073414,1199.4427618304642,199.65772317715812,145.04159637179433,510.66333525978973,-552.6210344608842,-8.893388673718844,-89.22568576205589,1.8695099976490939,42.75040558159447,1200.951737885583,201.7956855074749,144.89421322439009,511.6937751157573,-552.9045144964773,-8.120784054867276,-89.29761204157887,1.8841902006096067,42.692595501180364,1200.234389747977,199.73497203714513,145.6421935137246,510.68689383941484,-553.1047012520942,-8.94867744033975,-89.19387729188409,1.8464942716848296,42.71984564205454
380,43.39449541284404,1199.4301780073388,199.68504655139878,145.041000145286,514.4841840855465,-549.0759344272234,-9.00196582307793,-89.21707652526129,1.8747972197940599,43.15138458706693,1200.9565284179757,201.80405765680837,144.89883848972335,515.5370565170989,-549.340893153878,-8.315124674196893,-89.28246117690529,1.8830572007564703,43.094106363844695,1200.2379355848716,199.7647337011765,145.65181269156224,514.5416345395686,-549.5268422633919,-9.01458016888264,-89.18834869962642,1.848021040615224,43.124561280850976
381,43.79816513761469,1199.4172206840049,199.71206924206774,145.04092373018642,518.2767398991197,-545.5051430996476,-9.107813468726428,-89.2087220827054,1.878450762341173,43.55208786646893,1200.962931394045,201.83814076676495,144.9286801218254,519.3355755626267,-545.7653998091063,-8.459502154627232,-89.27060766868702,1.8834563468811267,43.49623199037903,1200.2366162513295,199.76795534717525,145.65200370428246,518.405741535243,-545.8851339041861,-9.162791074438529,-89.17697629438658,1.8410120169748052,43.530892726233
382,44.20183486238534,1199.4038838559798,199.7387780608382,145.04137860442447,522.0408092954673,-541.9089050502835,-9.210482869571125,-89.20065817165403,1.8804451765353531,43.952507337382556,1200.9650374053517,201.8635903620917,144.93811475700375,523.1475387819596,-542.146051298899,-8.58958026266701,-89.25978453135492,1.8911715227874384,43.89932857253078,1200.240653074704,199.78570776602692,145.65835327606487,522.1889881832257,-542.2658534574165,-9.273466467687545,-89.16827255631121,1.8354851539955592,43.93288713243004
383,44.60550458715599,1199.390161518779,199.7651598193861,145.04237624592946,525.7762021697429,-538.2874675571128,-9.309515545560652,-89.19292128001752,1.8807555291878308,44.35263486753795,1200.9643203312621,201.86451405410628,144.9373500655219,526.8988900781094,-538.5056073615859,-8.717727356708037,-89.24977056014372,1.8764348260299542,44.29952745146777,1200.2379793997206,199.8134520274064,145.66429459461935,526.0009937250741,-538.5767345944253,-9.35609896211983,-89.16145656131874,1.838159329201809,44.34090428903111
384,45.009174311926614,1199.3760476679213,199.79120132938476,145.0439281326307,529.482731661595,-534.6410806486901,-9.404443396494258,-89.18554863622066,1.8793574147973435,44.75246227666338,1200.9720109364864,201.87915205477012,144.94757271893627,530.6175770596774,-534.8591614034444,-8.921356776856399,-89.23370049467607,1.8775860095466708,44.6991980593791,1200.2442957493329,199.8420688303098,145.67034166106072,529.7580861996697,-534.8942263265486,-9.434005726604163,-89.1548840203944,1.841700896732207,44.74546906351411
385,45.41284403669724,1199.3615362989244,199.8168894025091,145.04604574245695,533.1602140962942,-530.9699971534699,-9.494788823508113,-89.17857819882778,1.8762269674398624,45.151981338554855,1200.993803963278,201.90224881443908,144.9695889867187,534.2121664604674,-531.2841625838532,-9.073415960757165,-89.22149529600209,1.8681871928482563,45.089631249117566,1200.245666472841,199.86995701869375,145.67677070324572,533.5527598474605,-531.1132034632815,-9.485479323289898,-89.15083362706625,1.838053105917342,45.1569924900909
386,45.81651376146789,1199.346621407305,199.8422108504319,145.04874055333778,536.8084689227071,-527.274472753797,-9.580064853212395,-89.17204864592911,1.871340872421904,45.551183783359185,1201.0420951994317,201.9321049205074,145.00745262811213,537.6419792204052,-527.8254489159808,-9.288207183855087,-89.20469036357801,1.8531059354063475,45.466476554707384,1200.244610446593,199.90117898304777,145.68189747923319,537.2908044648817,-527.3453688490712,-9.54458176183544,-89.14573788977721,1.839990246584561,45.56530926620942
387,46.22018348623854,1199.3312969885806,199.86715248482915,145.05202404320235,540.4273186481583,-523.5547660445947,-9.659775264457217,-89.1659993642947,1.8646763776925501,45.95006130006549,1201.0422469055202,201.9521604084009,145.00736427222768,541.3119799715821,-524.0972589624265,-9.344964673803581,-89.19929809331482,1.8551203028103218,45.86697723863147,1200.239587178982,199.92299558957006,145.68569657952474,540.9295717357112,-523.6318469838017,-9.636304717322297,-89.13809264144918,1.8424783514625533,45.96437870055199
388,46.62385321100919,1199.3155570382687,199.8917011173748,145.05590768997953,544.0165887702027,-519.8111385967711,-9.733414717703212,-89.16047043830264,1.8562113050093456,46.34860553919947,1201.0626028415868,202.02217088039663,145.04861740579602,544.8852814757677,-520.4350619117506,-9.235205026817416,-89.20586570491456,1.8543228195522419,46.26227079127982,1200.2371146971482,199.94874491434553,145.6953650705426,544.4888102882591,-519.934266472095,-9.701983172551145,-89.13333621409262,1.8309588272573465,46.35813599036639
389,47.027522935779814,1199.2993955518846,199.91584355974214,145.06040297159876,547.5761077053588,-516.0438550253923,-9.800468886977734,-89.15550263864819,1.8459240608533893,46.746808115712824,1201.0784063952551,202.04392319006115,145.0574063634781,548.3181021260207,-516.8300778162023,-9.394454589246726,-89.19231205572319,1.8401913648100974,46.64526431369429,1200.2300877803866,199.9733265113207,145.702183099603,548.0090603033807,-516.2437963446004,-9.8312009872359,-89.12333527055449,1.8357738810951616,46.7496269118341
390,47.431192660550465,1199.2828078862826,199.93956723316887,145.06552005678873,551.1057177077979,-512.2531769254321,-9.860428466402022,-89.15113621323242,1.8337980005740195,47.1446617468945,1201.08027867484,202.07127839786068,145.06019816547396,551.9463133302127,-512.9999191531139,-9.448602212812672,-89.18702248198066,1.8503656336288874,47.04911295934813,1200.2028020628723,199.99120455254274,145.70587313347488,551.5461888833344,-512.4720530792379,-9.87916901946724,-89.11917375050224,1.8296111036506533,47.14658194252312
391,47.83486238532112,1199.2658027720668,199.96286554722502,145.0712562526954,554.6053707253002,-508.4393079023565,-9.912917107440741,-89.14739989277159,1.8198597401789944,47.542170278534876,1201.0971466885403,202.1027299801574,145.08512637935448,555.4466564561525,-509.22712383659893,-9.379386783646938,-89.19164789073712,1.831688763602983,47.44376381917689,1200.1562601732312,200.01235134181013,145.71349776920704,555.0118095584963,-508.7207992631279,-9.895021668301665,-89.11773114243013,1.8232984481249401,47.5389427681484
392,48.23853211009174,1199.2483965306433,199.98573531040145,145.0776015663641,558.0750785161479,-504.60241708074784,-9.957648398324586,-89.1443147535095,1.804160328214314,47.93934389511639,1201.131183981961,202.12371205007048,145.11591995445372,558.8122394671632,-505.52515151735497,-9.40711044964782,-89.18934024590867,1.8044447098022938,47.82801534416132,1200.131122066121,200.03872829127408,145.72482471404427,558.4509839920564,-504.93056540604044,-9.857173767951528,-89.12106529243124,1.794920111369175,47.93198523929442
393,48.64220183486239,1199.2306055705424,200.00817337019794,145.0845459210508,561.5148511943064,-500.7426722248275,-9.994353748136293,-89.14190048385564,1.786751138296961,48.33619287722387,1201.13355479012,202.11452880409365,145.1234628111586,562.3507715401681,-501.5661782262973,-9.59206274911996,-89.1760524646333,1.7901094712543284,48.23406903008488,1200.1049650222553,200.05153897912624,145.73506010561863,561.8991841081555,-501.0593175895307,-9.925566851582362,-89.11673384049193,1.7708731705624061,48.32935946366538
394,49.04587155963304,1199.2124463002997,200.03017657411556,145.09207924001234,564.9246965499574,-496.8602401411713,-10.022781418540736,-89.14017546724293,1.7676835692407316,48.73272753373371,1201.1318429923062,202.10635600356932,145.1357431158114,565.8367000476397,-497.59347930422456,-9.677788498041553,-89.17022919036393,1.765579876658352,48.638616658424596,1200.0863382102555,200.06660321529174,145.74209166462268,565.3529619379017,-497.14157731726283,-9.968213032051093,-89.11392636302693,1.7498830831587329,48.72974789809956
395,49.44954128440369,1199.1939351284445,200.0517417696558,145.10019144650505,568.3046200813027,-492.95528668843804,-10.042696417632957,-89.13915679038334,1.747009024551832,49.1289582060025,1201.164163135044,202.1329915165802,145.15124779246685,569.1537682433556,-493.8297610232925,-9.803450694781324,-89.15964991500063,1.759623071313115,49.02343893748727,1200.0503722436001,200.09099116017615,145.7518308919258,568.6985406174122,-493.3083431025021,-9.943609108043155,-89.11585986779589,1.7344477656676462,49.120566116896214
396,49.853211009174316,1199.1750884635098,200.07286580431872,145.1088724637852,571.6546250288917,-489.0279767830224,-10.053880393158815,-89.13886025163502,1.724778892151066,49.52489527149382,1201.1759849171435,202.11725714392628,145.16795661293088,572.5589279345459,-489.83102859642116,-10.007064357870206,-89.14542904069596,1.7354605745207097,49.42551214084633,1200.0276199500875,200.10371692493644,145.7578422532329,572.1111062821684,-489.32875907365155,-9.986800542825076,-89.11298515861775,1.7130306924065295,49.52243573732154
397,50.25688073394494,1199.1559227140274,200.09354552560512,145.1181122151093,574.9747124122329,-485.07847440085726,-10.056131525105402,-89.1393003694766,1.7010445243166041,49.920549146867444,1201.1683877506352,202.12181133462423,145.1758433802139,575.9932501027666,-485.77771346880525,-10.01126748389638,-89.14520249513733,1.71726835341005,49.83180267763134,1200.0030495000647,200.12432963293395,145.76858013507095,575.4281380813425,-485.4001389818473,-9.969759137830337,-89.11491589953606,1.6845745076866439,49.91700463688948
398,50.66055045871562,1199.1364542885287,200.1137777810177,145.12790062373384,578.2648810684705,-481.10694257557896,-10.04926441765685,-89.14049039108231,1.6758572178409759,50.315930290557425,1201.1608612267137,202.12532903247597,145.18234501812384,579.3996477971172,-481.69628918592514,-10.012026513997597,-89.14529495713685,1.7007122168423177,50.23822452595185,1199.9797778764994,200.14410102188162,145.78361772166704,578.6249358732357,-481.57480888331213,-9.878480745895041,-89.12216181432426,1.6590426993011171,50.30072139129637
399,51.06422018348627,1199.1166995955477,200.1335594180557,145.13822761291527,581.5251276929124,-477.1135433933018,-10.033109990506386,-89.14244230099531,1.6492681943967418,50.71104920486398,1201.178842400362,202.14790416501955,145.2025676189666,582.6462275514707,-477.7678602695987,-9.974670288518283,-89.14757639904701,1.6806920841669148,50.62896099443139,1199.9914216311013,200.15669034611145,145.80011023811636,581.8546454814978,-477.6366365094998,-9.748895958085784,-89.13300467646187,1.6197630451103466,50.692049126388504
400,51.46788990825689,1199.096675043615,200.15288728422024,145.14908310590977,584.7554468811919,-473.09843798418734,-10.007515369516348,-89.14516682989246,1.6213285811046914,51.10591643758512,1201.192090409329,202.1543593472561,145.22162024471658,585.9438944998786,-473.70410908456074,-10.011420162087912,-89.14523853977272,1.662265107725665,51.029416146185135,1199.9898865833895,200.1693254234333,145.81358203470955,585.0081491709574,-473.75432551687965,-9.710058966535676,-89.13633111975753,1.5965989053136678,51.076463492717856
401,51.871559633027516,1199.0763970412631,200.1717582270128,145.16045702597404,587.9558311728684,-469.0617865110583,-9.972343776712762,-89.148673463437,1.5920893912986487,51.5005425832123,1201.2182733596273,202.16030345302102,145.2529417301923,589.0236892301788,-469.8205420481305,-10.045251219134936,-89.14283846812526,1.6188772783564724,51.4102646769784,1199.9914989993672,200.17472764651683,145.82244156424832,588.2350526507386,-469.71666026303,-9.738066028189358,-89.13473563254614,1.5755115992981292,51.4725578648052
402,52.27522935779817,1199.055881997023,200.1901690939332,145.1723392963641,591.1262710962407,-465.00374815525026,-9.927474419604087,-89.15297045121429,1.561601505481013,51.89493828371554,1201.2224134933085,202.1555869492588,145.27988701896487,592.2799274069584,-465.6594009357817,-9.906498854568747,-89.1546068207344,1.582431906551692,51.81445011526661,1199.9915511731238,200.18775340301522,145.8372930149236,591.3496684323326,-465.77074003973433,-9.668125149227427,-89.14062156811704,1.5524089951213869,51.858434981238
403,52.67889908256882,1199.0351463194283,200.2081167324839,145.1847198403369,594.2667552141977,-460.92448109992137,-9.872802379806835,-89.15806481574613,1.5299156524633524,52.28911422894293,1201.2315890502236,202.16727987182526,145.2907995545301,595.3597097246194,-461.7013887094224,-10.019053736823336,-89.14525134668564,1.5515903575462857,52.199203949720655,1200.0161837895016,200.18771971086406,145.850602775393,594.5900116950581,-461.5677353274755,-9.677775858122025,-89.14180473849618,1.5142449873995958,52.26417797837946
404,53.08256880733947,1199.0142064170095,200.22559799016494,145.19758858114844,597.3772701708896,-456.82414251102244,-9.808238500965755,-89.1639623615793,1.4970823906858104,52.6830811566583,1201.2380405424872,202.15822184352396,145.30836260375278,598.5139308927243,-457.55482313539716,-10.078233695962508,-89.14165367923242,1.5203420844018947,52.59803341416382,1200.008205506679,200.19186191443964,145.8574030082412,597.7355810894621,-457.46197775541685,-9.649413290378735,-89.14412637124242,1.4939259846883504,52.66042107000065
405,53.48623853211009,1198.9930786982995,200.24260971447706,145.21093544205527,600.4578007390471,-452.70288851614544,-9.733709275948602,-89.17066768444495,1.4631520897100063,53.076849852241914,1201.2311555472909,202.15597022570455,145.33026118218027,601.518547947566,-453.55530647978543,-9.860313018138264,-89.15845880829035,1.474312563350366,52.98181981254303,1199.9991511417452,200.19763030608374,145.87531993832513,600.7685442650021,-453.4128534462566,-9.486604399666843,-89.15772707834775,1.4536463584523682,53.0483736541208
406,53.889908256880744,1198.9717795718316,200.25914875292256,145.22475034631398,603.5083298677523,-448.5608741814364,-9.64915673330124,-89.17818418048395,1.4281749118792442,53.470431148077864,1201.224763686509,202.14362232073262,145.34327440104076,604.6655317249949,-449.31234228521697,-9.791539820336709,-89.16468739180553,1.4493796502180818,53.38570656020757,1200.0010105692772,200.19984895050834,145.8871080052486,603.8792044382858,-449.20020817858745,-9.403033461751978,-89.16527914224034,1.4165118158946355,53.44897462620368
407,54.293577981651396,1198.9503254461351,200.2752119530001,145.2390232171807,606.5288387304685,-444.3982534867945,-9.554538322943017,-89.18651405553565,1.3922007941406371,53.86383592265091,1201.2022615693945,202.13213037477698,145.36465029258545,607.6217277484824,-445.24353016132295,-9.454891626387228,-89.19097197008531,1.3959032203738888,53.77141979934653,1199.9977402973705,200.2044696750429,145.89254631279218,606.9364978972721,-445.039685066571,-9.42869982798509,-89.16345376152691,1.401771377237901,53.84431606065308
408,54.69724770642202,1198.928732729742,200.29079616221128,145.25374397791185,609.5193067731761,-440.2151792995356,-9.449826801084225,-89.19565833448598,1.3552794300230293,54.25707509937716,1201.1892418170808,202.1112031359819,145.38587040428808,610.7058642027243,-440.9356962056517,-9.224896091545592,-89.21023714296068,1.3601961568413732,54.17646114649358,1199.993970935746,200.20811248462763,145.91250289883115,609.9345795926785,-440.84316813729174,-9.253179502117055,-89.1787994114474,1.3581793328587415,54.238761102791585
409,55.10091743119267,1198.9070178311879,200.3058982280586,145.2689025517642,612.4797117624186,-436.01180334673023,-9.335010114346769,-89.20561687067256,1.317460251765624,54.65015964519085,1201.1982784129318,202.11287675381936,145.37883031626484,613.7790217786641,-436.6536953616195,-9.604897960878478,-89.18091398584586,1.3585595645129926,54.57944470798958,1199.9883660282023,200.21352272041776,145.92632833377837,612.9010705121406,-436.6546410741009,-9.115873955486787,-89.19025936337518,1.324802140903941,54.63185834561872
410,55.50458715596332,1198.8851971590025,200.32051499804174,145.28448886199385,615.4100298330882,-431.78827618640815,-9.21009128306861,-89.21638835534351,1.278792412591226,55.04310056890839,1201.1776917675718,202.08570741260382,145.4220249083695,616.5914270777578,-432.55241762800347,-8.983603668365152,-89.23037084276221,1.2827603717597005,54.96122336449915,1199.987546197081,200.21836904254474,145.9456196323276,615.8055352072815,-432.47497676526376,-8.940674148825016,-89.20528446139126,1.2830238173833715,55.021629120855216
411,55.90825688073397,1198.863287121718,200.33464331966184,145.30049283185727,618.3102355358006,-427.54474717780744,-9.075088283771514,-89.22797032716771,1.239324769118754,55.435908919393995,1201.177552907238,202.0752496525429,145.4296346522353,619.6282148684045,-428.16238650674086,-9.022322210312744,-89.22834342016775,1.2712634844023496,55.36893492881737,1199.9798453616427,200.22200500269992,145.9524534229894,618.7520623942457,-428.20734621398293,-8.89987470574599,-89.20870855458489,1.2613882170477462,55.418465828707326
412,56.311926605504595,1198.841304127866,200.34828004042032,145.3169043846109,621.1803018836812,-423.28136445087415,-8.93003393077308,-89.24035918179477,1.1991058639096666,55.828595783545936,1201.1539932152882,202.06633321312896,145.43616197246553,622.5830220567574,-423.81094536527587,-8.88222094616464,-89.23961548587349,1.2388362100767203,55.77114864790324,1199.9794189152803,200.22420620860152,145.9631785777879,621.6546285085186,-423.93243824746236,-8.84325028210505,-89.21374405057304,1.2342176755735617,55.81426161782677
413,56.71559633027522,1198.819264585978,200.36142200781586,145.33371344351113,624.020200398412,-418.99827487518735,-8.77497575692246,-89.25355018146227,1.1581839081425773,56.22117228412585,1201.1367335852574,202.05706197914583,145.43823285691107,625.4949496376043,-419.4594590946128,-8.899220503058075,-89.23863474559325,1.2130472604296452,56.1716527068585,1199.980986286023,200.22584426765684,145.97668622573585,624.5177728532313,-419.63812731588865,-8.733608777287317,-89.2232468036616,1.201946680122179,56.20893003936293
414,57.11926605504587,1198.797184904589,200.3740660693527,145.35090993181478,626.8299011553797,-414.6956240284897,-8.609975893440016,-89.26753746464958,1.1166067644109967,56.61364957745104,1201.1245521300614,202.04150717567816,145.46971224126636,628.274670657246,-415.21827026130285,-8.552445486027976,-89.2671098630233,1.1643899348833426,56.55938707485831,1199.9978347908077,200.2191263132524,145.99089221642836,627.396630325239,-415.23170172299126,-8.677925526079745,-89.22950342873663,1.1589612217619416,56.61064770916679
415,57.52293577981652,1198.775081492227,200.38620907252903,145.36848377277752,629.6093728277752,-410.373556165018,-8.435110948841302,-89.28231405577657,1.0744219296387274,57.00603885096959,1201.1165679456403,202.01516043338916,145.48485085142437,631.1111694358575,-410.8008791943789,-8.579095532277869,-89.2668977114334,1.1284106882864258,56.96065893478113,1200.0113641476526,200.21917094183712,146.00193738890604,630.2516705208045,-410.82242700902304,-8.591332909419728,-89.23744869947419,1.1252817676862579,57.01176404962227
416,57.92660550458717,1198.7529707574272,200.3978478648475,145.3864248896563,632.3585827295092,-406.03221418379377,-8.250471886924103,-89.29787187494684,1.031676518107992,57.398351320738534,1201.111738408773,201.9928083808888,145.50819516879682,633.8398549890464,-406.49221515509413,-8.513900316171302,-89.27379941681016,1.0863880011188565,57.350641532147186,1200.0365920646702,200.2105948142712,146.02339164985597,633.0237738402657,-406.41938095694445,-8.400920929215156,-89.25461487333658,1.066461409821848,57.408597009860806
417,58.330275229357795,1198.730869108721,200.408979293808,145.40472320570734,635.0774968567792,-401.67173959706776,-8.056163903800794,-89.31420174773483,0.9884172445947587,57.79059822882268,1201.0825373742996,201.96796254260565,145.5314922897731,636.4925425144988,-402.2129429976391,-8.227409731476358,-89.29744084575319,1.0213858217131901,57.73605991407226,1200.0389718698443,200.20854721953924,146.0333246844045,635.7673896320314,-402.0292605656451,-8.204309738313256,-89.27148544773473,1.0203333933803858,57.80383731424081
418,58.73394495412845,1198.7087929546383,200.41960020691198,145.4233686441871,637.7660799281662,-397.29227249906614,-7.852306303954828,-89.33129341501692,0.9446904076066954,58.18279084063362,1201.0762606772155,201.93669395366578,145.55859984763924,639.233264969876,-397.7400690245064,-8.070816546810825,-89.31185687942538,0.9782173352813404,58.136590885769316,1200.0365253305524,200.20514195271042,146.0433951466393,638.4822688878156,-397.6236556776861,-8.05481009734887,-89.28471041486047,0.9816087705743047,58.19842049264149
419,59.1376146788991,1198.686758703714,200.42970745166053,145.44235112835216,640.4242954231249,-392.89395153524396,-7.639032375302916,-89.34913554284697,0.9005418727185532,58.57494044222585,1201.0439244418442,201.91509550756587,145.56639162041597,641.9300315085814,-393.2789907041435,-7.887348828905226,-89.32692425517429,0.9333380740382227,58.53521997676086,1200.016181492704,200.1963399927531,146.05490909063388,641.077697299786,-393.30013037154396,-7.698317612228777,-89.31430005018434,0.9181347384035614,58.58371528493796
420,59.54128440366972,1198.6647827644783,200.4392978755534,145.46166058145866,643.0521056187249,-388.47691387217463,-7.4164892632433705,-89.36771573237635,0.8560170560003177,58.96705833756749,1201.039291464921,201.89876673692515,145.5808107368207,644.6004036230855,-388.8222953634733,-7.848663654701806,-89.33110454105467,0.9031319675399079,58.932314884069335,1199.9990325199515,200.19139983709647,146.06846840028706,643.6695140645625,-388.9270337909642,-7.359454313466314,-89.34264616772792,0.8617370703247947,58.97151795387796
421,59.94495412844037,1198.6428815454647,200.44836832609303,145.48128692676326,645.6494716245295,-384.04129516826924,-7.18483784367137,-89.38702052982015,0.8111609075332843,59.35915584580249,1200.9786417340433,201.86593484873242,145.60017231244575,647.1687640667193,-384.37499707950286,-7.271425577762422,-89.37701475685542,0.8176755163250944,59.325461977875804,1199.973883513664,200.18806000675613,146.074478984443,646.2577544592303,-384.52029580925677,-7.059963213792459,-89.36684976284984,0.8181711965928907,59.362328217487274
422,60.34862385321102,1198.621071455203,200.45691565077914,145.5012200875221,648.2163534154773,-379.5872295454741,-6.944252594942837,-89.4070354364703,0.7660178950097074,59.75124429851935,1200.9626731653907,201.84552428602686,145.61697656977123,649.7455408298371,-379.9134025304794,-7.101620236121144,-89.39134633895374,0.7752792340320824,59.719463407124216,1199.969635325007,200.18316994911447,146.0864832699259,648.8595915992125,-380.01933425968775,-6.904994510506376,-89.38071813146539,0.7806720492660292,59.75865392381334
423,60.752293577981675,1198.5993689022275,200.46493669711361,145.52144998699177,650.7527098626567,-375.1148495621098,-6.694921468768406,-89.42774491875801,0.7206319874111979,60.14333503704267,1200.951182925026,201.81600956225043,145.64117566599208,652.2744419936232,-375.4367553848318,-6.917239994788296,-89.4076199895668,0.7284379716159027,60.112363452241475,1199.955728350818,200.17387452797425,146.09772761414203,651.3727111401482,-375.5660795307146,-6.4814387762114265,-89.41592526307814,0.7204907817727553,60.14852013508862
424,61.1559633027523,1198.577790295069,200.47242831259723,145.54196654842886,653.2584987618462,-370.62428618700795,-6.437045760018741,-89.44913241836628,0.6750466387617632,60.53543940976135,1200.9083675807783,201.77940625471524,145.65802117348954,654.806380153707,-370.85473804220317,-6.531921283158494,-89.4397670333309,0.6680001003638805,60.51213151514951,1199.955545007896,200.17383766572178,146.09874851961197,654.0100779797289,-370.9155355913417,-6.470664437377647,-89.41741452167875,0.7080537889760329,60.556367484167055
425,61.55963302752292,1198.5563520422613,200.47938734473044,145.56275969508968,655.7336768597223,-366.11566877510256,-6.170839975423311,-89.47118036239576,0.6293047719513405,60.927568769508405,1200.8950610116676,201.7549405330783,145.67484868518068,657.3237361955942,-366.283991179808,-6.340963504067018,-89.45626972876879,0.634925102005345,60.91048895065577,1199.9239879276884,200.1620575027971,146.1119882540873,656.3890630242867,-366.54655586726307,-5.943899685376232,-89.46029916455035,0.6409657622513506,60.936431619902805
426,61.9633027522936,1198.5350705523333,200.48581064101404,145.58381935023021,658.1781998776104,-361.5891250446211,-5.896531701144795,-89.49387017358653,0.5834487626252184,61.31973447100438,1200.8756822090022,201.7264751830053,145.69133585937277,659.7891531951722,-361.715627054584,-6.115433801486207,-89.47546300520051,0.591699194580587,61.30704875745037,1199.8988432861756,200.1541443503386,146.12315163433013,658.7994137115658,-362.0878464606067,-5.540431594737653,-89.4932722177713,0.5882421880073039,61.323383567087426
427,62.36697247706425,1198.513962233819,200.49169504894988,145.60513543710752,660.5920225326934,-357.0447810560368,-5.614361469209579,-89.51718228059767,0.5375204231362187,61.71194786837855,1200.8382633054125,201.69470449253754,145.70434965221838,662.221026994303,-357.108699576432,-5.781739812388603,-89.5031247704919,0.5417330458746028,61.70499007526345,1199.8749222748997,200.1465193681609,146.1385489703963,661.1983284008725,-357.56243907652794,-5.117155669594145,-89.52839185075045,0.5292925522077557,61.71362787470934
428,62.770642201834875,1198.4930434952494,200.49703741603656,145.62669787897744,662.9750985565576,-352.4827611929119,-5.324582622779833,-89.54109612834883,0.49156098655469815,62.10422031277883,1200.8271780473196,201.68072594423532,145.70921830094375,664.6453343570698,-352.5112059473208,-5.706620926239263,-89.50973476032313,0.5112751659914666,62.10239083476948,1199.8650656461596,200.14331815590498,146.1455371664604,663.6144186650693,-352.99465834620173,-4.968539043754307,-89.54088748080719,0.5018975096147441,62.108345723421884
429,63.1743119266055,1198.472330745159,200.50183458977835,145.64849659909703,665.3273807109977,-347.9031881447871,-5.027461180244604,-89.56559018842668,0.4456110907337791,62.49656315008213,1200.7970145145762,201.63835427453412,145.73925074530936,666.913207301528,-348.0205095613638,-5.243544416847461,-89.5483011393292,0.4391078080235593,62.486935508451246,1199.8583741062657,200.1282841646985,146.16954336098567,665.8989956362808,-348.5192380657271,-4.5274100182843835,-89.57848995686712,0.4265822936006361,62.4905354786991
430,63.57798165137615,1198.4518403920765,200.5060834176736,145.67052152072222,667.6488208009665,-343.30618289225833,-4.723275698116952,-89.59064196955973,0.3997107624253159,62.8889877187158,1200.7521605495756,201.60919020917845,145.7501914271096,669.2288162759651,-343.4044785788044,-4.801270081841251,-89.58407373950043,0.37942764397583806,62.88186105451552,1199.847133045333,200.12943417050226,146.17072162241428,668.3051704266057,-343.84465299733745,-4.45660114157962,-89.58418782342285,0.41747931560461454,62.89235779530069
431,63.9816513761468,1198.4315888445362,200.5097807472245,145.6927625671095,669.9393696846078,-338.6918646943714,-4.412317132714438,-89.61622802816599,0.3538994014437861,63.28150534759941,1200.734343802826,201.5896741151878,145.76001392859416,671.5712512469719,-338.71550866444323,-4.571581978621314,-89.60308552246111,0.34814455251218684,63.282170103076105,1199.8250498653213,200.11823660176768,146.17981713402196,670.5559290645681,-339.31757073804357,-4.025409436064405,-89.61954832545389,0.3642843444900846,63.277784978940204
432,64.38532110091745,1198.4115925110696,200.51292342593206,145.71520966151536,672.1989772802589,-334.0603510784765,-4.0948887006082675,-89.64232397897666,0.30821576487458213,63.67412735421709,1200.6986355048216,201.54201866482504,145.78418166008578,673.7218179842396,-334.21988648533596,-4.025207383540621,-89.6481068151388,0.27405302819317884,63.663102971388355,1199.8051988677737,200.1015475783301,146.2048908893855,672.7490400264047,-334.760979294578,-3.3789833333189727,-89.67362608948285,0.27900712632107266,63.66179735721175
433,64.78899082568807,1198.3918678002096,200.51550830129557,145.7378527271964,674.4275925703622,-329.4117578326728,-3.7713057378202053,-89.66890450574111,0.2626979513232168,64.0668650428279,1200.6950659146141,201.51995566886626,145.7957001921874,676.0057450875403,-329.509699675568,-3.8099575277390976,-89.66621161467474,0.253488146116003,64.06237858000641,1199.8048059587877,200.09495203668303,146.21526186374268,675.0159459620086,-330.08689083694435,-3.1980664742777885,-89.68912402916568,0.24755173903357944,64.05773930947198
434,65.19266055045873,1198.3724311204855,200.51753222081766,145.76068168740863,676.6251636021924,-324.74619900096855,-3.441895557750774,-89.69594337201684,0.21738338520300238,64.45972970282213,1200.6841937784625,201.49579606238353,145.80565373390672,678.2100668050384,-324.8454713195012,-3.636311989576975,-89.68106333279864,0.21921239528593886,64.45653303798198,1199.8035128624579,200.08926081567137,146.22651580459004,677.2548953637428,-325.3917117245587,-3.0613638825650873,-89.70127408788689,0.21830753259450125,64.45429673309417
435,65.59633027522938,1198.3532988804332,200.51899203199923,145.78368646540895,678.7916374853427,-320.0637868812965,-3.106997307815646,-89.72341343204978,0.17230880105831217,64.85273260723106,1200.6452667487715,201.46835065122906,145.81452598355614,680.3734567645098,-320.150877368166,-3.20524528760693,-89.7156260567873,0.17004413501002785,64.85184689444867,1199.781579845785,200.07801125769356,146.23717152066968,679.3710605017335,-320.83372431107233,-2.617987302980339,-89.73749266775073,0.1679909670067931,64.8376596680524
436,66.0,1198.3344874885806,200.51988458233973,145.80685698445342,680.9269603858803,-315.36463202649315,-2.766961824775861,-89.75128664174895,0.12751022791982686,65.24588501139503,1200.655091182015,201.4280900013646,145.83525886860568,682.4831726599839,-315.5138372162631,-2.9987004204998517,-89.73396245069118,0.1324513850009551,65.24056996908111,1199.779552222304,200.0689605766329,146.25298604370013,681.5326704909422,-316.10435695068236,-2.3499991588054807,-89.76050400375442,0.1252105909237865,65.23352967274322
437,66.40366972477065,1198.3160133534623,200.52020671934173,145.83018316779842,683.0310775171225,-310.64884324837107,-2.422151488735968,-89.77953406976135,0.0830229736902881,65.63919815179662,1200.6445559870526,201.39822760930792,145.8456963933004,684.5977765551082,-310.79113252897463,-2.7362595260599356,-89.75607407490351,0.10077030028091064,65.63546276062438,1199.7800678417861,200.05803966233384,146.26672220794478,683.659590781184,-311.34789492932083,-2.033139452570347,-89.78770512068374,0.07681810125782655,65.63000673595218
438,66.8073394495413,1198.29789288361,200.51995529050572,145.85365493870057,685.1039331269608,-305.916527625006,-2.072940075792722,-89.80812590865149,0.03888160955763057,66.03268324506266,1200.6275198740132,201.34485898535513,145.8691721325116,686.5853997115856,-306.1713320578468,-2.2744125650968066,-89.7946893635626,0.037547927189911914,66.01957231225678,1199.7695047943234,200.0478147763656,146.28749556055217,685.7061160417884,-306.6899763816494,-1.6521127268459914,-89.81975161666283,0.026150249742958636,66.01749849129563
439,67.21100917431195,1198.2801424875554,200.51912714333207,145.87726222041638,687.1454704816757,-301.16779051134586,-1.7197126093117308,-89.83703148619097,-0.0048800455667214635,66.42635148713902,1200.5929896439156,201.31480548986036,145.87861760676824,688.6474758938767,-301.3567976242821,-1.8381643527603113,-89.83002034400374,-0.005532084953090316,66.41962716044735,1199.750874592067,200.03297583711174,146.2976258635634,687.7242336158321,-301.9552962189088,-0.971104424205942,-89.87549800888753,-0.039732147028894486,66.40907672771354
440,67.61467889908258,1198.2627785738305,200.51771912532126,145.90099493620187,689.1556318461923,-296.40273555325854,-1.3628652098081022,-89.86621927676359,-0.048228940586339565,66.8202140526413,1200.592840989832,201.27953271805563,145.8961689293284,690.6579339906625,-296.5963214371342,-1.5409674131044864,-89.85530781767534,-0.046524096377020784,66.8135920785587,1199.7546743867279,200.0284362750067,146.30627044679184,689.7932680535564,-297.12531948731043,-0.7785239095254064,-89.89168185952146,-0.06345010328808008,66.80962216042255
441,68.0183486238532,1198.2458175509673,200.51572808397486,145.92484300931383,691.1343584607239,-291.62146470512874,-1.002804943407896,-89.89565691289145,-0.0911328077374248,67.21428209438365,1200.5610214628834,201.24334989159277,145.90597969205422,692.6700655178067,-291.6922008317797,-1.0863769386634048,-89.89272058210953,-0.09580987266594983,67.21765278986132,1199.741721660399,200.01758844286627,146.3291270203137,691.7401280439019,-292.435001614908,-0.3951563384415576,-89.92383915598866,-0.11172784558669756,67.19650459088251
442,68.42201834862385,1198.229275827499,200.5131508667946,145.94879636300854,693.0815905137551,-286.82407825110874,-0.6399496688668294,-89.92531119688691,-0.13356017808735807,67.60856674308708,1200.570173838154,201.23057259562097,145.9120264924366,694.6892783745432,-286.84243128180975,-0.9149978883402061,-89.90656726568722,-0.10294603935049824,67.61846002473312,1199.7405580566883,200.01215924633243,146.33101219238327,693.7361486192286,-287.6007957637022,-0.2411796787620768,-89.93654256809218,-0.1287444548625369,67.59566685369835
443,68.82568807339453,1198.213169811956,200.50998432128017,145.97284492054249,694.9972671113226,-282.01067483012844,-0.27472788311820645,-89.95514811263678,-0.17548039701573198,68.00307910726752,1200.536506503608,201.19169231624818,145.92629544048202,696.578751778459,-282.02891744528307,-0.3368404995844292,-89.95321041870376,-0.16327715312565122,68.01335325030685,1199.7361993847185,200.0002350661382,146.34576215206286,695.6463672822443,-282.8152130855214,0.1661119984416241,-89.97046642318995,-0.17405790177111788,67.98811884519141
444,69.22935779816515,1198.19751591287,200.50622529493307,145.9969786051718,696.8813262425593,-277.1813514647617,0.0924214346766914,-89.98513283752375,-0.2168636396801288,68.39783027330375,1200.5396208895615,201.16191712545879,145.93821068783154,698.491540337051,-277.1473077785012,-0.06495437378629018,-89.9761201168129,-0.19226022499389445,68.41296688233265,1199.718672311954,199.99018142197724,146.3532729723021,697.5334842538092,-278.00674768934925,0.658380775626642,-90.01002582467001,-0.21163857870052555,68.38159045407944
445,69.63302752293578,1198.1823305387766,200.50187063525436,146.02118734015352,698.733704741465,-272.336203594047,0.46104898060505867,-90.01522975449105,-0.2576809264673695,68.79283130568446,1200.5439546981306,201.11365226891212,145.9587130066343,700.3045938742106,-272.33914055563736,0.3772783873402542,-90.01352407382414,-0.24739385659352012,68.80426349077385,1199.7156666603623,199.98204662942453,146.36489963991508,699.42246397941,-273.1060468942941,0.9712678589651768,-90.03596264550198,-0.24348845149950585,68.78151471780697
446,70.03669724770643,1198.1676300982033,200.49691718974515,146.04546104874336,700.5543382448658,-267.47532511036195,0.8306952850340739,-90.04540246425542,-0.2979041384324607,69.18809324743096,1200.5250953831148,201.086390360211,145.96770634748216,702.1245418423284,-267.4659887832656,0.8044898703034952,-90.04819726240638,-0.288599224751176,69.20131061891442,1199.7127457127156,199.9710727489869,146.3772803325674,701.2680302672478,-268.1792248095422,1.4444898122282028,-90.0750134814673,-0.2938419177070235,69.18130661657301
447,70.44036697247708,1198.153430999685,200.49136180590494,146.0697896541981,702.3431611465536,-262.59880840043803,1.200890873234817,-90.07561379767498,-0.33750603272574764,69.58362712069497,1200.531484942131,201.07260435696938,145.97329245274068,703.9767525942243,-262.5082662511009,0.9025449933890035,-90.05671355854385,-0.29645928997371485,69.60493774484982,1199.7039617724315,199.96533110668793,146.38150839315387,703.1069339027899,-263.2279277819208,1.7505427241460951,-90.09957751115232,-0.31501185985452174,69.58400259440239
448,70.8440366972477,1198.1397496517532,200.48520133123682,146.0941630797743,704.1001065475645,-257.70674439059866,1.5711564276272656,-90.10582582827647,-0.37646025801016986,69.97944392752561,1200.5310033390706,201.04151696434246,145.9849517675286,705.7142954309137,-257.62972991174394,1.1984587665732358,-90.08185694657361,-0.3370406775540394,69.99979430332682,1199.705204686531,199.95446573742836,146.40384667834482,704.866930219004,-258.2956326136293,2.3220147925214363,-90.1472042720944,-0.37781059084816365,69.98129735281584
449,71.24770642201835,1198.126602462938,200.4784326132392,146.1185712487279,705.8251062025907,-252.79922259631815,1.9410029516853387,-90.13599988494866,-0.41474136986917803,70.3755546508029,1200.533800250184,201.00879859507586,145.99884955628107,707.4264813850539,-252.76252044486472,1.541451542651184,-90.11036203925008,-0.3702485460107491,70.39321834654349,1199.7096903033603,199.94704259860535,146.42303059695922,706.6482404667823,-253.27068405253607,2.6072496169831814,-90.17099539786584,-0.4034775423990818,70.38695621926779
450,71.651376146789,1198.1140058417736,200.47105249941526,146.1430040843158,707.5180904625132,-247.8763311761686,2.3099319355410524,-90.1660965648069,-0.45232484620635716,70.77197025533131,1200.5175950664832,200.97190325612772,146.01262466519435,709.1506063884633,-247.7349050285882,2.0929604672372206,-90.1549790802766,-0.4034343675358066,70.7982575620594,1199.714197012389,199.9419123761286,146.43428583875718,708.3700358889288,-248.36549232663626,2.627582503315958,-90.17344013706315,-0.41141886376674175,70.7836936719754
451,72.05504587155966,1198.101976196791,200.46305783726393,146.167451509794,709.1789882130321,-242.9381569902459,2.677435523324978,-90.19607574623437,-0.4891871026379108,71.1687016890874,1200.510409258218,200.93408968887098,146.03156159993483,710.7485432435443,-242.92112416186205,2.5926263491844255,-90.19570504056978,-0.45331207548109104,71.18562838296391,1199.732643637844,199.9318045694254,146.45103253687506,710.0517000743988,-243.41706690151568,2.9072384213549762,-90.19709663381845,-0.4461096248785466,71.18113320619644
452,72.45871559633028,1198.0905299365222,200.45444547428792,146.19190344841914,710.8077268094108,-237.98478566313761,3.0429966822900982,-90.2258966021061,-0.5253055078780734,71.56575988461445,1200.5185591243494,200.88145400211033,146.05649892319371,712.3130458376536,-238.02623360085428,2.9788314209238695,-90.22909060917817,-0.5061892140478704,71.57677796947088,1199.7539215232925,199.92542027201264,146.46688945689002,711.6786536629227,-238.49840915154053,3.2739913805673755,-90.2275944006637,-0.4936464101836283,71.57481798492012
453,72.8623853211009,1198.0796834695016,200.4452122579878,146.216349823448,712.4042320073155,-233.01630165151298,3.4060893737605333,-90.2555176132011,-0.5606583991190257,71.96315576055618,1200.5138394922888,200.84911506895992,146.06923659340907,713.9085123262586,-233.0345665913572,3.3802496760018843,-90.2621474882776,-0.5385028514146644,71.97620086108824,1199.7825522135263,199.91422652674487,146.49252415620037,713.2612068350918,-233.57249948138812,3.7407310491389345,-90.26635035581246,-0.5513862813476952,71.96728413543852
454,73.26605504587158,1198.0694532042583,200.4353550358635,146.24078055813644,713.9684278897646,-228.03278831639798,3.7661787259550614,-90.28489658180749,-0.5952250974048945,72.3609002233206,1200.5041602222407,200.80797872576454,146.0897676093433,715.4058831902096,-228.16701147954123,3.8352490918330737,-90.29963075854621,-0.5883796476094089,72.36408933444433,1199.797308138312,199.9121134225013,146.49753943367924,714.8570362993145,-228.60756266011887,3.8267547076882593,-90.27347553830535,-0.5587980621636319,72.36539280258674
455,73.66972477064223,1198.0598555493254,200.42487065541627,146.26518557574093,715.5002367901925,-223.0343280002049,4.122721208737016,-90.31399064552778,-0.6289859230006766,72.7590041688637,1200.496643916879,200.79349188289552,146.09539264086618,716.9678421342987,-223.1245057076975,4.036817457116333,-90.31598593305033,-0.5992648718307788,72.76662528977005,1199.831974031552,199.8995260731137,146.52625356259162,716.3786802455143,-223.64982242061737,4.239636014385426,-90.30786032869561,-0.61203570528218,72.75865783542835
456,74.07339449541286,1198.050906913234,200.41375596414719,146.28955479951807,716.9995792116426,-218.02100210856594,4.475164810342626,-90.3427562912875,-0.6619222107568112,73.15747848458359,1200.496843247066,200.76663406883063,146.11182740820746,718.4436580633894,-218.17755775671955,4.288408263799149,-90.33717925007599,-0.6317766131747846,73.15995689568916,1199.85178127243,199.89237916212235,146.54267005386953,717.8824510066919,-218.6460146158821,4.664257863146953,-90.3426470281552,-0.6548424637536717,73.15584041279352
457,74.47706422018348,1198.0426237045185,200.40200780955843,146.31387815272436,718.4663737421113,-212.9928911970478,4.822949216145056,-90.37114936955466,-0.6940163254687276,73.55633405131204,1200.4800563716092,200.7053323327109,146.15013322390413,719.800544077771,-213.29644687562396,4.641134124797164,-90.36817841204814,-0.7077828718113248,73.545208954561,1199.8690742930244,199.88693559944045,146.55208854185017,719.3720101979479,-213.6148276974106,4.925022136527256,-90.3638363344859,-0.6777991958516443,73.55551889305335
458,74.88073394495413,1198.0350223317098,200.38962303914923,146.338145558616,719.9005369660528,-207.9500750627779,5.165505989514241,-90.39912510877397,-0.72525167723227,73.95558174539227,1200.4622273655687,200.69343151563385,146.1505005577878,721.2948274337018,-208.11286797797806,4.970376184344543,-90.39413118912083,-0.7129638427708407,73.95686704734842,1199.880109113366,199.8732872662638,146.5673821441704,720.8409012366424,-208.46840441572064,5.388676599710411,-90.40114594506389,-0.7089737741392024,73.96260771895837
459,75.28440366972478,1198.0281192033385,200.37659850042064,146.36234694044953,721.3019833720898,-202.8926328410521,5.5022587548359985,-90.42663813002196,-0.7556127367947217,74.35523244082832,1200.4045086194592,200.65998206583663,146.1770895394307,722.7023894962573,-202.86143086585577,5.562797335300729,-90.44291048213675,-0.7796602790542028,74.37047389142509,1199.8503758725055,199.84325139268594,146.59564408932815,722.1836884029507,-203.4417852202914,6.292418494959106,-90.47477547774662,-0.7753862371566373,74.35638279054545
460,75.68807339449543,1198.0219307279378,200.36293104087372,146.38647222148128,722.6706252569502,-197.8206431069576,5.832623382756722,-90.453642461888,-0.7850850509014391,74.75529701149345,1200.405830907914,200.62610823862022,146.19738094563857,724.0399029965087,-197.85451395990168,5.775191905150632,-90.46141807284069,-0.8128561391879386,74.7652902148954,1199.8499458293873,199.8378805330615,146.6065706876402,723.5993848744888,-198.29242357479572,6.358483802198517,-90.48040910965916,-0.7744442039204544,74.76382503518514
461,76.09174311926606,1198.0164733140398,200.3486175080102,146.41051132496779,724.0063726256725,-192.73418398205735,6.156008177723965,-90.4800915555865,-0.8136552576376895,75.15578633338089,1200.4223904372816,200.58961173577654,146.21808022929076,725.3349037150604,-192.89087497357244,5.788691933811357,-90.46496545629209,-0.8394752188528192,75.1548778743874,1199.842734321077,199.82853310930386,146.61769520035264,724.9304401479118,-193.23347028030489,6.490102240223267,-90.49273755640053,-0.7959596432171245,75.16193950558153
462,76.49541284403671,1198.011763370177,200.33365474933112,146.4344541741655,725.309133088118,-187.63333324617653,6.471814067896411,-90.5059383003056,-0.8413111017659098,75.55671128688208,1200.413878045822,200.58018597720815,146.2232589558195,726.6768724388828,-187.70669190019942,6.090950142608001,-90.4891054071768,-0.8530888415016616,75.56382965763902,1199.8344853264252,199.82002711500425,146.6279518211431,726.2501572554032,-188.10972282532765,6.640787977084068,-90.50548939918691,-0.8040006401504095,75.565022910556
463,76.89908256880736,1198.00781730488,200.31803961233618,146.45829069233062,726.5788117518413,-182.51816845432572,6.779434797501809,-90.53113503879754,-0.8680414500574553,75.95808275907484,1200.3940835146818,200.516897871147,146.25650342941753,727.8841726249204,-182.61498243408272,6.526546932969624,-90.52721005206416,-0.9214699715051609,75.9606430611089,1199.786095393049,199.79805491804566,146.64083171684112,727.5155301594333,-182.87207378985,6.997832005139278,-90.53730259094843,-0.8368624596960338,75.97359229183611
464,77.30275229357798,1198.0046515266822,200.3017689445262,146.48201080271977,727.8153111113753,-177.38876705878513,7.078257121724234,-90.55563358321605,-0.8938363066188405,76.35991164600402,1200.3833079293292,200.52334217051174,146.25460775927294,729.1936918711763,-177.33756873609246,6.79897944800786,-90.54782478639352,-0.9125004254706435,76.37649673739024,1199.7737432961528,199.78907116409485,146.64587522536962,728.7530333808547,-177.74049420266255,7.336877678568723,-90.56498485231775,-0.8552367448131374,76.37543456997015
465,77.70642201834863,1198.002282444114,200.28483959340286,146.50560442858912,729.0185309339747,-172.2452065363831,7.367661004205742,-90.57938523120579,-0.9186868282115425,76.76220885493639,1200.3745016908274,200.46752118127824,146.28089347580365,730.3633789713152,-172.1975847166086,7.236910757972769,-90.58511727156493,-0.9489395249267418,76.7761935886975,1199.777951966994,199.77320897030762,146.6585299296781,729.9556051231308,-172.5752924321352,7.707186465512709,-90.5959245603022,-0.8796726758561241,76.7787007476848
466,78.11009174311928,1198.0007264657097,200.26724840646784,146.52906149319543,730.1883681419016,-167.08756452099175,7.647019817253545,-90.60234078224947,-0.9425853395646919,77.16498530656946,1200.378922877771,200.4529224424241,146.29077919037618,731.5276289505036,-167.08013317352436,7.316328082771373,-90.59225340957035,-0.9601799970146455,77.17640701582197,1199.7946808320335,199.77210259748065,146.66266506447602,731.1230485765032,-167.49610598762217,7.724822094598734,-90.59796360731535,-0.8928282546488661,77.17567343909627
467,78.51376146788994,1198.000000000001,200.24899223122114,146.55237191979512,731.3247166913013,-161.91591894125372,7.9157005448449365,-90.62445055427716,-0.9655253486802715,77.56825193717476,1200.360601436459,200.4367890039457,146.29744074751892,732.6947722255427,-161.7981801878523,7.643345272099212,-90.6186209025908,-0.9644653730036215,77.58830052356014,1199.783821956349,199.76096879182322,146.66208239977658,732.2401102527,-162.35163562013904,8.097974858604765,-90.62921028143046,-0.9219036705051867,77.57563766970146
468,78.91743119266056,1198.0001165898243,200.230069147339,146.5755269024632,732.4274571010407,-156.73036945525695,8.17313031590552,-90.64566963477773,-0.9875052953485434,77.97201787009607,1200.340776183651,200.43096612061981,146.28912716365463,733.8337280696459,-156.53569704636556,7.846533232547758,-90.63455680477475,-0.9579159601552782,77.99895089556388,1199.7776807498508,199.7516911291025,146.65935463298402,733.3643364878067,-157.080615591076,8.53982391731702,-90.66434331409589,-0.9328875635533077,77.98607728681564
469,79.32110091743118,1198.0010720929827,200.21048483863154,146.59852547787767,733.4964042805065,-151.5311484725972,8.419142981359158,-90.66598522402005,-1.0085474997614918,78.37628095206817,1200.3138263788085,200.4002532041143,146.30329191391743,734.9047232251612,-151.22034475584582,8.225014063027777,-90.66566523793065,-0.9817215111679738,78.41158147189653,1199.7298649552354,199.73415350761255,146.65892210347502,734.4157730354452,-151.80039408278174,9.024410579002705,-90.7048563978746,-0.9632303061128183,78.39482188450746
470,79.72477064220183,1198.0028556275943,200.1902478868028,146.62136967149476,734.5313503328123,-146.31854166087567,8.653733593752829,-90.68539724274129,-1.0286830595963512,78.78103474739174,1200.3040530567403,200.38038025479727,146.30671358368687,735.9160173878499,-146.08277799280967,8.343337546488565,-90.67597660573908,-0.9984907220492923,78.8108422420175,1199.7267238756688,199.7216739685289,146.65939722747765,735.4101962646943,-146.7068914840581,9.238375416726196,-90.72405927353951,-0.9994039533320758,78.78869969488484
471,80.12844036697251,1198.0054562985058,200.1693668792616,146.64406151465343,735.5320895753811,-141.09283829564507,8.876904282325471,-90.70390616569671,-1.0479429070071529,79.186272834277,1200.281407976725,200.34842838305056,146.31912567991924,736.8927952466759,-140.84585064107148,8.611215953340164,-90.69870853661402,-1.0201143221406928,79.21556015064066,1199.7087045493283,199.71664631502244,146.65883475434572,736.4253001985934,-141.42798659526747,9.387446869641247,-90.73640560967769,-0.9947837518241298,79.19930221814543
472,80.53211009174314,1198.0088632105678,200.14785040341803,146.66660303869355,736.4984186604815,-135.8543311162617,9.088663925261498,-90.72151299558183,-1.0663577816956684,79.59198881232983,1200.2900033075298,200.3300678548344,146.32680922430643,737.7977336354766,-135.863284557259,8.612192103924421,-90.6999199970225,-1.0411457749390793,79.60199116986284,1199.684311275279,199.70090643674985,146.65761158736547,737.3865352826451,-136.1262608398734,9.628006538111189,-90.75785007933898,-1.0200993607711544,79.60815279547539
473,80.93577981651376,1198.0130654686295,200.12570704668155,146.6889962749542,737.4301366473918,-130.60331627859028,9.289028124984496,-90.7382192608567,-1.0839582214592343,79.99817630149893,1200.2756215403758,200.30449385346805,146.33689717663736,738.7105399556184,-130.6191062694365,8.842762780612562,-90.71927867935165,-1.0609245638425127,80.00742529255879,1199.660816940575,199.68939205202423,146.65803876948567,738.2992743921121,-130.91040317597592,9.81885198945012,-90.77502598231891,-1.043048381202458,80.00993956926919
474,81.33944954128441,1198.01805217754,200.1029453964611,146.71124325477504,738.3270450746986,-125.34009330638084,9.478019180964925,-90.75402701335916,-1.1007745527676964,80.40482894096561,1200.2924358217053,200.2734101884844,146.3590867396865,739.5419528660015,-125.58172598856622,8.781275663069247,-90.71660519856918,-1.088371042604311,80.39558671013422,1199.6378908545391,199.6742055331861,146.66192983732776,739.2014540628014,-125.53609786386329,9.9544606487521,-90.78826443194409,-1.0623498983520574,80.42277026949397
475,81.74311926605506,1198.02381244215,200.07957404016773,146.7333460094957,739.1889480326865,-120.0649650413439,9.655666060036982,-90.76893882570913,-1.1168368813733696,80.8119403879832,1200.2671015001015,200.23727395808942,146.36560613200797,740.3638558618585,-120.38680064036868,9.046843834599954,-90.73930991614829,-1.1136493813373955,80.79546652839655,1199.604865327436,199.65977242060015,146.66254055211897,740.0451447529329,-120.25991042624779,10.122739558122214,-90.80437653990984,-1.0863532412904935,80.82791689731837
476,82.14678899082571,1198.030335367305,200.05560156520914,146.755306570455,740.0156522357477,-114.77823759195205,9.822004364223927,-90.78295778850479,-1.1321750829577648,81.21950431667219,1200.2730490466033,200.2306161216782,146.36818913535944,741.199771058725,-115.10674397061018,9.059740133521329,-90.74034394974623,-1.1000187811365991,81.2031888473151,1199.5821823445926,199.64964689046923,146.6626329545857,740.8626589960847,-114.97086910473219,10.548585392199865,-90.8384327018147,-1.0938320164958786,81.2355670936322
477,82.55045871559633,1198.0376100578578,200.03103655899508,146.7771269689929,740.8069670947815,-109.48022028099892,9.977076296074118,-90.79608750731285,-1.1468187938184657,81.62751441677815,1200.2470429959812,200.18455977904796,146.3808674829728,741.9324061020483,-109.92942848471925,9.348201222696904,-90.76546120592417,-1.1378773655666907,81.60053470846272,1199.565792792429,199.63666032068866,146.66375449216207,741.6375911399277,-109.7039192271779,10.5648680669065,-90.84253317802077,-1.1195908825661023,81.63860465535714
478,82.95412844036699,1198.0456256186549,200.00588760893464,146.79880923644862,741.5627047895056,-104.17122559194422,10.120930621503666,-90.80833209945375,-1.160797401600536,82.03596439239789,1200.23116528212,200.1758191385572,146.38220938766892,742.647721023817,-104.82719886237957,9.52724359402502,-90.78016320575233,-1.161386173240082,81.99385356808409,1199.5305312453174,199.62254529983355,146.6657987132564,742.3807469612628,-104.33836498046637,10.643103020380504,-90.85167025327425,-1.1337440229699924,82.0496797476566
479,83.35779816513764,1198.0543711545492,199.98016330243922,146.82035540416172,742.2826803406472,-98.85156911407924,10.253622630152366,-90.81969619058435,-1.174140036075632,82.44484796068038,1200.154867864636,200.16335700117742,146.3748345077081,743.4042791745616,-99.16140402497003,10.12270711467305,-90.82734477114928,-1.1608767954489727,82.42852177020066,1199.5089213164747,199.6094628589049,146.66836363919208,743.0818922802888,-99.02887078747288,10.83151380996067,-90.86859438963658,-1.1527382837369693,82.45586609798274
480,83.76146788990826,1198.0638357703897,199.95387222691807,146.84176750347174,742.9667116819409,-93.52156948654054,10.375214093253117,-90.83018491107879,-1.1868755599729983,82.85415885050884,1200.1272623909852,200.141567190959,146.37461478283015,744.041716443639,-93.99197518874772,10.33320901448181,-90.84468708919643,-1.1831727200975037,82.82567513795968,1199.5172933869342,199.6115166653397,146.66721317966054,743.7553433508721,-93.84136536306494,10.896418783692312,-90.87296679188114,-1.1449368651267573,82.85606262504415
481,84.16513761467888,1198.0740085710222,199.9270229697786,146.86304756571784,743.6146197318958,-88.18154834120166,10.48577321901902,-90.83980389221014,-1.199032559865678,83.26389080116958,1200.1208087957418,200.11203151400264,146.40654709547064,744.688964551961,-88.45629023991721,9.934946952095082,-90.81620519554717,-1.192848564266523,83.24672993003449,1199.5168211382006,199.60280664318634,146.67133285189396,744.4068527253116,-88.39674213577997,11.09349601780313,-90.88935288329697,-1.1514149242965284,83.27288617821982
482,84.56880733944956,1198.0848786612996,199.89962411843206,146.88419762223978,744.2262284652751,-82.8318302444758,10.585374605555607,-90.84855926213437,-1.2106393371156887,83.67403756101363,1200.0978239996944,200.09211540727415,146.403465356175,745.2684726171542,-83.25622347993269,10.437329846022083,-90.85552837462139,-1.2015131218915187,83.64733668312617,1199.4860900031695,199.58980495142328,146.67290381254716,744.9904427797912,-83.12555397382633,11.075264262844325,-90.89082267395746,-1.1679958406454378,83.67522672814168
483,84.97247706422021,1198.0964351460675,199.8716842602862,146.90521970437652,744.8013649842184,-77.4727426380683,10.674099191300103,-90.8564576416781,-1.2217238988820098,84.08459288611643,1200.0919051846845,200.05465670607737,146.42111532372965,745.8233727556865,-77.92641015484278,10.475475352728353,-90.86010230876019,-1.2052811080480028,84.0541173757024,1199.4640655327896,199.57650800634067,146.67646755607845,745.5323762099292,-77.83918381391675,11.292113851656028,-90.91030996484383,-1.1945881315788998,84.0776981798001
484,85.37614678899084,1198.1086671301791,199.84321198275256,146.92611584346807,745.3398595889851,-72.10461577869447,10.7520342030013,-90.86350613993258,-1.2323139491949793,84.495550538942,1200.0159031622316,200.00444909618818,146.4455073279925,746.3467881361468,-72.29573650901655,10.43229906905005,-90.85954947442855,-1.2270168539841426,84.48209079987029,1199.454652486571,199.56848238489425,146.67718138237592,746.0618498071937,-72.50695315703966,11.488254654866605,-90.92618634101765,-1.1921990072199689,84.48593135283566
485,85.77981651376146,1198.1215637184832,199.81421587324078,146.94688807085365,745.8415458482294,-66.7277826768146,10.81927310124133,-90.86971234965556,-1.2424368801003955,84.90690428701593,1199.984357118747,200.00444670835873,146.44226446178246,746.8619326865427,-66.7772576772267,10.51794265872252,-90.86607880345531,-1.2125222431765332,84.90495763123164,1199.4404316400205,199.55910882868992,146.67861765624795,746.5497597286051,-67.12449346951709,11.751469045467903,-90.94819519145078,-1.2029998667131503,84.89666108638752
486,86.18348623853211,1198.1351140158254,199.7847045191579,146.96753841787245,746.3062606687827,-61.34257903440751,10.875915523515667,-90.87508434248286,-1.2521197628776362,85.31864790161326,1199.972754402485,199.94267754903194,146.47724254121746,747.2723762074588,-61.49039213167815,10.389076664592851,-90.8594749567818,-1.2532270532632712,85.30570056771849,1199.4267451833803,199.5467582862745,146.6809050324701,746.9992611226044,-61.72058300161441,11.759444391981226,-90.9512165154147,-1.218157208181454,85.30784291294611
487,86.58715596330276,1198.149307127059,199.7546865079155,146.9880689158644,746.7338443648813,-55.94934318181493,10.92206722487943,-90.8796306639522,-1.2613893393344544,85.73077515646571,1199.9214220527087,199.94968653487697,146.47299979647485,747.6878365237612,-56.125364006823816,10.781059725176414,-90.88901301834777,-1.243527502594471,85.71842416115248,1199.4140301491652,199.54315012345572,146.6822399252346,747.4077122312736,-56.41214419617166,11.847203566515525,-90.95848274524712,-1.2103192680172292,85.71462443808025
488,86.99082568807341,1198.1641321570314,199.72417042692285,147.00848159616845,747.1241407267755,-50.54841601369903,10.957840016170248,-90.88336032834066,-1.270272013183009,86.14327982649304,1199.862813586457,199.89339383440455,146.498678929602,748.0644232350099,-50.422236824426044,10.67201418106445,-90.88310798246427,-1.2448814564971757,86.15001263899602,1199.414954421722,199.53304405856574,146.68171897827418,747.8016870882459,-50.85723797558212,11.89052818753229,-90.96329081704235,-1.2150994136051554,86.13720098848542
489,87.39449541284404,1198.1795782105935,199.69316486358846,147.02877849012444,747.4769970886904,-45.14014092413635,10.983351699825707,-90.88628281331822,-1.2787938414999063,86.55615568656442,1199.928880152405,199.9058533657615,146.5024820064165,748.4022266471377,-45.359756102786854,10.683971785856759,-90.88393945676805,-1.2482402956431158,86.53839090493227,1199.3795620426154,199.50597210421688,146.6823404127668,748.1318778112685,-45.33049345663445,11.655138049239719,-90.9505045196913,-1.2560620160375262,86.55352841420492
490,87.79816513761469,1198.1956343925908,199.66167840532233,147.04896162907144,747.7922643960662,-39.72486374088594,10.998726003305787,-90.88840805441956,-1.2869805262743745,86.96939651029238,1199.8554803026145,199.85501602137833,146.53391683637585,748.6872664373468,-39.71943992975637,10.70542436565462,-90.88818157343131,-1.2672558165247538,86.96582634705601,1199.372103762661,199.49783109620665,146.683665781003,748.4388199333023,-39.77903578546087,11.686429682902386,-90.95384480456251,-1.2484887801955589,86.97714941819928
491,88.20183486238534,1198.2122898078785,199.6297196395342,147.06903304434923,748.0697972720446,-34.30293265887279,11.004092510138353,-90.88974643933642,-1.2948574060473101,87.38299606886497,1199.80218153213,199.83645345543005,146.5457707588792,748.9389352039884,-34.239205221895254,10.863432960947346,-90.9013409066033,-1.276103606464281,87.38381398809946,1199.3564912480956,199.48298487704915,146.6864364339736,748.6983416724837,-34.35941972532756,11.5260472288841,-90.94458669967608,-1.2670106455129042,87.38769349362919
492,88.60550458715596,1198.2295335613012,199.59729715363278,147.08899476729704,748.3094540831307,-28.874698172904566,10.999586588603734,-90.890308802032,-1.3024494476460462,87.79694812991968,1199.7588210958615,199.81714120890092,146.5491924729709,749.1777560491981,-28.51554727186616,10.877563519319418,-90.90355529947479,-1.2702758280669053,87.81864383584603,1199.35972654764,199.47845798217008,146.68676010234734,748.9278530250691,-28.939438599333005,11.625271461998981,-90.95253014300731,-1.260514123215879,87.80141191862771
493,89.00917431192661,1198.2473547577106,199.56441953503008,147.10884882925453,748.5110970040032,-23.440513009669644,10.985349318077459,-90.89010641668061,-1.3097812380165619,88.21124645646336,1199.7163705206385,199.77783537976302,146.58062333730783,749.3485034792205,-22.95687349287689,10.692070320485346,-90.89128062495851,-1.2861862135494553,88.23900473411527,1199.362090887426,199.46219339755362,146.68829729336517,749.1257917927335,-23.265196049756973,11.64885741216044,-90.95668083638552,-1.2706978099160164,88.23112742092543
494,89.41284403669727,1198.2657425019556,199.53109537113232,147.12859726156094,748.6745920814018,-18.000732059050115,10.961527413049476,-90.88915099143426,-1.3168769761582435,88.62588480584097,1199.695842849092,199.7509365810904,146.60474932656186,749.5005553869377,-17.29533536461763,10.46692140465141,-90.87538165427338,-1.2869770838269048,88.6675242161303,1199.3443887900714,199.45357856820397,146.6878876335151,749.2666171933708,-17.485335991590716,11.959924829155048,-90.98098112330389,-1.2543121579435088,88.67265227041744
495,89.81651376146792,1198.2846858988833,199.4973332493496,147.1482420955556,748.7998092970587,-12.555712304768731,10.928273144841844,-90.88745466201887,-1.3237604651633759,89.04085692875732,1199.684479511428,199.73702739591073,146.61984870414292,749.6018361871735,-11.914846599136164,10.464541556728097,-90.87595255207304,-1.2921241718463594,89.077199541094,1199.3589868718575,199.44221861467372,146.69008074008576,749.3907895164295,-12.265249493314434,11.61096255759761,-90.95690160830411,-1.2793920098682279,89.06694379148645
496,90.22018348623854,1198.3041740533463,199.4631417570938,147.16778536257823,748.8866226296225,-7.105812754424802,10.8857442610471,-90.885029985162,-1.3304551043654733,89.45615656835463,1199.6311534517738,199.703984351092,146.64945317901052,749.6583082837399,-6.277543779918966,10.371603703056168,-90.87047838294566,-1.3023229329587624,89.5039905867141,1199.3626361299207,199.43154577771227,146.69178850926338,749.4649625986748,-6.6190389764118285,11.612950692298208,-90.95844480220306,-1.281352325467292,89.49581918561056
497,90.62385321100916,1198.3241960701928,199.42852948177142,147.18722909396843,748.9349101155129,-1.6513943689420945,10.83410390270755,-90.8818899318552,-1.3369838815997692,89.87177745934886,1199.6122529072466,199.70407594059293,146.64441274424237,749.686889482502,-0.8307566612108224,10.46110425005636,-90.8775480295402,-1.2986900980265592,89.91974435208927,1199.3711658572993,199.41454287489518,146.6949191068044,749.5106750520702,-1.1642794586219647,11.267263394905076,-90.93549391924347,-1.3117686581348285,89.90732738993374
498,91.02752293577981,1198.3447410542724,199.3935050107947,147.20657532106526,748.9445539086851,3.8071800085424323,10.773520519264082,-90.87804788045294,-1.3433693655787757,90.28771332722738,1199.5640643417532,199.68784492659427,146.6562197669736,749.6660029264789,4.696055468991911,10.556561938843444,-90.88580071745454,-1.3036441740724982,90.34038407379116,1199.3683924469315,199.4129063794743,146.69262316322633,749.5017477819619,4.154469597915399,11.343382008659233,-90.94200376992231,-1.3112450692851718,90.31295277404777
499,91.4311926605505,1198.3657981104323,199.35807693157074,147.22582607520803,748.9154403392272,9.269545724293984,10.704167781297262,-90.87351760961069,-1.3496336983868629,90.70395788751091,1199.5765428419982,199.66318983556926,146.6881607998642,749.6121632274139,10.124532584400884,10.299093366139523,-90.86731637652991,-1.3127273258402081,90.75160895408177,1199.3657122611767,199.4047864418593,146.69415036803133,749.4517884089516,9.604837782496393,11.333837503673134,-90.94270852898086,-1.3157605307339406,90.72760463348347
500,91.83486238532112,1198.3873563435232,199.3222538315096,147.2449833877366,748.8474599707845,14.735336386091928,10.626224491089518,-90.86831329106523,-1.355798588096359,91.1205048450807,1199.5653432572453,199.63685059502689,146.71638553189635,749.5144956744324,15.616322919385574,10.040981598583102,-90.84890676812486,-1.3277143353036165,91.16739576020507,1199.363107646402,199.3853065085342,146.69560026242607,749.3705645791672,15.179367680706559,11.140143682261762,-90.93019263475949,-1.327666420649235,91.14951144096239
501,92.23853211009174,1198.409404858396,199.28604429802272,147.2640492899903,748.7405076567171,20.20418393578679,10.539874491033908,-90.86244948225878,-1.3618853015094492,91.53734789357493,1199.5490788071252,199.63663160356998,146.70935214571358,749.3862016180587,21.112849414947465,10.061132538582733,-90.85039231875864,-1.3227138058672505,91.58690987101313,1199.3757738481763,199.37883651555188,146.69491479509028,749.2579350582577,20.637038440055733,11.120806741920473,-90.92952439694707,-1.331648634889065,91.56438031579069
502,92.64220183486239,1198.4319327598978,199.24945691851747,147.28302581330854,748.5944825949887,25.67571872226633,10.44530656992163,-90.85594111881086,-1.3679146570280065,91.9544807148543,1199.537462681375,199.61671127888224,146.73004622088055,749.2133701233133,26.655419871328082,9.929550391219447,-90.84135342819648,-1.332241678015571,92.00764893671858,1199.3708260429632,199.36065049328585,146.695638056852,749.0925920340085,26.192698657480424,10.948271029422715,-90.91837189770808,-1.3395585535775407,91.98551002540498
503,93.04587155963304,1198.4549291528788,199.21250028040436,147.30191498903056,748.4092883817265,31.14956957481074,10.342714367137278,-90.84880350683976,-1.3739070176554955,92.37189697853827,1199.528989495977,199.5903430246375,146.7535310209708,748.9972081660144,32.34713246439862,9.595619028120936,-90.81703270557392,-1.3474961259279963,92.43859948330089,1199.368751235212,199.36015028197704,146.69526999399858,748.8926598166166,31.404913712479516,10.926583820056475,-90.91735301646706,-1.341040208469656,92.38364111049962
504,93.4495412844037,1198.4783831421896,199.17518297109166,147.3207188484962,748.184833063411,36.62536387678947,10.232296274794221,-90.84105231513647,-1.3798822841331932,92.78959034161502,1199.5429743363698,199.56156656332115,146.78478908644132,748.7462654145442,37.88224138222646,9.201978868244101,-90.78818415431171,-1.3623623810988004,92.85739103262823,1199.3683033320492,199.34991622233844,146.6939895273055,748.6557369666245,36.85085762240563,10.934535168809788,-90.91903209638741,-1.3427178200079348,92.79797297082692
505,93.85321100917432,1198.5022838326772,199.1375135779904,147.3394394230447,747.9210291876497,42.10272763967535,10.114255337841474,-90.83270356719424,-1.3858598882147435,93.2075544481232,1199.5474949733216,199.53428215042703,146.81506278998373,748.4533077401387,43.34798165165889,8.978114742731043,-90.7724110327107,-1.3822746226731182,93.2720965065303,1199.3783617345177,199.34610754904122,146.69551339844298,748.3804906670322,42.27022726953509,10.98760632757598,-90.92338696623777,-1.3405064155686501,93.21157813653305
506,94.25688073394497,1198.5266203291917,199.09950068850912,147.35807874401536,747.6177938525137,47.58128557733551,9.988799152178723,-90.82377363309648,-1.3918587860814386,93.62578292890939,1199.5446985665485,199.5220647023291,146.82461392496324,748.122800016862,48.853296747720975,8.873307604463719,-90.76488653469637,-1.3850143326914977,93.69157746059956,1199.370480178594,199.32377780354432,146.69528489906065,748.0668955753613,47.73517061488103,10.629322904867188,-90.89907309217838,-1.3645691987310227,93.62481854900837
507,94.66055045871562,1198.551381736582,199.06115289005766,147.37663884274772,747.2750487543731,53.06066118056932,9.856139760812718,-90.81427922126572,-1.3978974519013585,94.04426940145858,1199.538977655674,199.49607505202164,146.8522699749304,747.745104876437,54.425054623040324,8.679619423305626,-90.75173973171643,-1.4087633848194159,94.11449590719097,1199.3638335896026,199.32218394755682,146.69585722991968,747.7011812225899,53.0650554570248,10.81545644017083,-90.91327148794835,-1.352148503099796,94.03351675415024
508,95.06422018348624,1198.576557159698,199.02247877004544,147.39512175058127,746.8927202342151,58.540476791859476,9.716493548091753,-90.8042373700769,-1.4039938715357612,94.46300746980043,1199.543785044223,199.48478992041134,146.86257533958533,747.3383871642745,59.9540729363261,8.429827195423142,-90.73308919263084,-1.4113624768918906,94.53532197276185,1199.3717812668956,199.30672275681428,146.69658112705267,747.3085898675084,58.59169118165566,10.662746566453318,-90.90336843619716,-1.3647847148465369,94.4533456373197
509,95.4678899082569,1198.6021357033906,198.9834869158825,147.41352949885558,746.4707393223947,64.02035368030623,9.57008113205622,-90.793665439338,-1.4101655363949288,94.88199072448973,1199.5260434924764,199.4894868546341,146.85513035366176,746.9085259576011,65.0258384694559,8.883277112218073,-90.76756999934152,-1.4008812639130381,94.92637661787244,1199.3741430534908,199.29176003051901,146.6993113807551,746.864855637334,64.14033743152984,10.619107312959507,-90.90127714470722,-1.3681061213491614,94.87605672559661
510,95.87155963302754,1198.6281064725067,198.94418591497686,147.43186411890986,746.009041781784,69.49991211670218,9.417127254943315,-90.78258110164114,-1.4164294374473487,95.30121274266115,1199.5328263872493,199.4731115583793,146.87537142636785,746.4155789940232,70.74124179973425,8.380983076898998,-90.73002369505308,-1.4114801107537345,95.35994399540743,1199.373037839644,199.280934477281,146.7013538035233,746.3990447168096,69.49542998256052,10.366857606573399,-90.88390417088976,-1.3823653528009197,95.28405014980146
511,96.2752293577982,1198.6544585718973,198.90458435473886,147.45012764208377,745.5075681492978,74.97877144873013,9.2578606718867,-90.77100233358684,-1.4228020593836772,95.72066708815802,1199.5307710517914,199.46529805021714,146.88738595916914,745.8992329120424,76.11225542334228,8.380432132320513,-90.73058936959593,-1.4149928092410284,95.77081923210783,1199.3678471147232,199.26703321345792,146.70828595637732,745.8854138665965,74.98204510971784,10.023776078528401,-90.85996373682352,-1.3946439492729585,95.70135231186796
512,96.67889908256882,1198.681181106411,198.86469082257912,147.46832209971646,744.9662637757439,80.45655017624085,9.092514037849543,-90.75894740688551,-1.4292993749395635,96.14034731173426,1199.5321455715764,199.4474505075299,146.914630951919,745.3342614197381,81.62933014796509,8.069792207444515,-90.70809132181685,-1.4351023438263029,96.19051358248545,1199.375956754102,199.27041168811834,146.70409900541745,745.3324591176882,80.34894731172096,10.300053268562955,-90.88037662686936,-1.3782638393121271,96.11416479846294
513,97.08256880733944,1198.7082631808967,198.824513905905,147.48644952314763,744.3850788639796,85.93286602657888,8.921323792836,-90.74643487933872,-1.435936839379396,96.56024695132783,1199.5393637410584,199.4368499871332,146.92676723559887,744.7296016101807,87.17059657383432,7.843549080362703,-90.69151642304249,-1.4409734269233023,96.61359300593571,1199.384340614808,199.2502474107298,146.7142698766251,744.7213058322737,86.15696420834074,9.563502230864687,-90.82748517587632,-1.4048812068906056,96.5535822527186
514,97.4862385321101,1198.7356939002048,198.78406219212764,147.50451194371678,743.7639685053396,91.40733602993528,8.744530045420735,-90.73348358570377,-1.4427293851435075,96.98035953240561,1199.5458378379408,199.43266056431415,146.93258234785017,744.0989296873457,92.47170163044102,7.850898179384191,-90.69222816761597,-1.440866232801032,97.0207554901948,1199.370908445453,199.2436524075245,146.71728984890024,744.0983700688159,91.36580468411137,9.599531735560026,-90.83105705050758,-1.4062346874526033,96.95373453174176
515,97.88990825688074,1198.7634623691815,198.74334426865585,147.52251139276296,743.1028927143014,96.8795765946814,8.56237645464215,-90.7201126284453,-1.4496914166618218,97.40067856837665,1199.5365941068371,199.42755565601828,146.9402668380044,743.4366094850321,97.69837026064653,7.988107171762143,-90.7029386547143,-1.4413504449589325,97.42300219848642,1199.3953655938153,199.22970957590894,146.72276182170418,743.4040048805449,97.15978621662798,8.975058675407647,-90.78592781343995,-1.4281549962212032,97.39361535893167
516,98.2935779816514,1198.791557692681,198.7023687228986,147.54044990162598,742.4018164613719,102.34920358266717,8.375110110305277,-90.70634136837687,-1.4568368053362093,97.82119756107411,1199.5561547648663,199.41415884056494,146.9611999865229,742.7218459186239,103.15895179528307,7.74530332004199,-90.68502197054575,-1.4515532105798892,97.84099394061994,1199.4130191789204,199.2261151101243,146.7235884832122,742.6824931205708,102.72897045058227,8.789901366348333,-90.77259541112647,-1.4320233707716066,97.82006334067579
517,98.69724770642202,1198.8199689755488,198.66114414226752,147.55832950164515,741.6607097041532,107.81583238444499,8.182981411735952,-90.69218941519627,-1.4641788846937949,98.2419100013016,1199.597046967578,199.39695780459084,146.9899874215366,741.9535304555757,108.77286462831903,7.314057775507882,-90.65280750608017,-1.466321037188895,98.27034162072162,1199.4080229862248,199.22123599319434,146.72468382743824,741.9381712501079,108.02495480400272,8.78519809939857,-90.77312211043073,-1.4348321083339897,98.22746806218326
518,99.10091743119267,1198.8486853226364,198.61967911416963,147.57615222415984,740.8795474165717,113.27907799439072,7.986243945038415,-90.6776766179182,-1.4717304457142755,98.66280936944423,1199.6094290477968,199.3863122223146,147.0059990638631,741.1487822267032,114.27792634284121,7.211943914084522,-90.6454748480968,-1.47014398694439,98.69369270486594,1199.4049116769554,199.2174405135861,146.72486318508209,741.1459457030371,113.41264416492449,8.852563284405678,-90.77861352490457,-1.4267929338352936,98.64258928849921
519,99.50458715596332,1198.8776958387928,198.577982226016,147.5939201005098,740.0583096162495,118.73855508569414,7.785154358899592,-90.66282305520771,-1.479503732332617,99.08388913613916,1199.6100330942343,199.37600295617085,147.02424896183015,740.3457429797404,119.40375964943148,7.304043105117156,-90.65305489531754,-1.4806839923850694,99.0894770066268,1199.4165657915391,199.21753717077513,146.72599234233834,740.3429629239535,118.64721849526539,8.7308811867855,-90.7699954883402,-1.4392254350091849,99.04573827958774
520,99.90825688073394,1198.906989628866,198.53606206521457,147.61163516203405,739.196981389979,124.19387808518859,7.579972238990511,-90.64764902561821,-1.4875104371201793,99.50514276300626,1199.6364225229001,199.36539265578665,147.0402214653892,739.4332504401151,125.15622856930761,6.991214347854616,-90.62961534819242,-1.482843702069869,99.53176980392577,1199.4297708769072,199.20282894019775,146.73128476226364,739.4402778561958,124.36435722800276,8.234263023280644,-90.7344725356113,-1.4581825746375932,99.4825840745918
521,100.3119266055046,1198.9365557977058,198.49392721917638,147.62929944007232,738.2955529173038,129.64466124799637,7.3709599810149316,-90.63217503773792,-1.4957616971459613,99.92656370343337,1199.6449978820397,199.358682054845,147.0518244764945,738.5586717617748,130.27007419273602,6.977223533338199,-90.62886534555658,-1.4945274390772618,99.92713745238346,1199.4292243913778,199.19993110378408,146.73501197058928,738.5393519497865,129.63895653696784,8.148910311029924,-90.72862842083431,-1.4624223626227184,99.89070522994281
522,100.71559633027525,1198.9663834501616,198.45158627530998,147.64691496596382,737.3540194921626,135.0905187319475,7.158382662453009,-90.61642180024783,-1.5042680900201442,100.34814540341493,1199.6821009581367,199.34841831795734,147.06890732927468,737.5614349087979,136.025672037891,6.590586484411005,-90.59975374973462,-1.4987626806071876,100.37054715659237,1199.4403616866898,199.1902207154957,146.7362403090721,737.5878730353074,135.10102417075956,7.91813959809136,-90.71276180853219,-1.4784000504116834,100.31066780125077
523,101.1192660550459,1198.9964616910836,198.40904782102564,147.66448377104825,736.3723815425915,140.53106467176573,6.9425079130536265,-90.60041021189627,-1.5130396301219153,100.76988130243952,1199.7070982131604,199.3400615039256,147.08040062148856,736.5982217413673,141.264960797337,6.4699819604780915,-90.59103903192029,-1.5115757706197885,100.77555488230405,1199.437493578042,199.18674063559183,146.7388292349697,736.611525911562,140.36917698229868,7.871976766205289,-90.70979269245704,-1.4802443268511472,100.71919253295563
524,101.52293577981652,1199.0267796253206,198.36632044373266,147.68200788666508,735.3506446484646,145.9659132529734,6.7236057841247225,-90.58416135139231,-1.5220857650134942,101.19176483442459,1199.7526341263342,199.3250724384814,147.1058118275171,735.5625791626293,146.73401830080167,6.173684941366433,-90.56917181951235,-1.5287924935750534,101.19790693846173,1199.4531534004032,199.174673992021,146.74248524297852,735.5511592684874,145.9873686258207,7.5946209713894,-90.69035962510416,-1.490922171401749,101.152169369645
525,101.92660550458714,1199.057326357722,198.32341273084037,147.69948934415348,734.2888195572534,151.39467878550744,6.50194861667607,-90.56769646722367,-1.5314153720422325,101.61378942869321,1199.7741484603555,199.32205283568106,147.11308488663022,734.5128195495842,151.97243909163356,6.15140179877696,-90.56760055720804,-1.532596849331548,101.60538820094239,1199.4745560325423,199.17083352985276,146.7434308093866,734.4839181885525,151.43365974969123,7.2847020392943405,-90.6680696876181,-1.5082992342920614,101.5728017707403
526,102.33027522935782,1199.088090993137,198.2803332697573,147.71693017485296,733.1869221977984,156.8169757770052,6.27781090846667,-90.55103696740126,-1.5410367551322217,102.03594851099008,1199.8472508930986,199.30665116822354,147.13780736820166,733.363847825058,157.67122643821324,5.627736544578299,-90.5284346813927,-1.552265086830636,102.04524359666836,1199.4736367156465,199.16316952120238,146.74714662312468,733.3842331653977,156.7313207689515,7.1065511202707725,-90.65589719812024,-1.5210861636010042,101.98407866588639
527,102.73394495412848,1199.1190626364144,198.23709064789375,147.73433241010304,732.0449736920744,162.2324190057446,6.05146918001055,-90.53420440913618,-1.550957641767691,102.45823550453287,1199.8546452585097,199.30303899509846,147.14400793216802,732.2548926460644,162.79614132293608,5.665356767425798,-90.53153561284941,-1.5581943571584298,102.44520446059038,1199.4892718348265,199.16011292440774,146.74999227909376,732.2408358816168,162.10694087689137,6.868205434877612,-90.63864433675288,-1.5343590630454926,102.40166505363808
528,103.1376146788991,1199.1502303924035,198.1936934526604,147.75169808124318,730.86300036494,167.64062359321204,5.823201839595956,-90.5172204884515,-1.5611851801688514,102.8806438310951,1199.888455233292,199.2897362527479,147.1666342760029,731.0519458275685,168.27137805231348,5.452241012615658,-90.51576347930893,-1.5698292601234225,102.87122328695324,1199.4967569135133,199.1554487231937,146.75152395657042,731.0578825767976,167.47364846224966,6.665976834833399,-90.62441228181704,-1.5446352404937875,102.81907553540378
529,103.54128440366972,1199.1815833659552,198.15015027146495,147.7690292196128,729.6410337518622,173.04120507627005,5.593289047372207,-90.50010702973431,-1.5717259366623546,103.30316691211559,1199.9159704560811,199.2840620994299,147.17684246134058,729.8490732329502,173.51911159239134,5.368866264844952,-90.50971605879397,-1.5756870209051732,103.28124236425418,1199.5089145249892,199.1504907092513,146.75195871757168,729.8152007225763,172.96236663994537,6.345706055784258,-90.60160759024392,-1.5579748002778577,103.24553362197554
530,103.94495412844037,1199.2131106619174,198.10646969171762,147.78632785655134,728.3791106046067,178.43377947890704,5.362012578560814,-90.4828859752311,-1.5825858932475827,103.72579816983155,1199.9572743625,199.27158926836074,147.20054814422767,728.6086529192099,178.7994976987335,5.086568061567536,-90.48860279240299,-1.5956514812343416,103.69302916823044,1199.5090649093686,199.14632307420675,146.75374051451146,728.5593799629933,178.25277560967135,6.206977338042389,-90.59213736318353,-1.566222080932918,103.65920899792538
531,104.34862385321102,1199.2448013851408,198.06266030082838,147.80359602339843,727.0772728948941,183.817963383541,5.129655685846455,-90.46557937449116,-1.5937704453597,104.14853102842983,1199.9919276471574,199.25657176198735,147.22651724820074,727.2759044848547,184.29418767362137,4.87723044007392,-90.47322219749461,-1.6076949980717792,104.12267682279548,1199.506317628036,199.1407676377586,146.75691432650314,727.2544914674196,183.59224871707778,5.88628418235074,-90.56942028040184,-1.582760494139971,104.0762690669106
532,104.75229357798167,1199.2766446404717,198.0187306862059,147.82083575149304,725.7355678160047,189.19337400185694,4.896502961003873,-90.448209373762,-1.6052843998309438,104.57135891521268,1200.0519496551178,199.25175700589355,147.2389119002983,725.993035888016,189.43384577862233,4.475097531226172,-90.44275463147639,-1.6298913318470931,104.52435604673688,1199.5262686895633,199.1389628639102,146.75604455167158,725.8960751338589,189.03555424030588,5.746942396060027,-90.55950590069101,-1.5864062387137992,104.50261519555312
533,105.1559633027523,1199.3086295327626,197.9746894352599,147.83804907217504,724.3540477823442,194.5596292451619,4.662840195819927,-90.43079820534108,-1.6171319730511948,104.99427526177274,1200.11782709538,199.24349938585138,147.25743896900704,724.6471463114872,194.66509285214616,4.089645081553231,-90.41362059854977,-1.6519572752915512,104.9342443098802,1199.5360145911586,199.13529130057896,146.7550995557122,724.5281530955789,194.3358914707234,5.499595904121352,-90.5423060542027,-1.603940351343735,104.91801077630944
534,105.55963302752295,1199.3407451668618,197.9305451354,147.85523801678377,722.9327704269529,199.9163477942272,4.428954242364734,-90.41336817688745,-1.6293167893286677,105.41727350517344,1200.14860262926,199.23724698378953,147.26914375511888,723.210717290758,200.08346919132887,3.775909704681424,-90.38995913379308,-1.6634641921833433,105.35998612557853,1199.556269952051,199.1330953031537,146.75443084789816,723.0879428079921,199.776039546826,5.2038805808123385,-90.52077549756929,-1.615116099819332,105.34534933323019
535,105.9633027522936,1199.372980647618,197.886306374036,147.8724046166586,721.4717985969673,205.2631491685993,4.195132872673614,-90.39594166069872,-1.6418418794516783,105.84034708912912,1200.1426612302787,199.23203240156195,147.2731868804519,721.7311262719076,205.40343776175635,4.060472017623027,-90.41196391744481,-1.652140899030726,105.78255531938686,1199.572665289084,199.13015599429448,146.75526510022712,721.5803614524025,205.28719216416832,4.897376465291297,-90.49853279713474,-1.6250003113588491,105.77931044106951
536,106.36697247706422,1199.4053250798815,197.84198173857612,147.88955090313897,719.9712003470436,210.59965379537294,3.9616646378957627,-90.3785410829562,-1.6547096794522718,106.26348946518127,1200.1746021394638,199.2218139299238,147.29205429336608,720.2185822994824,210.83077901270633,3.532090500579081,-90.37202568974449,-1.6771109340838684,106.20900107494069,1199.5629169515569,199.12652788814808,146.75493169732516,720.1313201123351,210.35294739458402,4.942476055489166,-90.50280507612547,-1.6297234174257282,106.18097348771798
537,106.77064220183487,1199.4377675685005,197.79757981643218,147.90667890756419,718.4310489307175,215.92548307738832,3.7288387269682715,-90.3611889129436,-1.6679220295722503,106.68669409386493,1200.2008010319726,199.21447536155975,147.30947909062726,718.7627817654328,215.83903985391427,3.2599576046742023,-90.35147216611014,-1.7016413817763762,106.60511797728124,1199.592766081148,199.12462604638745,146.75225667578934,718.5484553937781,215.87972686804437,4.65964607122776,-90.48221869425558,-1.6401822555616212,106.61718586895311
538,107.17431192660553,1199.4702972183254,197.75310919501126,147.9237906612743,716.8514227897452,221.24025946084612,3.496944824876077,-90.3439076522425,-1.6814801734323106,107.10995444586092,1200.203108337374,199.20844456272687,147.3183163911766,717.2074755052151,221.0024921748437,3.434337335148445,-90.36504901933652,-1.7007465864701434,107.0171628062882,1199.581637266293,199.12175720645166,146.75442345198312,717.0149501032192,220.93385449617506,4.663923551009232,-90.48338345761479,-1.646224613830901,107.02017551079186
539,107.57798165137618,1199.5029031342042,197.70857846172441,147.94088819560787,715.232405541395,226.54360650232312,3.266272970553551,-90.32671982390995,-1.695384757404647,107.5332640031289,1200.2343809581496,199.19612189608597,147.3400488105851,715.5999825232261,226.30632526509518,3.0351121010763316,-90.3351388230094,-1.7255621453637942,107.43728304330054,1199.5810040056358,199.11866052441786,146.75520002056012,715.4086543149451,226.1376766375629,4.695981014862395,-90.48621697898317,-1.6444547418140283,107.43556768323087
540,107.9816513761468,1199.5355744209878,197.66399620398067,147.95797354190495,713.5740859637218,231.83514893516534,3.0371134144917615,-90.3096479616414,-1.7096358301894672,107.95661626001656,1200.2774392700921,199.18029927101543,147.36947100147705,713.8008067384499,232.15651594150995,2.3082413487524445,-90.28040371086816,-1.7449437269274102,107.89953856964759,1199.6262086501001,199.11693416597467,146.7524753977905,713.6768636753268,231.78516687022025,4.018416120760834,-90.43658127202592,-1.6757583545258632,107.88182872007077
541,108.38532110091742,1199.5683001835241,197.61937100918794,147.9750487315048,711.8765579788197,237.11451273524887,2.809756476105542,-90.29271459892404,-1.7242328425955853,108.38000472433922,1200.273760244009,199.1777065864581,147.37377769715224,712.2086226271313,236.9901357559408,2.6963353124146643,-90.31015238825678,-1.743838108142909,108.28975726337003,1199.6154151130281,199.11126602323182,146.75710569451425,712.0133088697897,236.88762291008862,3.85856954472498,-90.42579358053689,-1.6891908230638895,108.29032087479419
542,108.78899082568807,1199.6010695266637,197.57471146475962,147.99211579574694,710.1399206340718,242.3813251860926,2.584492400923951,-90.27594225818395,-1.7391746475252445,108.80342291842592,1200.2778666466202,199.17487133010877,147.37784450932747,710.5187913314778,242.04067297415668,2.9003667353114113,-90.32590802077507,-1.7402093109118975,108.69726277522685,1199.643072413312,199.10746298550023,146.75843385499007,710.2468595927644,242.28552994363383,3.4302912370735634,-90.3950443465482,-1.7122740668681646,108.7207892774157
543,109.19266055045875,1199.6338715552552,197.53002615810163,148.00917676597064,708.364278081407,247.63521494329842,2.3616112176614843,-90.25935343993234,-1.7544595001633843,109.22686438012605,1200.294864986168,199.17148641202198,147.38601206673283,708.6610402179801,247.55776501340702,2.624473540687455,-90.30507433161769,-1.7398868892735353,109.13979296150491,1199.7025796583812,199.09902775830454,146.7691106159391,708.3916716288686,247.7976280332269,2.8393331971051676,-90.35222763752618,-1.7361724282791398,109.16153599975921
544,109.59633027522938,1199.6666953741487,197.48532367662438,148.02623367351563,706.5497395545773,252.87581209832342,2.141402595230741,-90.24297061191379,-1.7700850583710885,109.65032266377224,1200.3403252196135,199.15470447155565,147.42182444398009,706.826158623647,252.90587572894228,2.138125302213785,-90.26882941919789,-1.7621693222152968,109.56776227858673,1199.6813683021996,199.09300635599686,146.77150047446878,706.628026013742,252.79656385846408,3.0308391254145706,-90.36751664997209,-1.7332158026698266,109.5662939367061
545,110.0,1199.6995300881927,197.4406126077379,148.04328854972115,704.6964193444683,258.102748241558,1.9241556997552824,-90.22681619826214,-1.7860483832830594,110.07379134109487,1200.3822720492703,199.1399069459336,147.4535141907619,704.889747526591,258.4083595341605,1.7206306423415159,-90.23784905712849,-1.7764574816148966,110.00999110102593,1199.7048370732718,199.08649695740257,146.77531722460162,704.7650393753705,258.0272016420028,2.9192375574271856,-90.36017386460439,-1.7371639100177454,109.98900691445346
