view,theta_deg,gt_P11,gt_P12,gt_P13,gt_P14,gt_P21,gt_P22,gt_P23,gt_P24,gt_P31,gt_P32,gt_P33,gt_P34,unregularized_P11,unregularized_P12,unregularized_P13,unregularized_P14,unregularized_P21,unregularized_P22,unregularized_P23,unregularized_P24,unregularized_P31,unregularized_P32,unregularized_P33,unregularized_P34,intrinsic001_P11,intrinsic001_P12,intrinsic001_P13,intrinsic001_P14,intrinsic001_P21,intrinsic001_P22,intrinsic001_P23,intrinsic001_P24,intrinsic001_P31,intrinsic001_P32,intrinsic001_P33,intrinsic001_P34
0,-110.0,-200.95308823172738,-31.580066395861014,-1199.5806251924396,152088.20970131623,170.95062895704461,1193.944174442304,-84.88881035454713,113352.24279226405,0.9451069078018698,-0.03434248981899998,-0.32495157518962736,748.9266659700102,-205.48881923779794,-32.72234927023409,-1200.0927072763325,152242.41348186857,169.36914654646003,1195.7754467721556,-86.16318799884282,113469.103119443,0.9446194247182831,-0.0333289709194349,-0.32647101271376533,750.1586500499682,-201.51712937805374,-32.010648252359665,-1200.6509326284324,152313.36619014188,170.14093778860382,1195.4618454821884,-84.81200025480724,113499.50507844616,0.9456038898139651,-0.03443798576903477,-0.3234923626685339,749.9147064059068
1,-109.59633027522936,-191.97432338211675,-31.221172795627442,-1201.0668008424207,152045.04775536832,169.85975869093218,1194.2357796004449,-82.97084711775842,113287.10175055603,0.947549366111541,-0.0328589954222174,-0.3179158460999696,748.9581619438105,-196.31342526720746,-32.22010331173111,-1201.5912748136225,152193.04259642333,168.60221388804482,1195.964688057739,-84.13818885778218,113396.83274959447,0.9470991226015086,-0.03205809652087924,-0.31933607753417204,750.1479281299711,-191.4218097636469,-31.551665567290936,-1202.2403300593521,152239.2154087563,167.86202634517426,1195.8725323475458,-82.45506105654283,113367.00532439738,0.9483469516518355,-0.03186028380802659,-0.3156310846674377,749.9291217246549
2,-109.19266055045871,-182.98423212241931,-30.837569028558057,-1202.4863514891356,152002.5914518086,168.76109642063423,1194.5244867823662,-81.05084039517156,113222.0409094238,0.9499373693843932,-0.0313786734555386,-0.3108606972571952,748.9900912473523,-186.1767278165044,-31.509949493908877,-1203.2051801088787,152147.12227101636,167.81979266681742,1196.2099402581487,-81.78038718074318,113337.86898153734,0.9497758955132397,-0.030676617093287,-0.31142365591864646,750.1259180729899,-182.06955196185373,-31.075296811828185,-1203.6472326717226,152183.8926321463,166.64688330141362,1196.1231847209256,-80.40045272055409,113291.24368169295,0.9508038884632651,-0.03021270821602848,-0.3083166520728132,749.9362891877499
3,-108.78899082568807,-173.98366671486176,-30.429351748946747,-1203.8391121438406,151960.84922139818,167.6552498820914,1194.8101748876302,-79.12898300036244,113157.07770791766,0.9522706894556907,-0.029902268840683272,-0.30378674810097156,749.0224352331549,-176.38961107084236,-31.04175256359236,-1204.6688985360881,152108.49409373847,166.88678856385343,1196.4485619412153,-79.71287227101844,113266.43310194729,0.9523006307856197,-0.029285142923729475,-0.30375300658470444,750.0874342535601,-173.17838844094652,-30.68767511068527,-1204.9244241298884,152126.3888136767,165.630735332572,1196.3387308727408,-78.5586538497819,113211.64708952284,0.9530772453315298,-0.028796411707853787,-0.3013544940829897,749.9385897035185
4,-108.38532110091744,-164.9734820594783,-29.996640749340674,-1205.1249303263378,151919.82893471138,166.5428290511563,1195.0927259307734,-77.20546781925373,113092.2295504812,0.9545491110511426,-0.0284305283761857,-0.29669462355715925,749.0551749677179,-166.56779462312085,-30.3992805158502,-1206.0159899316773,152059.70296370535,166.01235944304594,1196.639158886936,-77.50627128009127,113205.57800491918,0.9547600736027336,-0.027906119793854885,-0.2960649427611344,750.0677482278163,-164.10182295401938,-30.352489666496737,-1206.1558915404598,152089.5791024083,164.64605818700912,1196.542366088053,-76.76846362812047,113148.95385215517,0.9553429545762774,-0.02742118778565722,-0.2942242641283899,749.9361010108933
5,-107.98165137614679,-155.95453537302885,-29.539578922504436,-1206.343666185872,151879.5378979174,165.42444612897415,1195.3720250878519,-75.28048777190347,113027.5138081493,0.9567724318632335,-0.026964200367525885,-0.2895849538996359,749.0882912384287,-156.58887902775763,-29.57776005069157,-1207.298313486915,152006.1998065142,164.90038702501792,1196.8605695741592,-75.09435871215855,113131.6459676944,0.957191625202398,-0.02630315663611917,-0.28825741376999825,750.0326374344414,-155.15991394448187,-29.627663009103614,-1207.2860250209972,152031.6424231082,163.22398569513066,1196.8015278266823,-74.58117763989878,113065.89196225257,0.9575222843884643,-0.025613177870652513,-0.2872194979782241,749.943307209571
6,-107.57798165137615,-146.92768586704872,-29.058332212727034,-1207.4951926185936,151839.98284869012,164.30071552616758,1195.6479607394308,-73.35423577412756,112962.9478197436,0.9589404626200673,-0.02550403425657347,-0.28245837460881035,749.121764560538,-146.6164558271034,-28.615471032410312,-1208.5086731657573,151949.40702622136,163.58573997140684,1197.121832287276,-72.54730261669583,113039.5708899536,0.9595567037009519,-0.024525731927274433,-0.28044504070493936,749.9682045147463,-146.35643760211087,-28.965035978748205,-1208.3475965007651,151976.10158823666,162.14717938332245,1197.0158088069481,-72.54489509895788,112986.90426485105,0.9596077698672688,-0.0241304480808912,-0.28030456558140837,749.9339986391251
7,-107.1743119266055,-137.89379442534738,-28.553089556488885,-1208.5793953814182,151801.1699522479,163.17225384585285,1195.9204245099363,-71.4269046989858,112898.54889306454,0.9610530271466611,-0.024050780250601957,-0.2753155262268663,749.1555751841915,-137.941732047096,-28.329728274178137,-1209.4851544409685,151918.13090586232,162.94582237460617,1197.2446754494913,-70.95957459695337,112984.83251731882,0.9615524785007851,-0.023533479294120547,-0.2736110495599741,749.9427171425265,-137.48003537642197,-28.485495251397758,-1209.33869121697,151937.89947812882,161.0517811520013,1197.2100296481692,-70.69849843588244,112920.62777962835,0.9616593289917248,-0.022688998760823312,-0.2733066854257632,749.932522727856
8,-106.77064220183486,-128.85372328128497,-28.02406281252068,-1209.5961732022174,151763.10479752402,162.0396798655196,1196.1893113033777,-69.49868733817026,112834.33430608011,0.9631099624186272,-0.022605188951131106,-0.2681570542097935,749.1897031015294,-129.17026172665567,-27.982324102853976,-1210.4132260589563,151882.62757267678,162.27218759291605,1197.374897101305,-69.30851149989559,112918.91217109795,0.9635180002937939,-0.022512053998859204,-0.2666950890710239,749.9086879965731,-128.27193505788517,-27.552355199042914,-1210.2900943231398,151883.38224082903,159.53134800517427,1197.4670969841118,-68.33726887173202,112838.08752118284,0.9637336795009273,-0.02079575394037518,-0.26605437717439545,749.9331861417223
9,-106.36697247706422,-119.80833569511684,-27.471486681294945,-1210.5454378861966,151725.79239346477,160.90361451780572,1196.4545193353592,-67.56977636332941,112770.32130811005,0.9651111186081952,-0.021168010982855437,-0.2609836087762374,749.2241280538415,-120.00135949521761,-27.416147566298363,-1211.308364376985,151841.87685117326,161.3600941303001,1197.5383446778585,-67.37874685415973,112855.99356337865,0.9655204533032331,-0.021240573635370637,-0.2594592304867174,749.8708587513911,-119.57830779970033,-27.197452475620608,-1211.14477229366,151852.85898670374,158.8307796231577,1197.6057098282802,-66.72598249539355,112787.0153365973,0.9656302904232854,-0.019746415266565877,-0.2591683261919979,749.92590140271
10,-105.96330275229357,-110.75849563174924,-26.89561861399549,-1211.4271144183576,151689.2371654624,159.76468087019785,1196.7159501613753,-65.64036428736198,112706.52712100577,0.9670563591225285,-0.019739996622917286,-0.25379584475323136,749.2588295387833,-110.20049848459212,-26.47729634780774,-1212.1507347963525,151781.55974027506,160.00790114343633,1197.7325221678825,-64.97640110129996,112778.59169943542,0.9675996723673747,-0.019522562268060567,-0.2517334773069305,749.8292710344118,-110.60665018476772,-26.66932453673176,-1211.9577129122185,151817.9776828526,157.8074281085094,1197.7887667660289,-64.89290237781859,112724.5535076257,0.9675367447800672,-0.018395607510768124,-0.2520600109590987,749.9169142417197
11,-105.55963302752293,-101.7050674392017,-26.296738711025974,-1212.2411410619554,151653.44295191698,158.62350410369325,1196.9735087013373,-63.71064342571966,112642.96894032578,0.9689455606343005,-0.018321895430783004,-0.2465944214188649,749.2937868176502,-100.7142444157445,-25.822743379604542,-1212.9088240884635,151734.6415985173,159.03570770481085,1197.8811124836184,-62.956740590561026,112720.83264322864,0.9695487486959755,-0.0182022081110663,-0.2442210136780814,749.7878627823219,-101.83023575342109,-26.251338350815782,-1212.7034291686564,151785.21063826923,157.05063643601378,1197.9418317582792,-63.23763588168671,112668.5524520201,0.9693455579879258,-0.0173088581487141,-0.2450909884893046,749.9041508892992
12,-105.1559633027523,-92.6489155280991,-25.675149610119465,-1212.987469452805,151618.4130009311,157.48071149045592,1197.2271032602966,-61.78080585774845,112579.66393650495,0.9707786131044984,-0.016914455878979714,-0.23938000234193485,749.3289789227044,-91.7222129936787,-25.321805746529424,-1213.5626121281446,151690.48313226868,158.09420646847775,1198.017446239874,-61.17767283864283,112649.84282711093,0.9713380853230599,-0.01698379204664288,-0.23709465369056376,749.7536559669834,-93.38845610802264,-25.55232370843605,-1213.2926967556625,151725.32464182272,155.5812952564257,1198.1250945648046,-61.3113656273794,112585.28647786548,0.9710408226249915,-0.015617980263211192,-0.23840259958372434,749.9291209673769
13,-104.75229357798165,-83.59090405251483,-25.03117636412667,-1213.6660646893797,151584.1499671387,156.3369323705005,1197.4766455453432,-59.85104338810857,112516.62925601944,0.9725554197974365,-0.015518424984950418,-0.2321532552186561,749.3643846645641,-82.73807067641346,-24.738457637854548,-1214.1295613504901,151641.73996402894,156.87476164127636,1198.1702101763422,-59.31853703736554,112577.8322742584,0.9730737567963894,-0.015538791767268249,-0.22996958447710975,749.7209138627808,-83.97842007275449,-24.869719274552484,-1213.9577058565774,151693.4146505309,154.81343867186018,1198.2861978138776,-59.34641364698825,112526.50245337324,0.972869945922783,-0.014473714176426776,-0.23089950177109608,749.9078622345097
14,-104.34862385321101,-74.53189659245531,-24.365166308565893,-1214.2769054185592,151550.65590866556,155.19279812744128,1197.7220506786252,-57.92154750830624,112453.88202254432,0.9742758972879616,-0.014134547944283694,-0.2249148517064803,749.399982639639,-73.17730682714486,-23.853673836571087,-1214.6693065145034,151582.82749991762,155.56246884092863,1198.3455761130676,-57.103996041375616,112495.92141110037,0.9748604257437602,-0.013957235904597002,-0.22237883416503013,749.6713225921727,-75.23449506457852,-24.256749460132276,-1214.4897137157393,151648.0272070992,153.99308366313522,1198.4231858237567,-57.5516914283319,112465.17668920479,0.9745141007973317,-0.01334560068135408,-0.22392892240535162,749.9077558865415
15,-103.94495412844037,-65.4727558383226,-23.67748891902502,-1214.8199839169567,151517.9322842249,154.04894216334125,1197.9632372064752,-55.99250935837233,112391.43933810569,0.9759399754608438,-0.012763567765573566,-0.21766546725510086,749.4357512376231,-64.33665898644635,-23.370059630137483,-1215.0962730595286,151540.86955839788,154.50768555366346,1198.4698070984962,-55.41699209677029,112435.47630555379,0.9764575422328955,-0.012698967863140984,-0.21533556239438048,749.6461075043899,-66.33118159065948,-23.95126135811052,-1214.993985008051,151624.5579222672,153.71839498888534,1198.5060687676894,-56.08417156672522,112432.35975424902,0.9761328812362245,-0.01272540632219585,-0.21680097371414583,749.8901913552643
16,-103.54128440366972,-56.41434327765574,-22.968535658517812,-1215.2953061677126,151485.97995034722,152.9059998726966,1198.200127104605,-54.06411968872369,112329.31828422651,0.9775475975023536,-0.011406224907163543,-0.2104057809347064,749.4716686490403,-55.60758948408979,-22.93045415617736,-1215.4676461739607,151500.0306026985,153.69265681403337,1198.570063238345,-53.81772590531141,112373.13233237273,0.9779806691346048,-0.01166254835808266,-0.20836937338492514,749.6239591994882,-56.881286219741604,-23.123411015430978,-1215.4122228694112,151581.1083054496,152.30560195268134,1198.70555794823,-53.986335373469046,112357.82733220754,0.9778013160376836,-0.011078519668491582,-0.20924113543213388,749.8964180486038
17,-103.13761467889908,-47.35751888444201,-22.23871981490259,-1215.7028919326615,151454.79915874446,151.76460861559565,1198.4326457793306,-52.13656882224207,112267.53592306424,0.9790987198840333,-0.010063256916027311,-0.2031364752615579,749.5077128728361,-46.646579210341386,-22.36388936065395,-1215.783899033549,151456.37003326797,152.76722266457764,1198.6847767365018,-52.07491668951161,112311.96102860272,0.9794920776147549,-0.01051811575401729,-0.2012079499694688,749.5950234535286,-47.48386054309632,-22.438602591947067,-1215.782703944614,151540.90448190106,151.22506570790358,1198.879870367769,-52.07605456652219,112292.42433051985,0.9793969096244177,-0.00974628418397066,-0.20170945283438144,749.8870314602989
18,-102.73394495412845,-38.30314081133694,-21.48847632847957,-1216.0427748197912,151424.38955381096,150.62540769008694,1198.6607220648198,-50.21004661660488,112206.1092985423,0.9805933123386736,-0.008735398069036846,-0.19585823602096486,749.5438617240227,-37.70603833982003,-21.699021666457305,-1216.0191299223482,151406.5112526188,151.5954393477488,1198.813686083277,-50.247225264027286,112239.12957121099,0.9809463932950455,-0.009177256110526544,-0.19406172072751446,749.5665677091687,-38.53700544591944,-21.678735447182614,-1216.052092909873,151496.05820641326,150.0562246026246,1199.0430584345274,-50.16600411846516,112219.90683118465,0.9808589357651185,-0.008368151888313125,-0.1945397701337526,749.8825634129996
19,-102.3302752293578,-29.252065085057147,-20.71826160989298,-1216.3150023458952,151394.75017025857,149.489038303796,1198.8842882163021,-48.284742426903165,112145.05543747355,0.9820313578285232,-0.007423379016866539,-0.18857175208773683,749.5800928413702,-28.691437358791987,-20.92483182155656,-1216.1761725213833,151365.95624403688,150.35924076919102,1198.9338625957769,-48.32176308067599,112161.33824868912,0.9823575818306827,-0.007781581182192088,-0.18685028341985044,749.5361482573923,-29.955366938071293,-20.814709849997776,-1216.2368936555686,151452.30691865072,148.61913514805929,1199.2260300246437,-48.213438164635434,112145.15211720548,0.9822103615237334,-0.006780544046029119,-0.18766147696812122,749.8802213887086
20,-101.92660550458716,-20.205145305278975,-19.92855334847054,-1216.5196359943377,151365.87943088898,148.35614354482723,1199.1032798992442,-46.36084506858187,112084.39135067558,0.9834128525057538,-0.006127926430779533,-0.18127771524419464,749.6163836951421,-19.70840207470297,-20.1719640284115,-1216.2786563884404,151329.80918756296,149.3227352199785,1199.0363489758329,-46.445592790085854,112083.34534887185,0.9837084969699691,-0.006569593788362415,-0.17965086536540809,749.506253862915,-20.53188910413557,-19.62865088527283,-1216.386614184438,151399.0494851193,146.84366108277376,1199.4671820451515,-45.857040277912205,112049.3497427802,0.9836376655912615,-0.004862132529923178,-0.1800924831786021,749.86596337049
21,-101.52293577981652,-11.163232347320939,-19.11985031113898,-1216.6567512678369,151337.77514450307,147.2273683519884,1199.3176361744431,-44.4385427807332,112024.13403407861,0.9847378056652221,-0.004849762652540191,-0.17397681999581824,749.6527115948824,-10.801574911795392,-19.57597578919021,-1216.3235093858218,151297.221618123,148.45288367357824,1199.123191676945,-44.752930535875855,112024.44743613382,0.9849960990710107,-0.00552456044820257,-0.17248815625064143,749.4818867664306,-11.568710561142336,-18.804951094468652,-1216.4555910108231,151359.65931146796,145.5469542378429,1199.6316160611589,-43.94732373435715,111982.11164000012,0.9849385222335122,-0.003419775817795308,-0.17287108651773161,749.8618315732897
22,-101.11926605504587,-2.12717406890246,-18.292672132067942,-1216.7264377362128,151310.43450394607,146.10335948437734,1199.5272994790257,-42.5180231897827,111964.30046982397,0.9860062396895678,-0.0035896053476935767,-0.16666976338462344,749.6890536972397,-1.7670593458411488,-18.935529919635147,-1216.3042127575259,151264.18918373334,147.60484478264934,1199.206922528152,-43.01594591338412,111967.53249631923,0.9862481465447156,-0.004500636415361585,-0.16520998065785847,749.4549643969285,-2.2479094960246475,-17.957377989035443,-1216.4926487912403,151324.01226761306,144.32467331157744,1199.8178444737,-41.99394132903341,111909.1615796002,0.9862331529195714,-0.0020374615690315996,-0.16534816851926787,749.845381312592
23,-100.71559633027523,6.902184978719285,-17.447559093193203,-1216.728799078998,151283.85408429193,144.98476549036664,1199.7322156033229,-40.599473273596494,111904.9076273546,0.9872181899867004,-0.002348167162450001,-0.15935724480035507,749.7253870138398,7.3616325524411,-17.988332827173892,-1216.1948226578693,151225.04712735355,146.3987430525375,1199.310180819575,-40.981811172165536,111884.82456394858,0.9874559829187778,-0.003168309018181863,-0.15786273662861533,749.4213715721494,6.6408991022833765,-17.25938080311583,-1216.4496052004063,151294.19045993357,143.08258384753492,1199.9865938832374,-40.25957914934074,111842.4125125018,0.987412906481723,-0.0006875787518893251,-0.15816219317136432,749.8361188707048
24,-100.31192660550458,15.924003834957553,-16.58507189578437,-1216.663953122846,151258.02984116328,143.8722366760265,1199.9323336635975,-38.68307932604506,111845.97246449652,0.9883737049197296,-0.0011261553844093104,-0.1520399657895826,749.7616884191975,16.00942840280498,-17.34948564788181,-1216.0308897333446,151193.17306166363,145.3640150489887,1199.3911208145626,-39.326435148293136,111820.96588405014,0.9885495553129402,-0.00203815641907185,-0.15088281084669594,749.4031266772206,15.670486842644944,-16.686914861874648,-1216.3629455014977,151271.9569134352,142.5667149962035,1200.0879206798456,-38.64313222387709,111804.56530001898,0.9885578403090716,4.506460503844222e-05,-0.15084228297346,749.8164860634627
25,-99.90825688073394,24.937445409170728,-15.705791423227142,-1216.5320318736767,151232.9571091921,142.76642507302023,1200.1276060706043,-36.76902692205705,111787.51192853093,0.9894728457294043,7.572839264366434e-05,-0.14471862986279674,749.7979346586682,25.013748436722224,-16.02860658638419,-1215.7843147730136,151149.07974307952,143.64468537563417,1199.543347802276,-36.986336150340264,111720.61057099028,0.9896314250076439,-0.0002880992864366516,-0.14362993990161463,749.3676838033729,24.633651270407853,-15.950959859502749,-1216.189552336975,151238.637782463,141.44106789824937,1200.2381366211575,-36.8950569847784,111738.75571236505,0.9896381907426621,0.0012764264589551879,-0.14357793061290872,749.8102276065017
26,-99.5045871559633,33.94167675471783,-14.810318495194377,-1216.3331815434697,151208.6306006158,141.66798440601326,1200.3179884939536,-34.857500883193865,111729.54295725642,0.9905156864491292,0.0012567885996450099,-0.1373939422996011,749.8341023564385,33.913881748012095,-15.422740099204,-1215.5223011490134,151119.52611205992,143.0890754815382,1199.6001809034603,-35.35917527482306,111689.33587577044,0.9906532259813617,0.00044159198450336075,-0.13640377872053333,749.3500886228401,33.18512143571209,-15.492571720587826,-1215.9678396424044,151213.3519830019,141.09769444982027,1200.2947430859379,-35.46442606420624,111706.45920699922,0.9906203690104975,0.0018137689736067914,-0.13663087039031896,749.8049724647035
27,-99.10091743119266,42.935869337525965,-13.899273613391134,-1216.0675625716797,151185.04440401515,140.57757005963063,1200.5034398222833,-32.94868524377851,111672.0824800429,0.9915023138126379,0.002416336018635115,-0.13006660995209526,749.8701680235578,43.191802787250374,-14.103507933151235,-1215.126093251898,151074.24933100143,141.49606260583818,1199.722773007608,-33.028381201397444,111599.25731830762,0.9916559413865662,0.0020607313981294458,-0.1288962656512118,749.315548439636,42.536239224068794,-14.203977451283412,-1215.6175422808749,151170.34232859366,139.46888601772025,1200.472034610783,-33.17419020931394,111628.42082539368,0.9916336443167333,0.0034979479058501687,-0.12903673825528336,749.8126760552201
28,-98.69724770642202,51.919199298904395,-12.973296699060997,-1215.7353496411672,151162.19198318804,139.49583904500045,1200.6839221191804,-31.042763217608904,111615.14741887407,0.992432827154402,0.0035536881043998765,-0.12273734104655266,749.9061080659995,52.432935129027456,-13.15634378820911,-1214.687686385543,151039.82094346904,140.3921289448549,1199.810123616368,-31.072847796252596,111541.26032151771,0.9926002149696403,0.0032342056137346776,-0.12138514388619423,749.2867685726794,51.7149487727471,-13.007350471717608,-1215.2029608968448,151129.7291475505,137.70728588623552,1200.6573071030919,-31.02487456774497,111549.26176660538,0.9925689949990852,0.0052562424026281526,-0.1215695771248337,749.8177841230308
29,-98.29357798165138,60.890847712343856,-12.03304682245174,-1215.3367316886429,151140.06617616527,138.42344996591947,1200.8594005748857,-29.139917165288683,111558.75468938124,0.9933073383028702,0.004668169301154509,-0.1154068449834893,749.9418987927683,61.13056496439019,-12.461698569737736,-1214.2223228536839,151007.98889962558,139.53392528994206,1199.8768649238223,-29.433473330773573,111490.97617946286,0.9934370383516253,0.004157129369565472,-0.1143047204036475,749.2751524414205,60.408080118917034,-12.397385405183385,-1214.7789118461458,151099.93515933867,137.2557656960618,1200.716167923364,-29.469951173125075,111513.04514757192,0.9934086049688033,0.005857535547177128,-0.11447721542407271,749.8106573301334
30,-97.88990825688073,69.85000083403571,-11.07920192443727,-1214.871911909516,151118.65919436366,137.36106298467698,1201.0298434537103,-27.240328562202382,111502.92120186603,0.9941259714666306,0.0057591113540588395,-0.10807583213623428,749.9775164240277,70.2955812344906,-11.462420036827055,-1213.64605188632,150972.96006538384,138.38860194292252,1199.9553774288206,-27.46864254388997,111424.84105981572,0.9942621449733162,0.005330669473043942,-0.10683805986646228,749.249363057053,69.50876445803189,-11.415166872272234,-1214.2635310317635,151077.48160216011,136.40478150141456,1200.818217387971,-27.53147168719484,111461.5094820297,0.9942310702207084,0.006815554222608532,-0.10704264210315266,749.7930935700485
31,-97.4862385321101,78.7958503468669,-10.112458530506718,-1214.341107757156,151097.96262187976,136.30933978757122,1201.195222037194,-25.344177967169056,111447.66386231298,0.9948888631135966,0.006825853615358062,-0.10074501364810563,750.0129370992712,79.39393500111935,-10.402454224743737,-1212.992902258689,150937.9509270934,137.16662397918924,1200.0263497131284,-25.47297249894437,111352.98275351612,0.9950242493695938,0.006550688201167601,-0.0994174614973015,749.2220960236789,78.34109950255996,-10.028141601834006,-1213.6549774337798,151045.1337376221,134.63488022484918,1200.978463028597,-25.29453423911096,111367.6314423676,0.9949676970029073,0.008532687583934108,-0.09983223509130539,749.7864813617468
32,-97.08256880733944,87.72759359764248,-9.133531457329491,-1213.744550936465,151077.96741492295,135.2689435501538,1201.355510562966,-23.451644991799075,111392.99957339175,0.9955961618433279,0.007867743344947562,-0.09341510122829223,750.0481368855184,87.43405151059575,-10.125568389536337,-1212.413207965157,150919.29686969033,136.7064056348388,1200.0675048405913,-24.33331298742515,111322.60937108341,0.9956561326630297,0.007068685255696036,-0.09283802657992847,749.2242431377031,86.78039504664665,-9.540939280352505,-1213.066155662934,151023.34294743615,134.31742787508142,1201.02037935976,-23.910896174202943,111331.3275333663,0.9956330008049223,0.00896546053592363,-0.09292226980419933,749.7733724804199
33,-96.6788990825688,96.64443382729594,-8.143153512115619,-1213.0824873917857,151058.66390138908,134.24053890223618,1201.510686159307,-21.56290827058749,111338.94523544854,0.9962480282525966,0.008884136005165445,-0.08608680694656567,750.0830917855443,96.13889200266206,-9.146454476257452,-1211.6872157700268,150892.02583413123,135.77510989435086,1200.1227618625928,-22.467387765837753,111250.9606520754,0.9962868768517236,0.00800974162471478,-0.08572224362523385,749.1948138730064,95.95190674981802,-8.3733096373847,-1212.3303789326576,150991.96060422587,133.54709667718421,1201.0894127422148,-21.81330753902735,111278.18149672056,0.996298497810742,0.009819635591638657,-0.08539834902916081,749.7603965633476
34,-96.27522935779817,105.54558039385614,-7.142075184991402,-1212.3551772890378,151040.0417805729,133.22479189268861,1201.6607287753914,-19.678145431767053,111285.51774748645,0.996844634794319,0.009874395549621816,-0.07876084302691579,750.1177777461337,105.59118616889286,-8.220593065148355,-1210.804648849738,150866.32289414265,135.06690383686998,1200.1276461610062,-20.565518842426794,111205.59359916221,0.996917495270152,0.008773012691177844,-0.07796500415318718,749.158315774448,104.61552444139416,-7.612798224830617,-1211.583375753706,150970.20334060132,132.8557435979351,1201.1557634341268,-20.1777382185132,111228.35172134578,0.9968750491073582,0.010555293426090533,-0.07828615617011232,749.7451182582149
35,-95.87155963302752,114.43024898793102,-6.131064334616923,-1211.5628949921174,151022.09012302256,132.22236995406732,1201.8056211072121,-17.79753306895132,111232.73400813552,0.9973861656299768,0.010837894705878917,-0.07143792164023811,750.1521706663664,114.87270153392062,-6.53005822607155,-1209.8117046022444,150818.02299185333,133.4886539813209,1200.1704687797462,-18.014758036320483,111107.31792714522,0.9974687586680123,0.010250302532322255,-0.0703633909024454,749.1152709662655,113.51499884244583,-6.403184383043161,-1210.7435244370104,150936.1242724077,131.82130368584035,1201.2520694046393,-18.112529667326655,111155.06977667351,0.9974109482368406,0.011587102841609237,-0.07097280736327573,749.7224084953147
36,-95.46788990825688,123.29766184050368,-5.11090586727658,-1210.7059290334767,151004.79737053273,131.2339418670968,1201.945348519163,-15.921246713592646,111180.61091661101,0.997872816475658,0.011774015251802154,-0.06411875469617458,750.1862464059275,123.70618805570379,-5.32094938407406,-1208.8378519197158,150778.1982972946,132.33706241314442,1200.2067486804467,-15.96830603016022,111041.17613211805,0.9979425349189297,0.011335501084373218,-0.06310470200188392,749.0901859761257,122.43141031844074,-5.7077861379531205,-1209.8619710744688,150917.1607142876,131.5475366584399,1201.2859219040022,-16.491797181268065,111117.46053257784,0.9979020215204181,0.011949698488342191,-0.06362986839135039,749.6956232690169
37,-95.06422018348624,132.14704792281896,-4.08240140967561,-1209.7845820788907,150988.15133627833,130.26017772504088,1202.0798989612808,-14.049460808280966,111129.16537366077,0.998304794441851,0.012682148285407303,-0.05680405363423026,750.2199807934372,132.4820214036798,-4.473729960891071,-1207.827968806838,150748.33949114606,131.55848322176323,1200.2235989044848,-14.26136930229633,110997.51248916319,0.9983647779700141,0.012088053518265678,-0.05587171977865201,749.0718172165673,131.56109925583198,-4.165412999856143,-1208.849271321541,150882.0816394654,130.08108823503025,1201.4105504451472,-14.139181466426018,111028.7916486709,0.9983360999904884,0.013320728515421406,-0.05610338356641194,749.6737235166839
38,-94.66055045871559,140.97764313814446,-3.046368975681521,-1208.7991708863863,150972.13920509024,129.30174889798775,1202.2092628821404,-12.182348680908298,111078.41428250186,0.9986823178671335,0.013561694488035498,-0.04949452921427788,750.2533496348124,141.23605034011348,-3.54722658887568,-1206.7813453545896,150721.04353833786,130.84216018935405,1200.2549783115703,-12.479924879359098,110942.41160645713,0.998734094444287,0.012773154020659455,-0.04865239080368413,749.0477739449257,140.6845334318426,-2.55198443314396,-1207.7605654908825,150854.02442696056,128.36098662594816,1201.5503606936413,-11.76446289258283,110930.57310767497,0.998708977827786,0.01487952496612454,-0.04856930453446278,749.648464628994
39,-94.25688073394495,149.78869050521928,-2.003642627250226,-1207.7500262592994,150956.74753386888,128.35932799707876,1202.3334331373856,-10.320082519722366,111028.37454974507,0.9990056161458973,0.01441206438069307,-0.0421908913065725,750.2863287216423,149.58824233854912,-2.6834554455748285,-1205.697270844808,150690.3603957995,129.8121059494951,1200.294683477776,-10.849610230855475,110892.65331530597,0.9990341291190187,0.013696156977443454,-0.04175193575696079,749.0335577782868,149.1788978502552,-2.2280650812698797,-1206.7339161558766,150841.16029589623,128.26881949933247,1201.563018115313,-10.559918546682912,110917.40554808557,0.999023718439256,0.015030884892764254,-0.04154133477805839,749.6390415761356
40,-93.85321100917432,158.57944033318512,-0.955072129782299,-1206.6374929934757,150941.96225214034,127.43358883870576,1202.4524048939036,-8.462833349292765,110979.06308630834,0.9992749295502615,0.01523267857339977,-0.034893848681385904,750.318893839588,158.4602239086079,-1.5648931302796971,-1204.4615810878645,150657.45763839097,128.73866848350772,1200.3121673314008,-8.927663144648598,110831.07776325078,0.999300346581748,0.01464748833330635,-0.034413201058953236,749.0051937812144,158.22584917092425,-0.40743491091908735,-1205.5021102217247,150793.4891118785,126.4801162946842,1201.684605614557,-8.02776469439897,110809.81231142046,0.9992821091092909,0.016610395826580623,-0.03404939301325735,749.6243355214266
41,-93.44954128440367,167.34915038782316,0.09847739784526874,-1205.4619298185848,150927.76866275215,126.52520640870324,1202.5661755296328,-6.610771007411616,110930.4968083193,0.9994905090463244,0.01602296800739497,-0.02760410879838982,750.3510207768014,167.5789459514345,-0.08787058825314571,-1203.1287749951052,150627.48356734964,127.4569563099736,1200.3506991263034,-6.662883508497235,110744.67541835005,0.999514947568389,0.015752600650068997,-0.02686494295769814,748.9545691719808,166.9186053486742,0.10723948204335901,-1204.3111264153163,150784.46489231143,126.09064923990141,1201.7143247239408,-6.663028546573262,110784.27060318139,0.999495480715404,0.016986434844667074,-0.026837381778990043,749.6121634390164
42,-93.04587155963303,176.09708604890184,1.1561258383220505,-1204.223709333549,150914.15144270973,125.63485682655538,1202.674744528999,-4.764064122949801,110882.6926380058,0.999652616104912,0.01678237419005785,-0.020322377595901615,750.382685332362,175.84000725809096,0.3089613838258154,-1201.9310006175908,150608.87128395177,127.1452605347562,1200.3683785858339,-5.441976412968597,110725.53633051329,0.99967119611403,0.016042910120427283,-0.020003117127398034,748.9496275168839,175.8768345381866,1.5266550949310804,-1202.966716334081,150751.771156881,124.83390735258071,1201.7842212960638,-4.496450599985539,110711.88321262799,0.9996485040860278,0.01807997813471338,-0.019390272541019528,749.6012071369863
43,-92.64220183486239,184.8225204584853,2.216978435771269,-1202.9232179360918,150901.09464415218,124.76321730964362,1202.7781133739793,-2.9228800946888116,110835.6675045748,0.9997615225069846,0.0175103494224038,-0.013049359280112418,750.4138633247255,184.34622641220545,1.251451045942168,-1200.6289354823623,150587.33179143124,126.40523836818409,1200.416044852179,-3.7163492153924125,110663.14331937543,0.999777341389239,0.01666586700425978,-0.012942817377265289,748.9240294649273,184.82656831452553,3.0913548421207824,-1201.535764722872,150725.42163932958,123.53090648409633,1201.8374004645877,-2.205955501921918,110643.17170200117,0.9997445925339624,0.019193924933463145,-0.011930756252230843,749.5961902342005
44,-92.23853211009174,193.5247346600136,3.2801261601890697,-1201.5608557463993,150888.5816954701,123.91096613755023,1202.8762854307909,-1.0873850711467312,110789.43834508013,0.9998175101438663,0.01820635701902618,-0.005785756114422113,750.4445306001944,192.83732982853104,2.1698200460596904,-1199.2161828435662,150557.34298850043,125.46030901670068,1200.4340784716132,-2.055202687027015,110613.61248262813,0.9998305234920678,0.017446935036621213,-0.005876117034710277,748.9069342860404,193.1825661555975,4.240658979657841,-1200.1530162471038,150694.61717817048,122.53141656212712,1201.8743298127984,-0.35705133141203077,110578.4901009033,0.9997870843745408,0.020028558665498946,-0.004964147020136545,749.5909201624847
45,-91.8348623853211,202.20301772801886,4.344646076200252,-1200.1370365249231,150876.5954025615,123.07878261644059,1202.969265832214,0.7422560685818759,110744.0221052784,0.9998208708124646,0.018869871520358763,0.0014677317909999044,750.474663041394,201.32214671063673,3.132090140804329,-1197.786395729763,150535.1429848063,124.65894513043756,1200.477313740696,-0.3371039085780894,110558.61892062968,0.9998355664586025,0.01809483981185981,0.001190301049533549,748.8814814661151,201.70106702021283,4.551219640035604,-1198.7390566861347,150686.27131233946,122.47457078030445,1201.8686951516122,0.8149301468326747,110571.81302036162,0.9997962053882552,0.02007411474222354,0.0021395346601438313,749.5861322059123
46,-91.43119266055047,210.8566668883125,5.409601715876644,-1198.65218758431,150865.11795023057,122.26734704353657,1203.0570613555356,2.565879732956345,110699.4357404746,0.9997719060056524,0.019500378897141197,0.008710406689305563,750.5042365757721,210.7094928494526,5.658552302312283,-1195.9761022262242,150491.05039921272,122.41617107964335,1200.4986853399469,2.7871034798041583,110424.6275859337,0.9997617240426965,0.0198799562639381,0.009015679570566017,748.810198199766,210.4221392866949,6.4212781378217,-1197.123039418694,150653.62379876,120.89934171420923,1201.9128347991498,3.3108959983704094,110480.71370255704,0.9997274640699129,0.021350205126059885,0.009442792246799631,749.5778915897118
47,-91.02752293577981,219.48498762851315,6.474043455363383,-1197.1067496954934,150854.13090372353,121.47734067169857,1203.1396802961192,4.383323635075773,110655.6962163542,0.9996709266979872,0.020097376746976585,0.015941573406591088,750.5332271840962,218.78705415643992,5.585244804096497,-1194.5521557813836,150489.58212586344,122.57158223813744,1200.508332697545,3.5726033206879912,110429.7294983462,0.9996808437043934,0.019735433685938043,0.015770966606400892,748.8106278177739,219.1857906266871,7.3758764136085295,-1195.501706862997,150641.312232692,120.47199227890223,1201.9063699375695,5.083215704480979,110456.63261649838,0.9996243697548253,0.021667942366297967,0.016781527519250133,749.5684801152281
48,-90.62385321100918,228.087293798774,7.537008895054816,-1195.5011769879663,150843.61521040564,120.70944567412606,1203.2171323366197,6.194426808702814,110612.82050980546,0.9995182531269439,0.020660374482876755,0.02316053955092512,750.5616109089694,228.06663296586757,7.459915544854317,-1192.6692204010685,150457.39475474716,121.24782398837127,1200.4851377726666,6.167042261064122,110353.02281880325,0.99950752966509,0.020748168507499384,0.023541700158949363,748.7616005079253,227.6963161338614,8.647960531953661,-1193.8355532201883,150620.48209533718,119.49417696341096,1201.926251339922,7.0444229967141565,110401.31864156005,0.9994624105817623,0.02241855639561145,0.02392275408955815,749.560779670914
49,-90.22018348623854,236.66290770258087,8.597523243065448,-1193.8359368442314,150833.55120157776,119.96434510918844,1203.2894284118033,7.999029623214378,110570.82560972957,0.9993142145698413,0.021188893513698362,0.030366615720668788,750.5893638633491,236.81351111359584,8.464706565073252,-1190.8691609084367,150432.5181872365,120.47999015021568,1200.4586386108315,7.928354398345078,110312.93937890121,0.9992960265610319,0.021305540939463054,0.030879203756091534,748.7418340419812,236.2151562083595,9.780716243924985,-1192.1129517922327,150603.7233931542,118.61702331031577,1201.941199165553,8.878082549104352,110346.8940270251,0.9992506812130572,0.023069320957810776,0.031078650642950147,749.5495226205368
50,-89.81651376146789,245.21116017752706,9.654599701739892,-1192.1115097885138,150823.91859443267,119.24272288539593,1203.356580569045,9.796973797465057,110529.72851784005,0.9990591491166444,0.021682467416379022,0.03755911571195792,750.6164622390775,245.2463164956397,9.150690419119762,-1189.1333450142458,150419.80247026696,120.0873762931431,1200.4596393808702,9.405929915308413,110282.82441476468,0.9990469588922658,0.021551280152772745,0.03795676819609466,748.7257968938277,244.8095434021964,10.262565764012123,-1190.3591483993457,150597.54909405852,118.39768393453413,1201.9387384137212,10.189153821402076,110339.98600086235,0.9989973453858383,0.023182563825310695,0.038299773452770094,749.5401111421478
51,-89.41284403669725,253.7313906659082,10.707239856948014,-1190.3283893697064,150814.69649414966,118.54526372651247,1203.4186018244334,11.588102412554594,110489.5462494502,0.9987534034388289,0.022140642099890664,0.044737356725228945,750.6428823154127,253.46228549210025,9.64170741165249,-1187.3969762085133,150397.25061334923,119.77029749356966,1200.468874317826,10.679745561826623,110265.01243158165,0.9987567262346825,0.02173298752940654,0.044862891726080024,748.7263656968138,253.2850571287414,11.517773284067122,-1188.507044563814,150575.3548755904,117.50534469433659,1201.9400275608543,12.130269641802442,110280.60607965583,0.9986832439501656,0.023808549378163776,0.04544151438587422,749.5325093411648
52,-89.0091743119266,262.2229472750899,11.754434069906804,-1188.4870820386238,150805.86339612887,117.87265313681857,1203.47550601455,13.372259923484386,110450.29583424998,0.9983973325544897,0.022562975960833228,0.05190065957067147,750.6686004675655,262.21807826774244,11.696567519987198,-1185.3157943364836,150382.03105183356,117.99260696121405,1200.4457991993584,13.27294252553932,110166.95297982711,0.9983690963940515,0.02302870710139727,0.05223816626340785,748.6714467673419,261.4805887373672,12.431390663301077,-1186.6833401562967,150555.40505068089,116.71462919720845,1201.959341011171,13.714619527285462,110216.34287202044,0.9983318964586387,0.024344462707426694,0.05235237959046818,749.5033509630762
53,-88.60550458715596,270.685186827512,12.79516187128208,-1186.5881070195833,150797.39718836336,117.22557736652342,1203.527307643882,15.149292169700805,110411.99431707135,0.997991299589885,0.02294904003059986,0.05904834887248201,750.6935931752369,270.67120696138704,12.623871489797267,-1183.3541292639886,150363.32865680874,117.53615153201785,1200.4157730591849,14.975306915080472,110129.76238287929,0.9979647588349427,0.023268216747927273,0.05937112271875897,748.6441509267113,270.14481718312874,13.399903296611754,-1184.6901011603588,150548.4892762989,116.3762200429392,1201.9294798151952,15.496594278854412,110194.640588239,0.9979179386754246,0.024490999176018758,0.059665556472321093,749.4885940742068
54,-88.20183486238531,279.11747490026266,13.828392357315177,-1184.6319961763759,150789.27515395125,116.60472337732546,1203.5740217279183,16.9190463845137,110374.65875864307,0.9975356755376051,0.023298418114051044,0.06617975327180227,750.7178370311615,278.85640739771355,13.413365961933415,-1181.4161063559536,150349.13663669687,117.1497695364176,1200.4007249929748,16.52662233381601,110093.5830170537,0.9975255463154902,0.023442098249026225,0.06628161492952597,748.6222945944634,278.29376137265217,13.89438624984582,-1182.7763636413054,150537.09329866036,115.99485744031068,1201.9287073338828,16.737930247667975,110163.72623220761,0.997477945674985,0.024684231654307203,0.06654649952963708,749.4650246084261
55,-87.79816513761467,287.51918585414484,14.853084587725006,-1182.6192938726506,150781.47397374452,116.01077880811705,1203.615663631901,18.681371203383637,110338.30623633433,0.9970308390115538,0.023610706919642687,0.07329420562822064,750.741308749645,287.3668315593261,14.158226519187428,-1179.3009454675969,150335.3334978661,116.75677907513882,1200.3492860635981,18.06563823415262,110066.89455870389,0.9970167039522918,0.023611008102134796,0.07348613703624099,748.592861226774,286.84480240151316,15.028732121752581,-1180.6649779254699,150528.5858936736,115.30103134122949,1201.9154673034427,18.595505720443054,110127.46662110048,0.9969579495922466,0.02508838417965376,0.07379308723774547,749.4429097719673
56,-87.39449541284404,295.8897028521576,15.868187985141342,-1180.5505568267838,150773.9697291358,115.44443194082979,1203.6522489052606,20.43611667107695,110302.95384488795,0.9964771759989355,0.023885516180959777,0.08039104321972436,750.7639851751021,295.6958990265495,14.977211337518424,-1177.1943625812578,150316.89402716287,116.36079670100814,1200.322536932849,19.660864321332426,110031.6743653766,0.996468149327167,0.023763385207862264,0.08053898993626403,748.571061864486,295.19535854005045,16.11677087931077,-1178.5337536103152,150512.10172940252,114.71397580126605,1201.8844604319765,20.40973941123987,110085.58034545773,0.9964008421201273,0.025388075611792,0.08087525850982598,749.4312973801866
57,-86.99082568807339,304.2284178673332,16.87264273582271,-1178.4263539612764,150766.7379049834,114.90637166640789,1203.683793111738,22.18313424768105,110268.61869714249,0.9958750796094412,0.024122468769614713,0.08746960794097626,750.7858432905928,303.82117420256725,16.1423155799031,-1175.022248727069,150300.44159492076,115.76928585769757,1200.2536921039755,21.541342036452196,109970.56968876808,0.9958808850206018,0.02402936110337133,0.08742912933082836,748.5380285144965,303.28218262177586,16.766976788263275,-1176.4407475213538,150493.30632093357,114.44172536258881,1201.854318058085,21.828972514822215,110051.37468032085,0.9958197819835867,0.02544050667646531,0.08772538076410132,749.4189588040248
58,-86.58715596330275,312.5347316798823,17.865380191417987,-1176.2472662467362,150759.7533926725,114.39728745090036,1203.7103116552084,23.92227681348027,110235.31792474465,0.9952249498218227,0.024321200799476052,0.09452924649981065,750.8068602263508,312.26479201945347,16.875112046879185,-1172.765224965685,150288.5737905714,115.45802737079254,1200.2216450722601,23.084159185310764,109945.14526660436,0.995223731901903,0.024090099384999376,0.09460121865425199,748.505715717254,311.82144633524996,17.87025478508736,-1174.1363701794903,150479.01788582277,113.82559375115103,1201.8252133689298,23.670725224407484,110016.47821540659,0.9951454550528609,0.0257328473172378,0.09499128305577416,749.4046743451229
59,-86.18348623853211,320.80805386358963,18.845323271534888,-1174.0138865405188,150752.9904933141,113.91786930165767,1203.7318196012047,25.653398672691882,110203.06867885105,0.9945271932280512,0.02448136172220074,0.10156931061182428,750.8270132683102,320.3707842414678,17.59855628054871,-1170.5289148336233,150273.2792176777,115.1612228077737,1200.1789388466934,24.58948865060172,109914.1391385018,0.9945438965761634,0.024125188262822773,0.10149095070194623,748.4837545258113,320.0860902654106,19.34265328526358,-1171.8092047514488,150453.75008344176,113.0687256486455,1201.7723395336914,25.82561875821939,109942.156310974,0.9944385891707486,0.0260873288060864,0.10203599190410434,749.3814091070137
60,-85.77981651376146,329.0478027614363,19.81138686687928,-1171.7268194200767,150746.42292107886,113.46880773361339,1203.7483314941746,27.376355556061952,110171.88813081977,0.9937822227752503,0.024602614414049453,0.10858915719295605,750.8462798666208,328.9258016004486,19.649167491476923,-1167.9711690106515,150242.60641654898,114.30616109344788,1200.0414775438871,27.355717136401253,109818.33016661239,0.99376338349429,0.024463471724641257,0.10879281307677577,748.4158009834209,328.4243286823288,19.636526924475454,-1169.4900473483183,150446.7728938142,112.91713850369352,1201.7584781732373,26.942114287259756,109945.9548308298,0.9936869784614273,0.02603241097877909,0.10912608494228536,749.374836307556
61,-85.37614678899082,337.25340545040706,20.762478242735124,-1169.386681011087,150740.02380666847,113.05079373563285,1203.759861170448,29.09100462232353,110141.79347289243,0.9929904575055976,0.024684635253972118,0.1155881485499375,750.8646376441566,337.1372917339929,20.086347082701685,-1165.636800579601,150230.3699214165,114.0780033087545,1200.048546159424,28.59979448822088,109803.80458340583,0.9929735761590145,0.024443421366164998,0.1157842657786193,748.4028845703508,337.0767009028519,20.71142259506735,-1166.9576770143863,150441.19206533046,112.29439885449455,1201.7269651788797,28.766383090359923,109914.7298980031,0.9928405586171761,0.026278783433390504,0.11652060206673609,749.3490217633922
62,-84.97247706422019,345.424297695464,21.697497442560216,-1166.994098810444,150733.7657009208,112.66451873690404,1203.7664215669681,30.797204458523087,110112.80191886604,0.9921523222943865,0.024727114192957082,0.12256565256850839,750.8820644050135,345.128239106233,21.40012004458382,-1163.1781148858645,150207.6268466287,113.59752031744831,1199.9427637753433,30.659279246549215,109742.4544741563,0.9921515109919088,0.024512104991422846,0.12261539848388518,748.3592621298974,345.2215417764037,21.361819240742037,-1164.5355910955448,150425.52434759698,111.93749486365293,1201.6981870465575,30.177168415099672,109887.87777020135,0.9919988653852198,0.02633525496579118,0.12346945136479563,749.3365134676199
63,-84.56880733944953,353.5599238926783,22.615337691472828,-1164.5497115041712,150727.62057855213,112.31067457334431,1203.768024525765,32.49481507921711,110084.93070475635,0.9912682475864385,0.024729754814644428,0.1295210428992868,750.8985381429981,353.51278875264626,22.180980800797748,-1160.613531587164,150194.5633018918,113.11850798919589,1199.9144351173047,32.2089616587807,109710.15683574474,0.9912368708127108,0.024632144850873776,0.1297795183434997,748.3339273352136,353.1877588599292,22.449803301838784,-1162.0681853247675,150399.83702253632,111.33870198997624,1201.6496044527073,31.952536107367376,109826.84664988748,0.9911217246180208,0.026532248338388,0.1302834094898901,749.3199738067428
64,-84.1651376146789,361.65973700150397,23.514885799415467,-1162.054168780339,150721.55984203133,111.98995345399422,1203.7646805942009,34.18369792454871,110058.19708945077,0.9903386691310577,0.02469227438721083,0.136453699141182,750.9140370500993,361.40935714944,22.965140937778312,-1158.1016664861652,150172.51328000566,112.8502408525516,1199.8310359517345,33.78051323593365,109671.56078744166,0.9903301441998156,0.02455620429317472,0.13654009784632737,748.3102910492579,361.7152664092773,23.666804967221434,-1159.3605810015774,150389.27934295297,110.58410504302446,1201.611434957993,33.873134183500774,109788.40485780203,0.9901238554330855,0.02682688798264547,0.13760475639849515,749.2952785843205
65,-83.76146788990826,369.72319846619956,24.395022563781897,-1159.508131137077,150715.5543255909,111.70304792736313,1203.756398821004,35.86371585721175,110032.61835535325,0.9893640277157155,0.024614403906539593,0.14336300702225424,750.9285395249475,369.51653920225925,23.52275264214331,-1155.5145488623632,150160.70581007397,112.37324318501742,1199.820087036572,35.074292021458554,109643.95148905864,0.9893455844906816,0.02468120094042861,0.14347875371960084,748.3026088557274,369.9571385416087,24.346930484930986,-1156.7168727378623,150380.2439927498,110.19881761936446,1201.5789314926294,35.32287456551715,109759.72999042035,0.989115675514582,0.02685559806235798,0.14466843921203143,749.2705389164934
66,-83.35779816513761,377.74977812641174,25.254623171300718,-1156.912269685738,150709.57429936778,111.45065084769341,1203.7431865480876,37.534733158311305,110008.21180901941,0.9883447688986535,0.02449588813069675,0.15024835857790841,750.9420241812576,377.6825199552258,23.942863131593214,-1152.8524928087606,150144.63487416148,112.10565922802245,1199.7965876928824,36.3004937202855,109629.99158474307,0.9883062893414629,0.02463537802882533,0.1504784921425163,748.2953983322401,378.15428654158313,24.860675132426554,-1154.0304860431709,150372.46464093283,109.81795964560669,1201.5542884554764,36.59823508390363,109742.40325118697,0.9880609242332283,0.0268944606286379,0.15169804873785822,749.260050326555
67,-82.95412844036697,385.7389541169217,26.09255759897669,-1154.2672659493414,150703.58947368205,111.23345534110105,1203.7250491981927,39.19661552213453,109984.99478178489,0.987281342740592,0.024336485605739977,0.1571091523263226,750.9544698562582,385.74132816589065,24.61472476392167,-1150.1125654718155,150122.70498879944,111.76889539420165,1199.7273070175631,37.76079594656461,109609.71651497726,0.9872275281987604,0.024599289129293052,0.1574061070635424,748.2861862901483,385.80465177971524,26.283257911985327,-1151.4018709348459,150340.62670549445,109.52135216449383,1201.4500840744968,38.797626717923904,109667.87265874053,0.9870306531669438,0.026726282521183354,0.158291489131393,749.2314980141247
68,-82.55045871559633,393.69021275660026,26.907691013891785,-1151.573811656335,150697.5690034434,111.0521547715498,1203.7019900583489,40.849230049842326,109962.98463038343,0.9861742035357243,0.024135968682894016,0.16394479344101898,750.9658556190964,393.79751799928374,25.354110797436167,-1147.3253567466008,150116.1923036681,111.48245961500096,1199.6639760205744,39.3105211530635,109598.93741191005,0.9861006621957612,0.02450151378617627,0.1643324673923785,748.2791818991111,393.6818669562019,27.52265424198772,-1148.671456825338,150335.0400741271,109.3590496182331,1201.3634710432136,40.88079649047383,109636.76066524029,0.9859259874649181,0.026448602522988127,0.16507700828978908,749.2084011658226
69,-82.14678899082568,401.60304842657837,27.698884171681115,-1148.8326085298088,150691.48149269214,110.9074427066137,1203.674010059177,42.49244524209973,109942.19873755854,0.9850238095421846,0.023894123527132476,0.17075469392046672,750.9761607792262,402.1819228738307,25.92453630043861,-1144.3390976881203,150094.4048469929,111.07400039283117,1199.5954505801114,40.68440632081636,109579.82288308832,0.9848683813600363,0.024509381962575027,0.17156212167338902,748.260629982458,401.75544403576794,27.837246766177056,-1145.8562351317178,150330.16070534827,109.05316485311205,1201.3450063074933,41.97484713024273,109626.76106151803,0.9847390943550879,0.02641157697931357,0.17202134940229674,749.1910012077464
70,-81.74311926605505,409.47696343769223,28.46499381349788,-1146.0443680722287,150685.29499927055,110.80001288297535,1203.6411075500544,44.126130990658105,109922.65451266676,0.9838306227121644,0.023610750117211934,0.1775382727546302,750.9853648947757,409.5171992889874,27.549492940344866,-1141.6133681253204,150109.43287225085,111.09557762970312,1199.4104854841084,43.20768604587261,109537.47318555068,0.9837611610395635,0.02396745347102706,0.17787506628025176,748.2298963662874,409.3480969233799,28.3620347743152,-1143.1424935516281,150316.083055613,109.12297416046646,1201.2777493648096,43.37421559510839,109611.0270329207,0.9835856283478097,0.026019166145853385,0.1785561947979367,749.1851442034025
71,-81.33944954128441,417.3114678872324,29.204873061294997,-1143.2098113458019,150678.97703962435,110.73055917160717,1203.6032780701496,45.75015856891115,109904.36939227364,0.982595108421856,0.02328566223721078,0.1842949560883738,750.9934477808898,417.0283516843344,28.134666500503183,-1138.8678001844612,150100.81280747204,111.0434572587155,1199.3490014802283,44.64129266346635,109521.39866184768,0.9825765510659382,0.02365184952693252,0.184347257395713,748.2268692084767,416.6633228600683,28.859618640676114,-1140.499369891025,150306.55989616807,109.8709545175517,1201.1631871994919,44.9686958152242,109608.05278870763,0.9824493357218048,0.025036915703015254,0.18484170414672288,749.1665519632381
72,-80.93577981651376,425.1060795050647,29.917371811253823,-1140.3296687485602,150672.49459373567,110.69977554257876,1203.5605141153517,47.364400621441696,109887.36084074341,0.9813177352013994,0.022918687459630997,0.1910241773816184,751.0003895180504,424.34576905580116,29.091722824032317,-1136.0897347866685,150095.90798164508,111.06392034871882,1199.2229142259687,46.48308616859605,109491.11063819063,0.9813814276429238,0.023190813406631657,0.19066378694202898,748.2090540421873,424.5027157577267,29.52223775637853,-1137.5615226155496,150294.12489140427,109.41719047269791,1201.1252432727463,46.37220760809511,109586.3046083179,0.9811501495901376,0.025043999758148503,0.1916172801063733,749.16644232978
73,-80.53211009174312,432.86032348916405,30.60133712519776,-1137.4046797862638,150665.81411018377,110.70835602942539,1203.5128049010973,48.96873115258084,109871.64635082087,0.9799989744650016,0.022509667120127076,0.1977253775661745,751.0061704603696,432.3865899179555,30.09017134340984,-1133.0021795475523,150084.15390295954,111.18622415236499,1199.1027644513606,48.49769897913391,109482.33422539741,0.9800189580248287,0.02260810473969151,0.19761506904082027,748.1877934754986,432.2407341218835,30.61270604274665,-1134.5732722832322,150280.91023635693,109.13111403983545,1201.034943968072,48.284974425340245,109553.84665602935,0.9798223040135684,0.024817623856345578,0.19832382132176485,749.1585892081456
74,-80.12844036697248,440.5737323306475,31.255613619840325,-1134.4355928402401,150658.9015113352,110.75699469301665,1203.460136121139,50.56302551400618,109857.2434442077,0.9786393002413973,0.022058456283932076,0.20439800519916518,751.0107712438573,439.79041378462375,31.680687563794347,-1130.0896214798,150080.14352947453,111.97632815582764,1198.8828357017678,51.33985237296563,109450.57243067761,0.9787395785917954,0.021313658396617002,0.2039964834591689,748.153273756222,440.4350467709821,30.411013740550192,-1131.4427186516841,150273.51159115016,109.26473705719889,1201.0125410029445,49.04598867367398,109573.73924616985,0.9783738588918572,0.02443194510024164,0.20539637848724399,749.1404828202205
75,-79.72477064220183,448.2458456283585,31.879043853719683,-1131.423164931249,150651.72219866127,110.84638558485204,1203.4024897022434,52.147160391400234,109844.16967213244,0.9772391889048182,0.021564923704056497,0.21104151661294335,751.0141727946593,447.38503049859014,31.935566886302986,-1127.091329131273,150084.9396047624,111.93349974325328,1198.830092200015,52.48359588852775,109451.51357768013,0.9773525311274089,0.020992634789504486,0.21057383309291194,748.1407407100285,447.1787334049695,31.718609935273236,-1128.736963197045,150256.45579087763,109.72484405222009,1200.8474306105682,51.38650069503739,109530.9514908177,0.9771520844746274,0.02350604703946318,0.21123747195862122,749.1312220110035
76,-79.3211009174312,455.87620989310267,32.470468711681406,-1128.3681614794805,150644.2410581841,110.97722270971242,1203.3398435548522,53.72101379019788,109832.442615915,0.9757991189066274,0.021028951771341252,0.2176553760614432,751.0163563372664,455.2029926363162,32.342269687978316,-1123.9520295845666,150062.0792275213,111.8974810401823,1198.7779656598393,53.826895038206274,109441.08251197137,0.9758757248551344,0.020613553437638262,0.21735144594214148,748.1366800749884,455.0256816178234,32.093680825311594,-1125.5793395292744,150245.40609517644,109.63178619069605,1200.794679305151,52.65695732617593,109525.26908988465,0.9756641796495901,0.023195403222422674,0.21803986291052768,749.1220253763256
77,-78.91743119266054,463.46437834160105,33.02872778678212,-1125.271356060804,150636.4224660469,111.15019998758856,1203.272171319731,55.284465020451435,109822.0798875255,0.9743195705077823,0.020450436456451046,0.2242390558628704,751.0173034026914,462.6435595108649,32.72357809176696,-1120.9131715630917,150040.8708364929,111.84883972079434,1198.733978289006,55.103165067437615,109424.1177338141,0.9744237213622686,0.020248483550572238,0.22380440156621143,748.1402549036959,462.48200111429753,32.76479767015456,-1122.5188145692214,150237.62710678426,110.19828187978464,1200.662004141587,54.47612457373388,109520.09528580177,0.9742198723078912,0.022243649079394304,0.22450135963069137,749.1009016179332
78,-78.5137614678899,471.00991110067423,33.55266011479135,-1122.1335299649384,150628.23030185612,111.36601021903978,1203.1994421892052,56.83739470309689,109813.09910610225,0.9728010254061786,0.019829288005456733,0.23079203692043654,751.0169958591157,470.3058626188274,33.1071041945077,-1117.7117561851717,150035.3076934686,111.87841438461291,1198.6682965603977,56.4492360150785,109416.44961973441,0.9728810475528737,0.01979787398035164,0.23045717931598694,748.1316899000393,470.1468436436707,33.16426800394323,-1119.3190752688226,150228.79465669653,110.40456990295081,1200.5778631314417,55.899062284936676,109516.4515078618,0.97267650121652,0.021642412670756173,0.23115369336218236,749.0836071029689
79,-78.11009174311926,478.51258748210256,34.04128756548173,-1118.9553717486872,150619.6319283412,111.62484004746197,1203.121660612999,58.37969589763279,109805.5057134417,0.9712439115888541,0.019165816310882103,0.23731400229805183,751.0154273357214,477.7556109856599,34.14750641019095,-1114.5070701667332,150038.01429070113,112.56277365717426,1198.476673912173,58.76441903306785,109409.8974645099,0.9713509592457696,0.018613679168988505,0.23691949037619695,748.1030817259716,477.98751651376523,33.83757934693096,-1115.9539040480918,150218.64609446411,110.08361072185684,1200.515910050025,57.42874520200069,109499.06290981271,0.9710326730389162,0.021428926330494515,0.2379839259429502,749.0788067803808
80,-77.70642201834862,485.97274733745627,34.49413171828864,-1115.737303378237,150610.60531141885,111.9255472474996,1203.0389319623227,59.911291313485485,109799.27315630527,0.969648506744854,0.01846135360593577,0.24380515127968796,751.0126218582855,485.73070758836,34.37055982137419,-1111.0502983806916,150012.0797124323,112.35977699131658,1198.4420320408585,59.90583344221733,109408.77817859697,0.9696327964404451,0.018367892376101865,0.2438746821561073,748.1039066384543,485.4189519986846,34.803465649605265,-1112.6867307869986,150205.99588717564,110.18573079599332,1200.384857625597,59.41616513730451,109476.62557807146,0.9694353489010127,0.020773529735900537,0.24446587648071336,749.066585730711
81,-77.30275229357798,493.3908171531015,34.91083523083243,-1112.479686891515,150601.13112731287,112.26677210442787,1202.9513757732436,61.43210754315882,109794.3697443481,0.9680150500579113,0.01771739909448442,0.250265771991909,751.0086087630689,492.7378058624486,34.66873974634052,-1107.9721817879902,150016.70409307146,113.16698113086224,1198.3029835093673,61.459161475787184,109413.60649757436,0.9681034930417859,0.017226495028310713,0.2499577456878108,748.0911744686073,492.5210607993944,35.72196002791051,-1109.5254522156051,150194.60118796336,110.83646551597388,1200.2076982491212,61.567837220138195,109457.43934602676,0.9678790637765569,0.0196322452751372,0.25064854447706747,749.0409747951309
82,-76.89908256880733,500.7672188577057,35.29108566217976,-1109.182865745119,150591.19115707753,112.64715251196519,1202.8591092763274,62.94207018465077,109790.76384164602,0.9663437652118372,0.0169354536555346,0.2566961586110923,751.0034178256925,500.38952095866813,34.97625099835738,-1104.538983198229,149993.58298102132,113.2946848590291,1198.229772370018,62.82255103156781,109416.14058183003,0.9663644931300851,0.01665526508915684,0.256636452130721,748.0922924811755,500.10109136099743,36.03625715034023,-1106.1205629583985,150182.72765417816,110.97805660759327,1200.1250655729473,62.91929453222508,109453.33527684073,0.9661551468485526,0.01904822975098865,0.25725745307260833,749.0266829852462
83,-76.4954128440367,508.10236972600563,35.63461482889354,-1105.8471648534294,150580.76829002006,113.06532404513571,1202.7622478475396,64.44110383034793,109788.42386564595,0.9646348609328694,0.016117019334285016,0.2630966110781401,750.9970792460354,507.71606008917297,35.666518858476024,-1101.1523342853084,149980.436210879,113.87026879664595,1198.0528461477356,64.78031865706345,109413.20999706491,0.9646609342629614,0.015581951342702611,0.26303323877271473,748.0679256990672,507.44749656201776,36.57017964944167,-1102.7461208087736,150171.440186374,111.18550677778617,1200.0138126235959,64.52417962132317,109445.16244531068,0.964437640064776,0.018349537907575566,0.2636727761542027,749.0183070473386
84,-76.09174311926606,515.3966822987128,35.94119817421278,-1102.472890631764,150569.8465268748,113.5199200315491,1202.6609054447147,65.92913205708534,109787.31828608853,0.962888531516449,0.01526359884768527,0.26946743481228586,750.9896236330775,515.1288813420363,35.7458059192925,-1097.7252887186987,149956.7114991615,114.09662839423252,1197.9889557456618,65.9421965185363,109410.77595967415,0.9628810416987669,0.014956432602819382,0.2695114184239596,748.0732670511612,514.3694046394662,37.39447866652211,-1099.5082127954493,150158.90985885335,112.17764910427746,1199.7978776215452,66.77074660993836,109436.23343009873,0.9627940480345675,0.01687427288861634,0.2697088800608749,748.9867564701816
85,-75.6880733944954,522.6505643173701,36.210654150430386,-1099.060331043564,150558.41098272227,114.00957162122974,1202.5551950294177,67.4060774172436,109787.41562389901,0.9611049573382235,0.014376695103766803,0.2758089404239555,750.981081989674,522.1023784136157,35.9996578318992,-1094.4358322171788,149964.55141899665,114.85623846142079,1197.8414642248895,67.50116993904116,109409.6794156293,0.9611766224173569,0.01381109645984348,0.27558801522007226,748.054021874114,521.6430369959972,37.75550247949774,-1096.0733024611613,150147.71028466683,112.68349584416617,1199.668755604821,68.35577007188054,109435.7282050098,0.961008256136314,0.01591697804296792,0.2760611914917059,748.9695622652573
86,-75.28440366972477,529.8644186730353,36.442843614519425,-1095.6097556516356,150546.44788965824,114.5329078551204,1202.4452289741166,68.8718614307582,109788.68445004856,0.9592843053490998,0.013457810734031102,0.2821214434266602,750.9714856972791,529.1584769985083,36.35908331129092,-1091.0741579860485,149946.44592534017,115.90978129312762,1197.6712098740672,69.34880455581936,109406.11552241974,0.9594130459090352,0.012357531809770013,0.2817337373250104,748.0400200589611,529.2218179623561,38.146268105278125,-1092.414584230513,150135.4420970824,112.61907540879669,1199.5884156371294,69.76212524399632,109431.59710074826,0.9590813215190609,0.01543849940186314,0.282709517790736,748.9540634599939
87,-74.88073394495413,537.0386433676595,36.63766923703924,-1092.1214156734466,150533.94459920935,115.08855573236664,1202.3311194545295,70.32640457791409,109791.09338438303,0.9574267295541882,0.012508447638199728,0.2884052639478932,750.9608665006081,536.7097206541679,36.31436914764039,-1087.3839173597062,149929.98402735073,115.63570698017554,1197.6524602998509,70.20439925912186,109416.77740588693,0.9574386053518668,0.012180459319312487,0.28837987688575434,748.0425838822084,536.155663037384,38.38302668790816,-1089.045087643297,150122.94111933614,113.47890672610635,1199.433495060291,71.3735525372707,109435.00329559653,0.9572955992198369,0.014177470652538257,0.2887631123260551,748.9366297336617
88,-74.47706422018348,544.1736314870825,36.79507492434075,-1088.5955440405046,150520.8895844958,115.67514027648113,1202.2129788270522,71.769626292801,109794.61109441947,0.9555323714755075,0.011530106540649442,0.29466072643899155,750.9492564922502,543.2888724240936,36.4098203652215,-1084.1506205832175,149921.43679424594,116.70754640404587,1197.4921845966378,71.750663268108,109424.56557675,0.9557071087130333,0.010777202575995197,0.29412203973862683,748.0348644788247,542.8879879505581,37.96420963348971,-1085.7717034402772,150111.90278324162,114.23868296962561,1199.3562955436612,72.20568680900872,109447.99747235392,0.9555206078155479,0.013184800439560412,0.2946294776107357,748.9360788951067
89,-74.07339449541284,551.269771184576,36.915045254070286,-1085.032355461827,150507.27244214047,116.29128460046952,1202.0909199911464,73.20144495730295,109799.20629410919,0.9536013605983331,0.010524286557873776,0.3008881593839408,750.936688097229,550.4096550862765,36.702895259123764,-1080.5904288100776,149900.90274153248,117.43893157748477,1197.3576379911747,73.44587535617651,109423.24743892196,0.9537802711411986,0.009586772657067495,0.3003519405161941,748.0278755586297,550.3359671857188,37.96718039271744,-1082.0332614910474,150099.52372153106,114.44198462771458,1199.283511956278,73.34523405886051,109453.79496655638,0.9534888781839329,0.012538706628816966,0.3011672957271783,748.926065788509
90,-73.6697247706422,558.3274456739028,36.99760492396297,-1081.4320464915372,150493.0838939256,116.93560997099272,1201.9650567365986,74.62177789550134,109804.84774256789,0.9516338148010953,0.009492484776330553,0.30708789500709055,750.9231940575207,557.4874452639351,36.70360305555583,-1076.9791617275173,149894.70810084272,117.85796747437605,1197.2588288062088,74.67694339691367,109424.70675741731,0.9518091398531562,0.008749362371729507,0.30656615917299657,748.0235233662357,557.5457745000379,38.13570391281574,-1078.3531458027956,150084.0463723877,115.08808097444799,1199.1478231326446,74.8764798517873,109460.6402584303,0.9514815775478627,0.011441914326378038,0.3074929107858888,748.9205297185233
91,-73.26605504587155,565.3470332308628,37.042818213899096,-1077.7947956005817,150478.31578819425,117.60673587162529,1201.8355040755291,76.03054136836404,109811.50424276941,0.9496298407687539,0.008436195840051848,0.3132602689797403,750.9088074165184,564.9358760343498,36.53673695308599,-1073.142019461221,149873.00579550775,117.59456626211391,1197.278485929047,75.43653374874818,109424.11782336727,0.9496705505274482,0.008564918671587885,0.31313333841838464,748.0433469353156,564.702419982967,37.98016923208243,-1074.6522738322456,150067.89790775086,115.46423137248809,1199.0671968622526,75.92132936803348,109467.35687491857,0.9494353993549338,0.010675954219239408,0.3137808892415948,748.9229489426663
92,-72.86238532110092,572.3289072023551,37.0507884611881,-1074.1207632526416,150462.9611009988,118.30328006526074,1201.702378559085,77.42765056860378,109819.1446402059,0.9475895343895875,0.007356911547409658,0.3194056201255835,750.8935615034633,572.1763115756714,36.740652772263914,-1069.2853649006643,149865.7762759017,117.97328557417087,1197.136190735375,76.92959339394511,109419.34793083301,0.9475508017757028,0.007669276768978028,0.3195131613064844,748.0286616961007,571.5643986397638,37.54866070861431,-1071.0952271181118,150048.72046950375,116.64433422244383,1198.9351944034238,77.05403988447611,109485.77469216715,0.9474449266288586,0.009256468260565753,0.31978497275603485,748.9093103400407
93,-72.45871559633028,579.2734360219685,37.02165754903282,-1070.4100919842283,150447.013936994,119.02385865570406,1201.56579857869,78.81301961558235,109827.73782151108,0.9455129811353601,0.006256120456446531,0.32552429012495937,750.8774899178313,579.3809587686277,36.85033272517663,-1065.4080393551426,149848.65038499777,118.36157526240588,1197.0163105712472,78.33604124548944,109416.36290499756,0.9453909027103911,0.006784602734141192,0.3258680871735861,748.021638203271,578.3914690448976,37.442946711376,-1067.4810598200124,150034.05978998542,117.75726105658408,1198.7763455344075,78.53756572007434,109502.28708459715,0.9454178639351991,0.0077927604772730225,0.3257673025893622,748.9051378399668
94,-72.05504587155963,586.1809832311706,36.95560540811473,-1066.6629064890228,150430.46953007762,119.76708614848022,1201.425884651792,80.18656155014352,109837.25271304851,0.9434002564248409,0.005135307498196281,0.3316166232179014,750.8606265136865,586.6391951133157,36.94610049995522,-1061.4641862127748,149819.46209001966,118.6092095101355,1196.9370805811727,79.67649487119705,109413.24513621228,0.94316204169906,0.006023199029736226,0.33227862430723487,748.0263949703605,585.4586698866348,37.47108781339089,-1063.6558668700466,150016.20073877097,118.64104272953838,1198.6168022232937,80.11375299813349,109516.53732047789,0.9432622044250389,0.006470288047093015,0.3319857663753129,748.8973879900258
95,-71.65137614678899,593.0519075051625,36.852849531233076,-1062.8793137064804,150413.32424377365,120.53157551087938,1201.2827596919872,81.54818832925581,109847.65827946142,0.9412514259706688,0.003995953597434574,0.3376829659059364,750.843005383995,593.4868180558213,36.77720270842184,-1057.6837187600993,149810.70354139246,119.12746462554331,1196.8313021546667,80.8214876513977,109431.96124166148,0.9410166766572639,0.0051098959662486555,0.3383215973243989,748.027895145518,592.1618610114479,37.72159542181999,-1059.967046274264,150004.2178440675,119.67716424040258,1198.4179587509168,81.99610760195688,109526.51917983609,0.9411766087923731,0.004941285974624687,0.3378789350566343,748.8930449110577
96,-71.24770642201835,599.8865626825012,36.71364450092125,-1059.0594029147674,150395.57557136228,121.31593823125024,1201.1365492634789,82.89781082035354,109858.92352218693,0.9390665461095696,0.002839535300313487,0.3437236666526209,750.8246608449145,599.8833579681473,36.455146555690575,-1054.157952221939,149799.88966403189,120.34953230901098,1196.686271620118,82.13038582567165,109463.96023528738,0.938989514049308,0.003619384928671117,0.34392672556546494,748.0333814318255,599.0660695139022,37.768659509274876,-1056.1016289322063,149989.99209814766,120.05043160268556,1198.3073099170135,83.33840503335006,109530.56454215269,0.9389687281893064,0.004068886646845856,0.34397844648176906,748.892782812058
97,-70.8440366972477,606.6852977976077,36.53828152995366,-1055.2032458280355,150377.22213575576,122.11878437754291,1200.9873818197436,84.23533879525928,109871.01747793137,0.9368456641159484,0.0016675244083481466,0.3497390755827767,750.8056274200494,606.3207110169274,36.31914332309663,-1050.507258121582,149791.89860621435,121.62204627518969,1196.4725979301597,83.71791522726086,109484.16989603729,0.936904241890972,0.0019918448421691473,0.349580425768989,748.0171296996107,606.3033665066947,37.68878309216896,-1051.977332711877,149983.98976284923,119.8555035731269,1198.2699405061837,84.28486936075876,109535.91799734006,0.9365926125329957,0.003739444673282352,0.3504001922119237,748.9021265120581
98,-70.44036697247707,613.4484571152938,36.32708801464988,-1051.31089669813,150358.26368911786,122.93872265509606,1200.8353889263662,85.56068092357918,109883.90921710899,0.9345888184988963,0.0004813876182366093,0.35572954418040403,750.7859398246864,612.4287124162829,35.923336350341565,-1047.0096638072746,149783.03230916726,122.61587857899978,1196.323369990207,84.82923064228008,109491.93466482394,0.9348775431351607,0.0007132682255678239,0.3549696755921612,747.9696538252833,613.22856320372,37.414485201190345,-1048.0154976929107,149969.59115752883,120.57582916415457,1198.155982384368,85.49553404807216,109556.51794168401,0.9342858848525725,0.0026294800052709785,0.35651503642924737,748.9093938899366
99,-70.03669724770643,620.1763801664742,36.08042710087436,-1047.3823924207375,150338.70111222714,123.77436046365463,1200.680705467935,86.87374476546235,109897.56784224094,0.9322960392826596,-0.0007174138329937017,0.3616954249852464,750.7656329499971,620.0057697971613,35.96210668201962,-1042.5579159651743,149760.77347347213,122.53562806475774,1196.2584855435557,86.07298729888957,109502.81823868441,0.9322898876491562,0.00019774866395403962,0.36171193826384795,747.9971705477406,620.0546176698249,37.23225335047257,-1044.0342676482894,149952.40325861957,121.24461623303011,1198.0262239816198,86.79283873327012,109564.38423089407,0.9319598863911981,0.0015197807340742583,0.3625582166000728,748.8947164153396
100,-69.63302752293578,626.8694017842361,35.79869726262224,-1043.4177526460633,150318.5364135884,124.6243039535965,1200.5234698389443,88.17443676361742,109911.9624863168,0.9299673482706384,-0.0019274245180072615,0.3676370712879818,750.7447418472303,626.7021216710526,35.77859725729652,-1038.5977339618037,149744.44672941475,123.22481010572076,1196.1299537961027,87.38561638494787,109521.52657233566,0.9299667676465373,-0.0009179142843046208,0.3676424465515618,747.9936203969428,626.3965912977078,36.68945986716519,-1040.3471428109387,149933.60574928584,122.75753487325804,1197.8498245490632,88.11464478082118,109591.04422485497,0.9297737850417229,-0.00023235100690920007,0.36813130084549645,748.8968324760159
101,-69.22935779816513,633.5278521394538,35.482331893076164,-1039.4169798940825,150297.7727282859,125.48715808134199,1200.3638241186295,89.46266223448556,109927.06231111712,0.9276027592929936,-0.0031471951648328086,0.3735548368240187,750.7233017118824,633.377467041774,35.52917663364979,-1034.586490028253,149728.60100662932,123.79847788311679,1196.0133608888755,88.57377129470595,109531.61887824918,0.9276016432168316,-0.0019161877082719435,0.37356595097265016,747.9929391515103,632.7877075762407,35.973517680845134,-1036.5911666195802,149914.49712145264,124.25277471379944,1197.6908949715748,89.26614208480565,109621.74008262438,0.9275259197475534,-0.0019214152920858962,0.3737538981197796,748.8986062256713
102,-68.8256880733945,640.152056775175,35.13179890800934,-1035.380059674426,150276.41431658206,126.36152666391042,1200.2019142296554,90.73832535846584,109942.83650549655,0.92520227843795,-0.004375282998659567,0.3794490754658757,750.7013478678485,639.8236664011916,35.068783109546075,-1030.6927678872378,149706.61000940576,125.0659054455071,1195.8336204917894,89.92065292223143,109556.79371723329,0.9252850082851883,-0.003489526104942057,0.37925647871887724,747.986985648583,639.4846955682724,35.76370787062497,-1032.542430291974,149892.74062013105,125.67363931364338,1197.4629350067598,91.0479889619097,109645.28639664744,0.9251126891876591,-0.0037654026649346843,0.3796739838950631,748.8882417708716
103,-68.42201834862385,646.7423366389959,34.7476003614077,-1031.3069606109773,150254.46656226236,127.24601243258479,1200.0378900806104,92.00132916910076,109959.25428362886,0.9227659042669027,-0.005610252080220005,0.38532014091412603,750.6789157515709,645.33588462678,34.059352712122944,-1027.4052615322325,149685.10980020676,127.65552363678235,1195.5521301479662,91.30750490776944,109593.66018884191,0.9232948220355546,-0.00606308104290073,0.3840441519546947,747.9687081317359,645.928216165872,35.37053263409384,-1028.592518961432,149873.84224404645,126.51518122387475,1197.328112969078,92.24851134114031,109655.56139816542,0.9227418210771282,-0.004982836494445457,0.3853864333052407,748.8868943305473
104,-68.0183486238532,653.299008112675,34.33027207317304,-1027.1976345712462,150231.93597072316,128.13921708564015,1199.8719056922241,93.25157554112289,109976.28488321207,0.9202936280134423,-0.006850673641212203,0.39116838638688267,750.6560408961682,652.9360162201192,34.233443221045626,-1022.5419625322385,149676.43315915734,126.28524414027154,1195.606288567799,92.02656288284848,109584.62182188044,0.9204054207899153,-0.005471547441198747,0.3909270053976032,747.9656765500531,652.5980059572107,34.70752246821938,-1024.4559067094463,149862.65246008302,127.10635054533888,1197.2546083941807,93.0409217193287,109677.30972634097,0.9202365046476605,-0.005881450455909813,0.3913185199481246,748.8901788150208
105,-67.61467889908258,659.8223830382469,33.880383268765506,-1023.0520168005859,150208.8301668058,129.03974134008445,1199.704119307254,94.48896517727634,109993.89756363422,0.9177854337664246,-0.008095126417207025,0.3969941643078212,750.6327589155633,659.0493282250776,33.57355940945258,-1018.7367736402487,149644.7058086003,128.22284165490765,1195.3607392100157,93.58532882671683,109612.42384069556,0.9180925057068403,-0.007621459333929729,0.3962929021854374,747.975355210426,658.9399776415531,34.37577627387897,-1020.4643505492285,149844.33636498413,128.15724886869387,1197.0855150468346,94.47502655751418,109696.50603224312,0.917812397882883,-0.00733472633462557,0.3969466010461211,748.8917648145909
106,-67.21100917431193,666.3127687399141,33.39853623063638,-1018.8700260613439,150185.15789237435,129.9461849823586,1199.5346934839888,95.71339759382319,110012.06160410104,0.9152412986372274,-0.009342196978476153,0.40279782599271435,750.609105488604,665.5209049367367,33.18129580044165,-1014.5669096465272,149623.44635295717,129.08846461636656,1195.1906197331134,94.88341855708467,109625.8075382732,0.9155690255621646,-0.008897397264468278,0.40206242768140693,747.9441800148057,665.5267549906104,33.774964474692204,-1016.2810388313264,149823.1142358212,129.6698345292392,1196.872597424766,95.96705938794378,109726.89418495013,0.9152475296368267,-0.009170686192318611,0.40278760905525385,748.8819823043401
107,-66.80733944954127,672.7704680410069,32.88536596129729,-1014.6515647770245,150160.92900364005,130.85714691793794,1199.3637951733037,96.92477110465397,110030.74630172321,0.9126611929113472,-0.010590480059170269,0.4085797213344702,750.5851163431864,672.1988094604579,32.80512027313584,-1010.1973839908514,149610.47478704716,129.13962490265516,1195.1417691111421,95.73160702411371,109634.81328643166,0.9129076611074238,-0.009409863830068223,0.4080576635159211,747.949048746545,672.5587301560647,33.27987821287901,-1011.6751006523427,149813.27084765123,129.2494111915273,1196.8935936509922,96.4402093680858,109727.90644349573,0.9124374352140036,-0.009215535887450953,0.40911245485611686,748.8810515167478
108,-66.40366972477064,679.1957792753124,32.34153985786179,-1010.3965191815372,150136.15446823012,131.77122521977373,1199.1915957792023,98.1229828039203,110049.92096956563,0.9100450801844966,-0.011838578885269607,0.4143401984866668,750.5608272403737,678.1169058157033,32.08946050365327,-1006.3445487763234,149581.36671848735,131.04326667062313,1194.8778635335643,97.27106700232153,109659.61111623942,0.9105315300369361,-0.011539812492196868,0.4132785568309118,747.9326368136644,678.4057307992521,32.64994281734311,-1007.8650053343652,149784.86817329924,131.29288647215753,1196.597967923945,98.16773539400214,109764.42468479919,0.9100765767162884,-0.011520588245438314,0.414279978467269,748.8686792479393
109,-66.0,685.5889962921054,31.767757397894904,-1006.1047594736433,150110.84636200173,132.68701717551085,1199.0182712028247,99.30792854711902,110069.5549346569,0.9073929174833792,-0.013085105501722953,0.4200796035455783,750.5362739585238,683.4356099171658,30.886555865051463,-1002.911595507706,149559.5808325799,133.14438242125453,1194.6725042383375,98.27864751755946,109702.77958750093,0.9083658268295736,-0.01360747938794909,0.4179549750307224,747.9053309114337,684.5648160723332,31.98315320015877,-1003.775174273623,149756.92343385998,132.59593481135616,1196.399179618629,99.45603771655036,109791.96625012755,0.9075385075735056,-0.01312305748137003,0.4197637938574443,748.8663237045942
110,-65.59633027522935,691.9504084541989,31.164749836392556,-1001.7761399766677,150085.01786560213,133.60311933341563,1198.844001869825,100.47950293055085,110089.61753596067,0.9047046553713295,-0.014328681099185267,0.4257982802306766,750.5114922774209,689.2825595189673,29.800847300940028,-999.0625402659874,149532.25602671373,135.21344539101793,1194.4397454060504,99.54579563804747,109747.19192322565,0.9059373505461994,-0.015751498454864503,0.4231186679665162,747.8956600258276,690.8742910778132,31.425450440256352,-999.5093113414792,149734.3957181286,133.4992568602357,1196.2375895174525,100.66601904909622,109816.48811034411,0.9048869917624823,-0.014406543715080197,0.4254080201844235,748.8597056478096
111,-65.19266055045871,698.2803006283651,30.533279913712708,-997.4104993035969,150058.68326077485,134.5181275469471,1198.6689727411122,101.63759926909316,110110.07812230873,0.9019802380390152,-0.015567936340759342,0.43149656956361976,750.4865179624189,695.664713935016,29.182287032238705,-994.7199073773892,149513.8682047508,136.12365000674615,1194.2958468980007,100.72807906875491,109779.03773315475,0.9032268461536732,-0.01701396990462989,0.42882605939398455,747.8940871366823,697.308630069474,30.99505013733325,-995.0840362041719,149710.14842268615,134.4280618112856,1196.0447400306296,102.10107953670729,109839.1307209954,0.9021301739407744,-0.01579513110533335,0.43117474775194514,748.8521508205359
112,-64.78899082568807,704.5789531674917,29.874141574267387,-993.0076605276428,150031.85792641056,135.43063701790115,1198.4933733068744,102.78210957222096,110130.90605029427,0.8992196033804092,-0.016801511689142574,0.43717480954572313,750.461386748591,701.8001495769868,28.44384488474647,-990.5074161963714,149487.7298334004,137.3271747829294,1194.1245975102604,101.94874263022554,109812.58260127448,0.9005723918061975,-0.018506844897083954,0.43431194297235254,747.8780290364657,703.3963267525232,30.441912800252453,-990.8614860927353,149688.50542298963,135.41214479835668,1195.866986683839,103.38321297393409,109857.4102299689,0.899480017823931,-0.017164733882722497,0.4366246322027606,748.8574490049801
113,-64.38532110091742,710.8466418838311,29.188159695782407,-988.5674313583949,150004.55833434677,136.33924233805988,1198.317397563857,103.9129245182215,110152.07068212966,0.8964226830542565,-0.018028057734575605,0.44283333483391557,750.4361343249046,707.917348595352,27.650865171906403,-986.2668320455165,149460.04480530982,139.01458547730002,1193.8780352252493,103.4697098708849,109853.17816627708,0.8978848332999287,-0.020465817019059255,0.439754450192038,747.871998920975,709.7245901292251,29.711409716769392,-986.4097022551937,149663.65219153423,136.11939633323118,1195.7436199184785,104.33524039581349,109877.28608293082,0.8966733570132726,-0.018217561272495186,0.4423177718381111,748.8523356502197
114,-63.981651376146786,717.0836380127298,28.476189828921044,-984.089604323663,149976.80204491178,137.24253752927658,1198.141243975849,105.02993342654946,110173.54138346457,0.8935894025312675,-0.019246235523986528,0.44847247641518373,750.4107963184022,714.0397522836055,26.788586353036685,-981.9508919987055,149438.56635021194,140.21173456951834,1193.7060854427564,104.5999172457472,109881.50283104344,0.8951428167183145,-0.02192618381844414,0.44523991301405325,747.8510934867694,716.2846576300749,29.309171253594435,-981.700181142883,149647.73221502174,136.44228929039147,1195.6312083284931,105.48531952237293,109891.49841385336,0.89370869300253,-0.01906651976006546,0.44824238964643726,748.845692316347
115,-63.57798165137614,723.2902081662273,27.739117947059437,-979.5739569571152,149948.60770221683,138.13911608192637,1197.9651154173237,106.13302422827607,110195.28752116779,0.890719681127276,-0.020454716891722097,0.45409256127952974,750.3854082784092,721.389450930813,26.844981611305943,-976.5080981815869,149422.02826706308,138.77401456361554,1193.7715826138508,105.2541635482076,109851.81030700995,0.8917655766799566,-0.02131416233547479,0.4519954233536014,747.8512423947394,722.2958250249507,28.37332486168992,-977.389631688773,149613.70056119232,138.00623847982646,1195.3986611560554,106.78912933459277,109930.96686620289,0.890945717326128,-0.020877165362111837,0.45362966475383254,748.8275018163928
116,-63.174311926605505,729.4666142759354,26.977860205997917,-975.0202519918499,149919.99502919533,139.02757099165646,1197.7892191002143,107.22208343459158,110217.2784610726,0.8878134320226265,-0.021652184792253944,0.45969391209143395,750.3600056607652,727.2979558537435,25.923686347487017,-972.2269049444892,149397.93384791195,139.95197716964216,1193.6114210170374,106.29981734775049,109885.70043880318,0.8890155336494595,-0.02272685561651837,0.45731266215112887,747.8139465631599,728.8879756426272,27.84970993987519,-972.5176874459453,149597.85117757728,137.87300794406818,1195.3638288814154,107.51411971799045,109936.34139587166,0.8878595673788446,-0.021235852625330183,0.4596242238798192,748.8229741909995
117,-62.77064220183486,735.6131135245876,26.193362713376725,-970.4282375599905,149890.98482238984,139.90649479436843,1197.6137664837472,108.29699610332293,110239.48356568479,0.8848705622680523,-0.022837333635247693,0.46527684685986004,750.3346238120737,733.7056747905361,25.402158263348735,-967.4806948439249,149370.18471375428,140.85958599555184,1193.4240500043375,107.77857770148876,109911.86513728186,0.8859829737383933,-0.02411595686989449,0.46309026211951715,747.8344587066753,734.9128527288165,27.05269819838736,-968.0753734538869,149572.19292780766,139.334951438239,1195.126993716666,108.97908039986228,109973.6800024649,0.8849909894316403,-0.023032512808170254,0.46503811884462515,748.8223976789607
118,-62.366972477064216,741.7299582657143,25.38660130756323,-965.797647398467,149861.59894648872,140.77447959936936,1197.438973167345,109.35764580343951,110261.8721918567,0.8818909727773219,-0.024008869623380405,0.4708416786068077,750.3092979539908,739.5261193434444,24.35931946180796,-963.1763072844959,149342.01817650473,142.5283078354813,1193.1943535548198,109.082715975732,109950.77943733883,0.8831842364595991,-0.025982161571997817,0.4683060236099057,747.8196366838308,740.9731386690546,26.3216970268638,-963.5217819278963,149540.8113169106,140.06849559595221,1194.9914456239721,110.02116306999928,109993.67881728703,0.8820564677072954,-0.02413750048256909,0.47052499279653887,748.8064515953628
119,-61.96330275229357,747.8173959308398,24.55858134576207,-961.1282010610765,149831.86032860712,141.63011712063098,1197.2650587665082,110.40391457751994,110284.4136884244,0.8788745583069545,-0.025165511093291702,0.4763887150344446,750.2840631675372,745.1237757133309,23.231916320240313,-958.96158675871,149315.14330107687,143.93051425144165,1192.9992861890312,110.06815146540069,109982.84983705604,0.8804406952260743,-0.02752872317713108,0.47335647411867504,747.7584800746876,747.0342371264849,25.406068511166023,-958.9298486766775,149515.7526893123,141.16319579476482,1194.819720846266,111.13565627840633,110026.0061058555,0.8790728881364918,-0.025532470669696078,0.47600309902863913,748.8035240827861
120,-61.559633027522935,753.8756689236669,23.710337501091715,-956.419604136979,149801.79295232214,142.4719987060973,1197.092246771681,111.43568290216176,110307.077393811,0.8758212074232941,-0.026305988860053926,0.48191825819084544,750.258954377442,750.9451978377305,22.26720841654975,-954.5022511722412,149295.53621338494,144.74120060112287,1192.8812624692366,110.88426942519176,110006.11714415309,0.8775417774087146,-0.02858027984247982,0.47864767471124264,747.7414627149557,752.9007139152491,24.167181492857907,-954.455739796723,149482.7449853529,142.366664302858,1194.6785459837217,111.91303996766584,110063.43011562659,0.8761393410223038,-0.026862032727853893,0.48130893022125715,748.7961612593239
121,-61.15596330275229,759.9050145006892,22.84293356836255,-951.6715484757582,149771.42185145456,143.29871536498848,1196.9207643900372,112.4528296463241,110329.83263359664,0.8727308024572689,-0.027429046565546518,0.4874306041343697,750.2340063365317,757.628170480517,21.912248514630118,-949.258906938477,149262.04621548014,145.05207760615235,1192.7446236360638,112.30865428891632,110025.5385763481,0.8741587361811375,-0.02953212881450422,0.4847415366211979,747.771786246724,759.0774713919155,23.566889373578263,-949.6120064326191,149462.25710779635,142.93070169386849,1194.5355764598655,113.09840511507264,110079.09528957137,0.8729955652572748,-0.027904970843861027,0.48692921009458306,748.797076469938
122,-60.752293577981646,765.9056646376887,21.95746227827703,-946.8837124191933,149740.77310360115,144.1088577930512,1196.75084237018,113.45523202759539,110352.6487180549,0.8696032194471631,-0.028533441031120724,0.49292604259670925,750.2092536101522,763.2023119702187,20.77308386169129,-944.8807276019604,149246.53935809998,145.9975970429232,1192.6192054162896,113.00284427385846,110043.04504079615,0.8712861415229545,-0.030630511964458255,0.4898185698060429,747.732950778254,764.9744970836093,22.478138257316175,-944.986889521486,149431.75191023547,144.18953126216775,1194.3541412443863,114.17578270954677,110113.38422011578,0.869946073685658,-0.02939568311300599,0.4922699693188965,748.790842091572
123,-60.34862385321101,771.8778458815788,21.055045119760965,-942.0557610398677,149709.8738234175,144.901016395708,1196.5827148096794,114.44276556638582,110375.49493965606,0.8664383280697346,-0.029617942614942074,0.49840485664465706,750.184730560629,769.5086775500146,20.100561417751866,-939.8727545944782,149206.36142214388,146.76422320504344,1192.4791423376369,114.34375919821588,110076.60307277503,0.8679990887523988,-0.03186281441655205,0.49554247343942337,747.7716167049024,771.1401212565469,21.58364824886486,-940.0335504872363,149403.0438793055,144.85543532791192,1194.2210453904988,115.1266608995923,110139.14622908962,0.8667003934646044,-0.030418851734224053,0.4979007144275567,748.7781221932106
124,-59.944954128440365,777.8217791870841,20.13683217012592,-937.1873463867979,149678.75215565375,145.67378130907107,1196.4166189454647,115.41530403805608,110398.34057054023,0.8632359915600433,-0.03068133557439937,0.5038673223406338,750.1604713317813,775.7863127534672,19.46057540066199,-934.7614582889956,149186.17515420163,146.6773255083041,1192.4601063969167,115.06306268262597,110089.25651464,0.8646610855767671,-0.032238525464561865,0.5013201417907298,747.7848502269588,777.3148086144685,20.994521805150043,-934.9753289008013,149388.497939491,144.86051741112493,1194.1611163414882,115.95367271706233,110148.95941822024,0.8634004473807063,-0.03091453718222065,0.503571205345982,748.7845355704852
125,-59.54128440366972,783.7376797377173,19.20400193274633,-932.2781077382072,149647.43726793877,146.4257424187834,1196.2527949270086,116.3727194229933,110421.15485995846,0.8599960666203529,-0.03172241843397104,0.5093137084020237,750.1365098334749,781.5952028796021,18.322545724779484,-930.0245829317611,149155.68521682237,147.93879473252005,1192.2685364370334,116.15331853450101,110118.86550187247,0.8615146743506441,-0.03372292168971657,0.506611518257543,747.7719001746908,783.0749934199628,20.00122976001058,-930.253944967058,149356.8245417201,145.90986283242535,1193.9854449874254,117.03824334687339,110177.76298168077,0.8602667840561214,-0.03225573074917669,0.5088227865215699,748.7761050826849
126,-59.13761467889908,789.6257567505576,18.25776118191958,-927.3276718616055,149615.95934332008,147.1554893766629,1196.0914855722667,117.314881854656,110443.90703168501,0.8567184033184866,-0.032740004358942025,0.5147442758593821,750.112879726228,787.3123950000827,17.25733088446806,-925.3645723496259,149124.85104763403,148.8323281147502,1192.190363113717,117.02509417314269,110159.35322352864,0.858392488706182,-0.03483085884858066,0.5118096781076706,747.8152658580082,788.6864779804555,18.61670386779622,-925.6378861026952,149327.2101433181,147.11701117402632,1193.8511274797886,117.73902214461141,110214.30614764483,0.8571709496458979,-0.033534334902347814,0.5139391126055757,748.763323543201
127,-58.73394495412844,795.4862132643192,17.29934481456985,-922.3356532813546,149584.34957255563,147.8616116151308,1195.9329361063756,118.24165956561976,110466.56628139912,0.8534028449760371,-0.03373292153536673,0.5201592777135623,750.0896144058705,793.7838993242896,16.8314868875717,-919.8169746277343,149109.36819572136,148.46541680909104,1192.1406926695895,117.90903697787842,110157.85434818818,0.8547697273251792,-0.03509351823524855,0.5178196193910685,747.8109399963834,794.488488118894,17.680157785685456,-920.7363459657766,149307.94612053654,147.49654459418645,1193.7809498556908,118.3997136838115,110236.862015973,0.8539203600828194,-0.034210397188312786,0.5192780251081744,748.7715713182931
128,-58.330275229357795,801.3192459102165,16.330015708431535,-917.3016545538571,149552.64014615893,148.5426983594106,1195.7773938830323,119.1529188316555,110489.10177404083,0.8500492280468394,-0.03470001355667701,0.5255589585918399,750.0667469882547,799.6075871432931,15.775365477560202,-914.830179787819,149084.29354931528,148.99792148092953,1192.0488015334765,118.58219645141781,110173.84910480659,0.8514492321812982,-0.035882904325163265,0.5232080104461982,747.7955765803349,800.2521324725174,16.70113746429675,-915.8221392540241,149288.17117394885,148.4269402209619,1193.6105900979785,119.49085942422737,110265.80416969629,0.850635107337392,-0.03546477465068718,0.524559018532786,748.7706263666162
129,-57.92660550458715,807.1250446651378,15.351064586339135,-912.2252665505606,149520.86424619856,149.19733863749795,1195.625108088572,120.04852391388755,110511.4826411373,0.8466573819861284,-0.03564013981733726,0.5309435544030982,750.0443102940243,805.0173635949006,14.249342488847669,-910.267306431097,149055.53673263054,150.56104069425672,1191.8940868095565,119.42807446121874,110224.71499183709,0.8483392908284942,-0.03744371373097857,0.5281272724813971,747.8001984043746,806.5611326363139,16.375556446546618,-910.2824429506452,149273.85482397338,148.0461075469515,1193.562341540636,120.48106016957485,110266.4028882235,0.8469828705053553,-0.03576774041085276,0.5304155784066023,748.7761612535174
130,-57.522935779816514,812.9037925866448,14.363809886231632,-907.1060687489381,149489.05603785545,149.8241212879046,1195.4763294286795,120.92833699908257,110533.67797810571,0.8432271291108308,-0.036552175913951455,0.5363132919921547,750.0223368334484,810.7822610374393,13.098495054308055,-905.2657784500894,149030.85449293486,151.41807060125606,1191.781699239966,120.28779970942387,110256.19951314424,0.8449679932358861,-0.03852660827790196,0.5334273998038727,747.8029540185318,811.974067890768,14.677395812584892,-905.6430070657975,149218.56834775078,149.91631097781385,1193.3530712219817,121.40949216695539,110314.0240218935,0.8437935157074429,-0.037594390432401065,0.535349572389938,748.7609983022096
131,-57.11926605504587,818.6556655293188,13.369597636458565,-901.9436295316192,149457.25066073224,150.42163496519373,1195.331309797722,121.79221813812751,110555.65684152924,0.8397582844514364,-0.03743501405423186,0.5416683887933094,750.0008587913105,816.6292765296937,12.259759010362547,-900.1257979417987,149004.68824239777,151.94087294940977,1191.6988584765575,121.30799926162895,110291.52398701414,0.8415079754794851,-0.039437931227483396,0.5388032820843938,747.8361243314715,818.0175701085559,14.254361966632727,-900.1963412758731,149203.99853782417,149.41999670465276,1193.341663110126,122.13752626889169,110315.95985642087,0.8401862896598301,-0.037694729495194874,0.5409862346085453,748.7821581893959
132,-56.715596330275226,824.3808318419985,12.369801335961128,-896.7375064938651,149425.48421992356,150.98846814333237,1195.190301930681,122.64002518276703,110577.38824641072,0.8362506555959341,-0.03828756347424267,0.5470090524832073,749.9799080118718,822.4726680950381,11.30683461292743,-894.8364889634661,148976.0894096796,152.43274934681924,1191.5710073014811,122.19726450728497,110303.5477174555,0.8379566142506704,-0.04029195960797664,0.5442474351106326,747.8116063235418,823.6400023786092,12.839571763756284,-895.2042049936812,149162.92422431422,150.62803835172974,1193.1992346240966,122.974277995566,110349.34174127135,0.8367707580649666,-0.03901707406282274,0.5461614837929872,748.7679387298159
133,-56.31192660550458,830.0794520454265,11.365821838877283,-891.4872467595484,149393.7937768407,151.523209116895,1195.0535590376246,123.47161372067336,110598.84116340197,0.8327040425262894,-0.03910875086433472,0.5523354806331087,749.9595159838909,827.7876624345421,9.898938223777677,-890.1705362517846,148948.7194235245,153.67514107575607,1191.4984184737207,122.99639185255857,110366.01612405913,0.8347311057642791,-0.04157372210347382,0.5490861559901207,747.8652377567381,829.3256180356142,11.586131133677638,-890.0497343291267,149129.55071131876,151.1894259146967,1193.1441927914045,123.48515869553754,110375.5459623203,0.8332695302299516,-0.03973687498566229,0.5514370959200421,748.7695330949737
134,-55.908256880733944,835.7516784898783,10.359087243101774,-886.1923873058461,149362.21733979735,152.0244460001693,1194.9213344207342,124.28683700893555,110619.98451601392,0.8291182374479814,-0.03989752080419383,0.5576478603606685,749.9397138257266,834.1741517449817,9.571689817349952,-884.1272168143242,148927.83141790325,153.15628390397555,1191.4107929445263,124.02210509817647,110348.15087737831,0.8307222311593189,-0.04181361290878249,0.5551145795538049,747.8361981758302,835.2117304464975,10.800618165089881,-884.5844110803804,149109.84365885472,151.59468069346866,1193.0137932160678,124.57123558059254,110401.69524501557,0.8295758957560339,-0.04061852765580687,0.5569146868162561,748.7763056946447
135,-55.5045871559633,841.3976549923092,9.351052782312083,-880.8524552968306,149330.79385435372,152.49076672422078,1194.7938810738312,125.08554590606295,110640.7871778046,0.8254930246131162,-0.040652836207427684,0.562946367981339,749.9205322705052,839.6479159828168,8.515303893681674,-879.1197800826276,148909.31743011804,153.72142537752416,1191.3885892494077,124.7724345509114,110397.4411550595,0.8272887742238355,-0.04260744295518811,0.5601588077037118,747.8951053278598,840.9089295278828,9.812005926472493,-879.2500547417291,149080.8426829208,152.28347669320038,1192.8658361883608,125.61920076100897,110431.7570220602,0.8259426296243263,-0.04167320549461869,0.5622118075183553,748.7774604607717
136,-55.100917431192656,847.0175164525781,8.34320072094187,-875.4669684261348,149299.56319342105,152.92075903198946,1194.6714512643684,125.86758880259991,110661.2179695493,0.8218281801376627,-0.04137367877612141,0.568231168659506,749.9020016513658,845.6571258237165,7.659161760888786,-873.3068457594563,148873.55063030502,153.8302956283848,1191.2569880570277,125.60564739445113,110375.18247169153,0.8233751862319655,-0.043192886905629044,0.56585128542598,747.8390691570571,846.7562490124037,9.093208207338815,-873.6729939235815,149063.71700965028,152.27366390132883,1192.8122389716493,126.44677787197577,110441.23713402064,0.822163664883174,-0.0421527873047097,0.5676883393802553,748.7754254658554
137,-54.69724770642202,852.6113884483384,7.337040251570045,-870.0354352689164,149268.5661471283,153.3130104715023,1194.5542960978983,126.63281155047044,110681.24565639313,0.8181234718133712,-0.042059049465796305,0.5735024160594877,749.8841518867877,850.8790356823706,6.373985384915315,-868.4975635806285,148853.85493279286,155.19834333529556,1191.1443706700754,126.7716809077701,110458.7116713986,0.820015081484421,-0.04470542215627505,0.5705932801636623,747.923116944822,852.9646445957438,8.93249430994198,-867.6025827260121,149054.33027969304,151.89895783023613,1192.7033834241952,127.83076847700121,110441.0993942399,0.8180757617738307,-0.042663134504241154,0.5735258537785716,748.7800226634386
138,-54.293577981651374,858.1793868081453,6.334107394157961,-864.5573556432925,149237.8444124505,153.66610838730114,1194.4426650649368,127.3810573911666,110700.83894498667,0.8143786589149576,-0.04270796896121037,0.5787602519965271,749.8670124659909,856.0426194506939,4.769465540695799,-863.6184862995784,148823.56544009811,156.63580631708982,1191.0080801696984,127.60962166162902,110511.00218321061,0.8166014117394416,-0.04613023342428112,0.5753556603609393,747.9453883112625,858.544735227532,7.8456357776727,-862.1513023390694,149028.7231655072,152.27127455735442,1192.628938614347,128.48225962305983,110474.23387796004,0.8143444044800351,-0.04330724897081889,0.5787639182591091,748.7930955335019
139,-53.88990825688073,863.7216171623861,5.335964896550623,-859.0322209814635,149207.44058260147,153.97863991019605,1194.336805570246,128.11216688291506,110719.96648060741,0.8105934920031513,-0.04331947816344341,0.5840048060879156,749.8506124344261,861.4218828734498,3.684328112898622,-858.3542558922866,148800.59511004674,156.87002706856748,1190.9946397920155,128.09886286516755,110532.37601027283,0.8129834607044928,-0.046584062704051965,0.5804203801753788,747.9570991215309,863.938182399055,6.298343293767362,-856.8902702094794,148984.78824864293,153.16570158078292,1192.5555950124278,128.97155014961544,110503.75141423056,0.810684753208613,-0.04422093671816945,0.5838105340526649,748.7754693405201
140,-53.486238532110086,869.2381744716149,4.344202135625471,-853.4595147107294,149177.39813618938,154.24919194547485,1194.2369624444786,128.8259778269613,110738.59684426789,0.8067677127242314,-0.04389263868871438,0.5892361954044015,749.8349803793504,866.9638536908055,2.701858288232271,-852.9304076316192,148783.83095923113,156.90635858125958,1191.056416160985,128.58586541046995,110556.50612058875,0.809241880942371,-0.046889017961690344,0.585601398669301,748.0179410648816,869.2593747454506,5.157046171702979,-851.5804201690347,148964.29264755946,153.47185843760852,1192.5230374465884,129.44076170747488,110531.17655074845,0.807024992451687,-0.044719307345646754,0.5888215732366471,748.7876984768025
141,-53.08256880733945,874.7291425319033,3.36043501844652,-847.8387126445908,149147.76142614058,154.47635115970684,1194.1433774381705,129.5223251931194,110756.69854981151,0.8029010536066921,-0.0444265333793812,0.5944545241220346,749.8201444154887,872.8297653637525,2.2042943396968258,-846.9368804773623,148763.7747348837,156.43665508756223,1191.0365719592355,129.39914732834413,110556.50677017587,0.805166949464134,-0.047042015095384034,0.5911795262916218,748.0268402406964,874.7976700534183,4.151140510215518,-845.9594111527924,148937.1200382219,153.63770631226257,1192.4793334229837,130.05512405745046,110544.64853949519,0.8031548240618415,-0.04520182262630389,0.5940531321501913,748.7962572236952
142,-52.678899082568805,880.1945934568095,2.386305882750181,-842.1692833841583,149118.57566838688,154.65870396630177,1194.0562886980485,130.2010410447475,110774.24004099786,0.7989932378557024,-0.044920266827578964,0.5996598831746209,749.8061321707855,878.4955470162118,1.466513739928156,-841.0870970415892,148741.1982713511,156.47303379220284,1190.9457649553347,130.34159269086499,110571.57831973207,0.8011620624883615,-0.04759492324742704,0.5965518191326437,748.0383842486183,880.100391813855,3.038860493746384,-840.5239735490628,148913.38346289558,154.06079977105338,1192.4060736249974,130.723945417453,110572.25628393123,0.7993892289513551,-0.04587181173188725,0.5990597946156897,748.8073545671849
143,-52.27522935779816,885.6345871355909,1.4234833960639777,-836.4506887300744,149089.88693032396,154.79483650999728,1193.9759302256432,130.86195446331965,110791.1896885796,0.7950439791460524,-0.045372965911954034,0.6048523499069539,749.7929707722539,883.4608666640084,-0.01755142071186574,-836.0100648045566,148727.17557503836,156.60077174549033,1191.0581320398876,130.07811457032216,110618.1551931239,0.7976221994781115,-0.047576252281693814,0.6012780780292327,748.0890513462608,885.3447780052851,1.8392267027899691,-835.107168686309,148880.46713693722,154.92716812122822,1192.254381613631,131.73797464688832,110596.46755172969,0.7956030878650836,-0.04700978794424592,0.6039915615445145,748.8084635666349
144,-51.871559633027516,891.0491706673005,0.4736624527208243,-830.6823841051536,149061.74211903673,154.88333465046682,1193.902531318157,131.50489147277403,110807.51578737213,0.791052981414288,-0.045783780347956535,0.6100319877290176,749.7806868319193,889.2671409687958,-0.43048664473314946,-829.846308307015,148701.1443867006,156.3644437020844,1190.9625514700065,131.289860741584,110608.4286757175,0.7934012972146399,-0.048087879904237664,0.6067964546571133,748.095094125959,890.9430737708453,1.166385596352438,-829.1679301614189,148865.0555719809,154.86350292465556,1192.1807306500073,132.6894316909879,110605.83860252357,0.7915040482281896,-0.04750862496528463,0.6093145921379987,748.813868959604
145,-51.46788990825688,896.4383777703936,-0.46143593199499905,-824.8638189879606,149034.1889692961,154.92278394525525,1193.8363159915982,132.12967496382774,110823.18655331651,0.7870199386507791,-0.04615188325215475,0.6151988457713518,749.7693064328568,894.5110664078865,-1.543973001927163,-824.300127413059,148682.33129052405,156.50068997748878,1190.9745126611533,131.69897741331462,110637.54923053089,0.7895440031302975,-0.04841603069269628,0.611781133325431,748.1353919047535,896.301338979663,0.27447126684476164,-823.4130986300291,148848.30376110814,154.60332344276185,1192.2017122323361,133.0460889906148,110621.07944293051,0.787529541509765,-0.04756553936888933,0.6144385573138832,748.8358325006519
146,-51.064220183486235,901.8022281675184,-1.380064731371791,-818.994437357537,149007.27603132586,154.91176963227153,1193.7775023861257,132.73612461845983,110838.17012053967,0.7829445346924746,-0.046476471721039476,0.620352958541787,749.7588551153362,899.5117812427055,-2.830958563072134,-818.9317585546431,148663.385328244,156.78785268955846,1190.9737155542398,131.9557891967969,110671.3983137877,0.7857966372912786,-0.048761400987824825,0.6165597867161167,748.1654572515044,901.5873445168362,-0.7087144876903735,-817.6996489058271,148816.6255295547,154.82069452064636,1192.1472210390566,133.77668809810632,110647.62539373268,0.7835384039150343,-0.048120163552332305,0.6194772146334178,748.847170633476
147,-50.66055045871559,907.140726945141,-2.2804510212983673,-813.0736781494873,148981.05265834386,154.8488766120818,1193.7263021536014,133.32405683477657,110852.43453841163,0.7788264430171333,-0.04675676742478603,0.6254943455837667,749.7493578630678,904.9735676119715,-3.6450383569583944,-812.9174094832858,148649.25934132395,156.58011848228819,1190.9540543333785,132.5596701954664,110692.88195609298,0.7816326513336843,-0.04896917501857069,0.6218138131845221,748.1866314897334,906.967088962124,-1.6101103680158726,-811.7749452579495,148802.39849138694,154.89466150876478,1192.0853901676162,134.53346963647905,110674.49803826876,0.7794107610747992,-0.04859762895716968,0.6246255966421355,748.8677764050402
148,-50.25688073394495,912.4538638876974,-3.1607960996698097,-807.1009757236342,148955.56899387806,154.73268943026798,1193.6829198273333,133.8932846524795,110865.94776860165,0.7746653265398423,-0.046992017216444935,0.6306230111364863,749.740839089551,910.490883524276,-4.136563200056763,-806.7211717032346,148626.2619950153,156.16706466728724,1190.9010939608124,133.45861490452594,110690.57542154039,0.7773525525016981,-0.04920906453347882,0.6271375264539945,748.1836365118368,912.3397194317151,-2.4004068315488625,-805.7589701826075,148780.14025841106,154.52691612315746,1192.1029023361386,134.9828182709228,110686.69503977195,0.7752321939440426,-0.04862923908172501,0.6298017486312966,748.8911724711653
149,-49.85321100917431,917.7416127859613,-4.0192756120777045,-801.075760343468,148930.8759588551,154.5617922601369,1193.6475521739708,134.44361767917488,110878.67768213619,0.7704608374126608,-0.047181493757031887,0.6357389437970877,749.733322624535,915.8390117659798,-4.994558933936793,-800.6714063964944,148606.2067772285,156.28796770820722,1190.8019091486203,134.36694666165155,110709.6042833606,0.773139018940058,-0.04979060712635337,0.6322791731777933,748.1996033491057,917.501238869326,-3.5081740221134714,-799.940461167087,148757.3581537,154.70612872025495,1192.0659050413717,135.51126089889578,110713.4093370568,0.7711493095661437,-0.049046883393082566,0.6347622748597187,748.922217433023
150,-49.449541284403665,923.003930719337,-4.854039684735059,-794.9974586675828,148907.02523846886,154.33476888608382,1193.6203875275603,134.97486201776886,110890.5920564596,0.7662126168282585,-0.047324496156988125,0.6408421161851644,749.7268317005895,920.827403920513,-6.06664665065429,-795.0606787385557,148597.0330803595,155.84291268621297,1190.9787744356308,134.17025922101558,110739.23573904214,0.7691959833477905,-0.0494017756109911,0.6371004659926933,748.253671326068,922.9349779280211,-4.2188743647639955,-793.6959670050243,148737.48121139477,154.49026160661285,1192.025487341259,136.31576248146067,110724.2085824266,0.7667854265198174,-0.04936461045649044,0.640002535081933,748.9360192265873
151,-49.04587155963302,928.2407573118082,-5.663213065623007,-788.8654942533277,148884.0692688244,154.05020268793538,1193.601605105731,135.48682019520703,110901.65857249846,0.7619202948284453,-0.047420350634481356,0.6459324846098374,749.721388939784,926.0689699969608,-6.925086977119679,-788.9521486678623,148575.98441838197,155.85020451327938,1190.8947757383485,134.9557648099129,110752.9062823382,0.7649291159955952,-0.04984563590551488,0.6421828867880022,748.2605593005122,928.1631551275377,-4.933044953772854,-787.5937569198327,148727.54818172666,153.96399061054677,1192.065562231352,136.6932079881018,110739.64159796326,0.7625296182871425,-0.04925151585101703,0.6450758633069771,748.9608220100896
152,-48.642201834862384,933.4520139612806,-6.44489527488986,-782.6792880728638,148862.06122336583,153.70667662661992,1193.5913743080018,135.97929109282984,110911.84481173438,0.757583490118516,-0.04746841119101659,0.6510099887396882,749.7170163404917,931.4815439343117,-7.422144235651705,-782.5854807972296,148568.24036994783,154.9134889170036,1191.0089591917824,135.26231930080772,110759.68415681677,0.7604899117255565,-0.04942581629518019,0.647465970416369,748.2878109562366,933.4308965402686,-5.723660500118849,-781.3750612148016,148708.2696682153,153.86989158066797,1192.0100389991123,137.49794461357004,110756.5616864925,0.758158743938781,-0.04964582980454735,0.6501773685481432,748.977053484136
153,-48.23853211009174,938.637603042077,-7.19716076557472,-776.4382590418408,148841.05499907891,153.3027732315308,1193.5898539961945,136.4520698786221,110921.11825328253,0.7532018098883702,-0.047468060304822667,0.6560745512758298,749.7137352642966,936.5953539210659,-8.256158978653374,-776.4854877324889,148551.9558224548,154.67669958601363,1191.0051485797842,135.77798708464152,110778.13482404544,0.7562092679963257,-0.04956065953364755,0.6524502157429724,748.3092176896049,938.5932835288478,-6.587438211142172,-775.2100293616758,148691.91937434263,153.73374770022068,1191.9892409535216,138.1197784265406,110774.72852756894,0.7538143465687902,-0.049910944635299166,0.6551891547581354,748.9972584933092
154,-47.834862385321095,943.7974070803834,-7.918059095770724,-770.1418245608967,148821.10520248485,152.83707458997776,1193.5971917569668,136.90494794165906,110929.44627098314,0.7487748496413899,-0.047418709642477644,0.6611260776284327,749.7115664230388,941.926050778095,-8.820835733370544,-770.0101026945006,148532.07250372568,154.37388026603784,1190.9355018034203,136.7445779547124,110776.60518260118,0.7516730739313828,-0.04990842004484059,0.6576448430081191,748.3192465818087,943.9910634420128,-7.130299376130905,-768.6264441417937,148683.90224539198,153.03943984780776,1192.0147384024417,138.68731315916838,110776.21576638632,0.7492031849298266,-0.049803963452276945,0.6604651034804553,749.0110271896408
155,-47.43119266055046,948.9312879024203,-8.605615113391885,-763.7894010701699,148802.26713540978,152.30816233913598,1193.613523146439,137.33771282904678,110936.79613050302,0.7443021930321044,-0.047319800789231925,0.6661644555970151,749.7105298659657,947.1940884678155,-9.415163701032798,-763.5734462735132,148516.214712884,153.7187906842693,1191.0047251349486,137.21990676016412,110779.43064637063,0.7471461499024916,-0.04975782793645919,0.6627946810626418,748.3539658665508,949.3243991754949,-7.671080074440011,-762.0292457304255,148669.03689688607,152.23463944077918,1192.0723076878437,139.11022015562585,110774.40662773298,0.7445755697244222,-0.04954927454628376,0.6656966954713603,749.0272934780683
156,-47.027522935779814,954.0390828330545,-9.257835560535792,-757.3804083841229,148784.59656777477,151.7146281456784,1193.6389695355335,137.75014997574732,110943.13518040728,0.7397834138685184,-0.04717081322989639,0.6711895521715685,749.7106447294486,952.4909591884779,-9.932095131081896,-756.9580502715019,148501.78957970568,153.24005986501416,1190.9716244207132,138.07691204183243,110782.07652644593,0.7424958764752183,-0.049937593757768364,0.6679866092572376,748.3711967625077,954.2604265854607,-8.506107781440985,-755.8760776853036,148655.47663389592,151.9861225624888,1192.075990955746,139.6011121400287,110797.31837610053,0.7402211224216069,-0.049667383384273164,0.6705265400777632,749.0571075970992
157,-46.62385321100917,959.1203541459705,-9.87326592072259,-750.9145963415756,148768.13122635614,151.05597682310867,1193.6735187616712,138.1421972294031,110948.44756169317,0.7352182632749182,-0.04697188543342347,0.6762009666702959,749.7119088200699,957.6803496357635,-10.548282521397217,-750.4366382587802,148490.54544061807,152.52133031379105,1191.0623664243199,138.43844470764074,110784.79580484629,0.737891905332474,-0.04968694176957295,0.6730874711821626,748.4074024385384,959.4116038634947,-9.176847293077,-749.3388537299812,148644.35670546777,151.4511386374821,1192.0972686299613,140.10976921225767,110806.59957250324,0.7356027828668982,-0.04962494880245593,0.6755930063986962,749.0767687737506
158,-46.220183486238525,964.174207107451,-10.451446653013404,-744.3923054287474,148752.8755907711,150.33332302027608,1193.7169355284318,138.5140662223986,110952.74713026489,0.7306068234426008,-0.0467242798442879,0.681197850269762,749.7142831914769,962.7641561454474,-11.13634556927178,-743.9402296103254,148477.4306692924,151.82807295759412,1191.134103753791,138.85173857084402,110798.34250006656,0.7332924442697286,-0.04948451663096771,0.6781102224496595,748.4335770444344,964.2607428517674,-9.79144635863458,-743.1337145425231,148632.8532604581,150.60625658497094,1192.2306671066756,140.18081036124516,110824.75709126,0.731214570103104,-0.04913603456306909,0.6803755599493193,749.1195547692845
159,-45.81651376146789,969.19970094425,-10.99204954168435,-737.8139536816751,148738.82956322815,149.54794615370892,1193.768953863076,138.86599726079496,110956.05074909069,0.7259492175848455,-0.046429375998092375,0.6861793107726132,749.7177251297752,968.0641740553307,-11.361131258166077,-737.0099831733235,148483.0571425336,150.6190588965185,1191.2287167845068,139.30132554022896,110806.78506444365,0.7284102177060265,-0.04899236383096887,0.6833873740622612,748.452121432351,969.1336061245014,-10.376216890220785,-736.8197022757629,148622.00002568247,149.7749939223661,1192.3555910263563,140.33367922346898,110840.70314415371,0.7267382146183811,-0.04870318622238629,0.6851857901803535,749.1616822583644
160,-45.41284403669724,974.1958953819668,-11.494778858934673,-731.1799778965769,148725.99176823426,148.7011266660972,1193.829299480967,139.19823155566493,110958.37526283487,0.721245577060626,-0.0460885566420968,0.6911444585013563,749.722191892935,973.0608632036931,-11.983366149922746,-730.4966514391248,148465.86107666814,149.91682605911893,1191.3452284985674,139.61851661491113,110803.09501998957,0.7237730705248115,-0.04872836228431607,0.6883153994297779,748.4962854344934,974.0434897869177,-10.765131637833424,-730.3544709830558,148613.6675602866,148.56399104805698,1192.535487837952,140.32934162893113,110847.48115675553,0.7221646099232253,-0.04795400286566471,0.6900570192263794,749.2018825452321
161,-45.0091743119266,979.1618511934672,-11.959371751532222,-724.4908334037539,148714.35955758786,147.7941460869319,1193.8976904915107,139.5110113522888,110959.73750165863,0.7164960418560791,-0.045703207254739794,0.6960924068334621,749.7276407286325,978.0787415824153,-12.491571505969185,-723.8078659391447,148463.40719578648,148.9525613737073,1191.4785232153165,139.80734341993985,110809.78976841402,0.7190200136213512,-0.04823432893486326,0.6933135434449232,748.5293016435076,979.0021725038824,-11.442583748365355,-723.7303894096489,148599.40249149952,148.29293448167283,1192.5020450335526,141.14617562923152,110863.4346959492,0.7174282488563098,-0.04824759316602067,0.6949596229254291,749.216777925182
162,-44.60550458715596,984.0966307536937,-12.38559860556446,-717.7469938280213,148703.92901568452,146.82828709107386,1193.9738380914964,139.80458005679228,110960.15428498833,0.7117007610451445,-0.04527471555406914,0.7010222727269515,749.734028892062,983.0194678616602,-12.864135401498947,-717.196559511827,148467.97120618745,147.41578943742238,1191.795921510179,139.39644031625386,110811.0134951309,0.7143078720262388,-0.04704522169372458,0.698248531023972,748.5822444864797,983.9508133355276,-11.721410842729856,-717.0116022699359,148595.37615853784,146.9660503401706,1192.6770112519437,141.20533862533478,110862.42273934932,0.7126638348829804,-0.04747316650806274,0.6998975331515191,749.2503110173818
163,-44.20183486238531,988.9992986002451,-12.773263388906097,-710.9489508360045,148694.694965127,145.8048335549887,1194.057447245794,140.07918235998073,110959.64242524854,0.7068598932292187,-0.04480447099528922,0.7059331772362096,749.741313663703,987.9240353363597,-13.446870301179946,-710.428074029658,148453.90070069328,146.95247863767682,1191.7759564271753,140.11872339996313,110819.19898250376,0.709476921263699,-0.047168972070114605,0.7031483387365939,748.5982386184565,988.9481653079233,-12.162452502893329,-710.1175423337984,148586.49761942332,146.21398691524698,1192.7094535472706,141.8212257551568,110863.92009879512,0.707742262468442,-0.04737176670233374,0.7048807031232667,749.26549092534
164,-43.798165137614674,993.8689219991118,-13.122203971032125,-704.0972138706854,148686.65097264515,144.7250706104048,1194.1482173553802,140.33506435814064,110958.2187315605,0.7019736069556868,-0.0442938642576636,0.7108242460177809,749.7494523670537,992.8493109304662,-13.747377488833353,-703.6171922703327,148450.54788145423,145.65675452755212,1191.9879231204154,140.16462802547326,110812.23512627673,0.7046092200366103,-0.04639991404281591,0.708076899083863,748.6374562474327,993.7911694447375,-12.467432420401558,-703.3453593843877,148584.78599695457,145.038853510623,1192.8464736556757,142.0134933065476,110865.66760441233,0.7029152737116203,-0.046771982316347493,0.7097341048964163,749.2931757937248
165,-43.39449541284404,998.7045715149148,-13.43229241982644,-697.1923098735473,148679.78935532024,143.59028469516267,1194.2458429126032,140.57247367059165,110955.90001340391,0.6970420811152007,-0.043744286721038236,0.7156946098259073,749.7584023863168,997.672469059694,-14.154057183848781,-696.8213813484731,148447.70978253422,144.57919959927492,1192.146049558725,140.29953632140447,110816.18465734791,0.6997418717443429,-0.04581318256084399,0.712925287271654,748.6721527168282,998.6367018098153,-12.540237026799772,-696.4508974511253,148586.89718587944,143.33746970799635,1193.0730507272162,141.8620973283979,110856.29395737832,0.6980184028799885,-0.045665918071827204,0.7146222310896347,749.3260218561478
166,-42.990825688073386,1003.5053215850038,-13.703435275052811,-690.2347829947502,148674.1011871113,142.40176360105357,1194.350014143669,140.79165955379426,110952.7030842406,0.6920655053176074,-0.04315712993227946,0.7205434049975707,749.7681211840371,1002.6447851802332,-14.303858896678847,-689.6835394487656,148446.6108244008,143.31526324011972,1192.2756464067481,140.6983656315611,110806.18076938772,0.6946330734364533,-0.045285303587803014,0.7179374168875636,748.699714341393,1003.4725032159275,-12.801114290891654,-689.4614883783407,148585.71661528733,142.25034860845054,1193.1555038359272,142.27076487006977,110854.78350214763,0.6930186185612214,-0.04525690936663458,0.7194977459881835,749.3414376625742
167,-42.58715596330275,1008.2702510967412,-13.935573798179659,-683.2251942917221,148669.57630568533,141.16079651845348,1194.4604176382645,140.99287301182926,110948.64476510121,0.6870440802464328,-0.0425337850619475,0.7253697739268141,749.7785663186957,1007.4509687463857,-14.534309098336808,-682.6686876037958,148449.1064245655,142.12354759032544,1192.4040290352768,140.99212366261725,110812.88061008767,0.6896000367435312,-0.04473642915980348,0.7228073334086685,748.7281955682031,1008.2372125486334,-13.365380828528131,-682.5208529679451,148573.93291655421,141.57509939223104,1193.2145627991881,142.72452867806066,110858.60595505682,0.6880138900223031,-0.04511316353981286,0.7242939248756738,749.3652112573861
168,-42.18348623853211,1012.9984439672899,-14.128684198270328,-676.1641214166054,148666.20331954185,139.86867407758024,1194.5767369662626,141.17636690308183,110943.74188813141,0.6819780179918462,-0.04187564235155171,0.7301728655281283,749.7896954622453,1012.3145268705808,-14.601182240607264,-675.4400922683197,148454.68041323754,140.77083678589958,1192.5246012757275,141.38021175680993,110812.1118976761,0.6844149501238846,-0.04415978280501303,0.7277541409222862,748.7517342764636,1012.893754403857,-13.344040434999819,-675.5933134483366,148577.78140553224,139.8006293652811,1193.4475075778043,142.5386204132176,110848.5665837836,0.68306742947237,-0.04395723630284161,0.7290313080867138,749.3987256858161
169,-41.77981651376146,1017.688989725214,-14.282777833673048,-669.0521582929861,148663.96961544044,138.52668838622094,1194.698653281432,141.34239604297926,110938.01130009828,0.6768675423620608,-0.041184090551758964,0.7349518356886855,749.8014664175935,1017.031688871473,-14.839589225478782,-668.3530750933854,148452.57310600526,139.63706441955185,1192.643151613123,141.72225438786154,110809.47666664213,0.6793071516892789,-0.04368549897447899,0.7325526403222842,748.7790451947853,1017.7576084186885,-13.434568933940938,-668.1982684880294,148588.91209851418,138.41048213245776,1193.547532330032,142.85391797629833,110846.32467545208,0.67776867434797,-0.0433329174587257,0.7339971950471682,749.4084767626181
170,-41.37614678899082,1022.3409840931928,-14.397901389268405,-661.8899147823737,148662.86136612055,137.13613306378997,1194.8258459120893,141.4912173026469,110931.46986585617,0.6717128891731279,-0.04046051635195047,0.7397058477092248,749.8138371360286,1021.7454953841366,-15.102133928072789,-661.1156693763846,148454.14236645782,138.60986490722843,1192.7049700458458,142.20866560862424,110812.9231749033,0.6740897376934037,-0.043365467848457545,0.7373753872585675,748.8004848581061,1022.4043585678505,-13.651359428167153,-661.0792024878035,148585.2433407748,137.10305087546743,1193.697093513192,142.94974617455165,110840.73325073517,0.6726406026452683,-0.042623440513013276,0.7387407271782461,749.4329675847787
171,-40.972477064220186,1026.9535295711314,-14.47413702905784,-654.6780163408791,148662.86353831456,135.69830327159713,1194.957992938611,141.62308970335826,110924.13447177004,0.6665143065171091,-0.03970630380154489,0.7444340727333997,749.8267657345796,1026.382734953614,-15.219513696920487,-653.9442254948375,148457.56690857225,137.20912659631728,1192.8845534285747,142.33891746851137,110809.60881549178,0.6689041943619717,-0.04261783560984666,0.7421259319366853,748.8327681304025,1026.9254251900982,-13.746349743922055,-654.0514423902,148580.62443196823,135.66433763163954,1193.8665691054237,142.99914518186628,110831.49573355002,0.6675739752868717,-0.041817772301304464,0.7433681869971567,749.4618934176909
172,-40.568807339449535,1031.5257360189516,-14.511602523899496,-647.4171036665779,148663.95990105267,134.21449573922075,1195.0947717577205,141.7382745066717,110916.02202909651,0.6612720550086371,-0.03892283372352793,0.7491356901653963,749.8402105133173,1031.0332984168658,-15.15153082596025,-646.6537917985755,148464.58989401287,135.49273329732983,1193.121795183595,142.31980526356884,110796.0127473576,0.6636307067171408,-0.0416087460141891,0.7469022676075066,748.8693042805083,1031.5633823148928,-13.973656331345117,-646.7051411098378,148582.4707999327,134.4547606649135,1193.973401656175,143.24534824067777,110831.739873985,0.6622629156626932,-0.04126393045481222,0.7481344254753747,749.4766160952397
173,-40.1651376146789,1036.0567212383407,-14.51045135422489,-640.1078323380463,148666.1330342571,132.68600878689747,1195.2358596334807,141.83703530016192,110907.14947732202,0.6559864080098782,-0.03811148312064885,0.7538098880756621,749.8541299725865,1035.592062089057,-14.883166616031374,-639.3952766830339,148477.799896399,133.38446316348097,1193.437524285455,141.9911527917449,110783.99444186159,0.6583758130533112,-0.04019723169347213,0.7516152415635096,748.9154205132396,1036.061371264529,-13.866569116151204,-639.4594540768202,148583.12068293244,132.73299785244055,1194.1597553428714,143.22372020388366,110816.93428022518,0.657036166174468,-0.0402704875391564,0.7527826805739591,749.5013820319068
174,-39.761467889908246,1040.545611552718,-14.470872787595207,-632.750872444558,148669.36433762076,131.114142343855,1195.3809342348904,141.91963807866438,110897.53378745589,0.650657651833945,-0.0372736245747645,0.7584558635945777,749.8684828301649,1040.146123545154,-14.880481796953383,-631.9509920388663,148480.95389315134,132.0393073237171,1193.5335755105637,142.4182746625679,110781.28182311585,0.6529765162870441,-0.03969009986191463,0.7563374677685795,748.9379921558055,1040.523492334187,-14.032589698238818,-632.1947354642489,148577.05470481073,131.30048299357742,1194.3434467293541,143.13288107806636,110807.80271442201,0.6517657385021451,-0.03939383684572796,0.7573965590978914,749.5276273897217
175,-39.35779816513761,1044.9915423846871,-14.393091930983763,-625.3469082084572,148673.6340397736,129.50019796252948,1195.5296741600034,141.986351320966,110887.19196527996,0.6452860859268211,-0.036410625639829705,0.7630728232939237,749.8832280383558,1044.5756280049652,-14.832023784969605,-624.7423983939459,148488.3827229501,130.07204507995849,1193.8992284569053,141.80033119898278,110753.33004358207,0.6477257860716046,-0.038187792355115296,0.7609158945461479,748.9993497892234,1044.899911395111,-13.837555051507326,-624.9209038508268,148583.62628709365,129.4775554428779,1194.5444439413945,143.04078798224333,110800.9540848043,0.6465027984355138,-0.03831119868563505,0.7619490689477343,749.5537784656052
176,-38.95412844036697,1049.3936588302465,-14.277369757696592,-617.8966376002235,148678.92120772932,127.84547882862582,1195.68175944648,142.03744606189096,110876.1410545521,0.639872023027881,-0.03552384822905046,0.7676599835560053,749.8983248009982,1048.9881085300651,-14.450074451824873,-617.3066718539558,148509.99282930378,127.88260033162997,1194.1796298399113,141.46294482972158,110748.89309007082,0.6423233437341178,-0.03675138400367505,0.7655521261599608,749.035730434921,1049.3536641110907,-13.828350713954757,-617.3584642320892,148593.39270487,128.1160161535302,1194.6162241117725,143.43033055344208,110796.4508377755,0.641009927968916,-0.037792075705714814,0.7666016118292074,749.5588305992452
177,-38.55045871559632,1053.751116228998,-14.124003108873659,-610.4007719467487,148685.20375661095,126.15128976699071,1195.8368720684794,142.0731959597384,110864.39814016453,0.634415789309106,-0.034614647996733076,0.7722165709303097,749.9137325904059,1053.378810875841,-14.178387047560323,-609.732376292508,148519.83188899086,126.21328292278916,1194.2922665954982,141.7966039353986,110749.05749425272,0.6368091863850057,-0.03603684248462553,0.7701788143797552,749.0543402726128,1053.712330764037,-13.782372492094632,-609.885334546453,148599.86490546528,126.40659236522453,1194.8196209831676,143.2368677111852,110790.37528640105,0.6355745956683301,-0.03671726335010535,0.7711658549969115,749.5813699786391
178,-38.146788990825684,1058.063080729618,-13.933324669537926,-602.8600355333539,148692.45845965625,124.41893724328533,1195.9946964197766,142.09387735904482,110851.98035125439,0.6289177244931294,-0.033684373715376935,0.7767418224775766,749.9294111642148,1057.5553501110783,-14.547102693338136,-602.486663072898,148515.2417139394,125.38087320013996,1194.3529642928615,142.18372284637738,110750.28672276922,0.6314960434164727,-0.03580242944849152,0.7745520855274526,749.0773685589231,1058.0354185596864,-13.515644305583068,-602.3372906170451,148619.36192715872,124.50738739200327,1195.0205283339315,143.12890870787416,110779.60346485731,0.630084108205495,-0.03560526730168392,0.775710178821486,749.606214044451
179,-37.74311926605505,1062.3287298498667,-13.705702919190577,-595.2751652000973,148700.66095849584,122.64972936145514,1196.1549197830398,142.09976934865617,110838.90486426918,0.6233781819502445,-0.03273436664857332,0.7812349861011887,749.9453205821577,1061.838646720796,-14.041601787199156,-594.8344785704456,148531.64248615963,123.36532975474582,1194.5080680205951,142.34233300110472,110745.23973767625,0.6259149329008835,-0.03481071864846532,0.7791140549616979,749.1038124194474,1062.2667969558026,-13.55074664604769,-594.8881489680168,148613.4761022348,123.01822210039956,1195.2024445244206,143.07468402414932,110762.3650013764,0.6246312448283412,-0.034755418076207495,0.7801460561321483,749.6477066014633
180,-37.339449541284395,1066.5472530303668,-13.441542056979003,-587.6469099328953,148709.78577370394,120.8449758570125,1196.317232785144,142.091153815105,110825.18890598338,0.617797528774552,-0.03176595992028511,0.7856953208657917,749.9614212227441,1066.0689371558342,-13.98303244680438,-587.2162968571077,148538.52809524094,121.91433976387158,1194.630715527094,142.56571631450916,110734.50929648375,0.6203279419976139,-0.034161767996353766,0.7835982503709208,749.125184961548,1066.4341396967545,-13.373383291500978,-587.369660667206,148621.7111614512,121.25835311444413,1195.3897130760447,142.94393167963085,110747.13880095197,0.6191329694793236,-0.03371895286975844,0.7845619149060716,749.6683144627444
181,-36.93577981651376,1070.7178521814428,-13.141281901490546,-579.9760304500279,148719.80631562203,119.00598808615378,1196.4813298384302,142.06831549129998,110810.84975646807,0.6121761458394321,-0.030780477881094396,0.7901220973030623,749.9776737998536,1070.3192174708133,-13.497734115269338,-579.4254169899127,148560.3755001835,119.69142191177454,1194.8858682808382,142.27941942434884,110712.59412275493,0.6146163365076575,-0.03279082488132988,0.7881443527054597,749.1553980301215,1070.5575502052382,-13.145080289142882,-579.789702686002,148630.25764811863,119.55864567853781,1195.5341191362006,143.0062176858689,110732.98226052542,0.6135880666802725,-0.03285311331525174,0.7889425564469574,749.699196292375
182,-36.53211009174312,1074.83974222227,-12.805397765258574,-572.263298784559,148730.69489544508,117.13407901075202,1196.6469095678046,142.03154200054686,110795.90475201143,0.6065144278325477,-0.029779235472014946,0.7945145977045731,749.9940393792338,1074.3921784204636,-12.92759040570894,-571.8855983476079,148583.27536125862,117.09045240653421,1195.2808327916953,141.3212991178163,110689.09334805132,0.6090747428194667,-0.030795051913988902,0.7925147458798575,749.2107679847563,1074.631262281076,-13.300349132549217,-572.2174228013234,148621.597567606,118.40267766613273,1195.6272243481162,143.25333029389813,110724.38964088823,0.6080085748193091,-0.03238911669427736,0.7932695116200781,749.7208266681349
183,-36.12844036697247,1078.912151611607,-12.43440030409215,-564.5094978632386,148742.4227365775,115.23056317927396,1196.8136752235835,141.98112389593078,110780.37128799161,0.600812783270613,-0.028763537586476526,0.7988721164016996,750.0104793949068,1078.5663991672275,-12.792539018387552,-563.9269954607639,148592.63845675363,115.7075133052321,1195.3318881148152,141.82670420834762,110666.47112322786,0.6032182447994069,-0.03039656588039401,0.7969967364574347,749.2282428030901,1078.6957571991543,-12.8408259699634,-564.4654284532801,148646.43029776722,116.26384475553714,1195.8432001466365,142.9591150090436,110706.53768659456,0.6023271946993447,-0.031077070977213437,0.7976441350534053,749.7419502938313
184,-35.72477064220183,1082.934322869407,-12.028835341372957,-556.7154210824477,148754.95998624605,113.29675670368371,1196.981335079981,141.91735469510004,110764.26682169999,0.5950716344941797,-0.02773467843109567,0.8031939600325373,750.0269556654753,1082.552656310325,-12.216055942810328,-556.2497767824334,148615.48928308956,113.31565039795565,1195.641027061584,141.2062276103525,110654.03108305352,0.5975547001992828,-0.028749769342993534,0.8013125676241888,749.2752145232039,1082.6704727706042,-12.360310829399577,-556.8009948133279,148659.60121120568,114.00429671785287,1196.119319079507,142.394126701765,110677.00173455905,0.5967016488454396,-0.029541138799943092,0.8019192374444799,749.7908523791546
185,-35.321100917431195,1086.905513088569,-11.589283667491397,-548.8818718817265,148768.2757273773,111.33397723240628,1197.1496028191284,141.8405309105024,110747.60887511549,0.5892914176427081,-0.026693940885854913,0.8074794477958123,750.0434304103271,1086.4618846103328,-12.199228492736806,-548.5266568986353,148615.1042735213,112.25720175137171,1195.6332561035906,141.94748996903945,110658.46894211105,0.5918336281308992,-0.028685340382544017,0.8055495688413928,749.2763237254732,1086.62953497718,-12.051665109701414,-548.9931727084308,148669.59518778362,112.3429915986884,1196.2265704170106,142.62587139928868,110668.67693912867,0.5909411343273763,-0.02883846596355638,0.8061990564623248,749.8140153609405
186,-34.917431192660544,1090.8249944361457,-11.11636081462157,-541.0096633154687,148782.3379907277,109.34354391943423,1197.3181979005394,141.750952075133,110730.4150376289,0.5834725826102268,-0.02564259586431792,0.8117279116917758,750.0598662657366,1090.458814206647,-11.762069546364879,-540.5049194781461,148635.35383281534,110.23475631820766,1195.8261309246482,141.77961166853103,110636.10125510124,0.5858990947491215,-0.02754775994134219,0.8099156571485541,749.31364946319,1090.59258327391,-11.45564422084736,-541.0239525583153,148699.24173461742,110.05309840343489,1196.4572125369382,142.2515329194052,110663.78672711691,0.5850622347481389,-0.02742292867725497,0.810524622978399,749.8305424826879
187,-34.51376146788991,1094.6920546432946,-10.61071680706688,-533.0996176233239,148797.11376726988,107.32677738967304,1197.4868459159045,141.64892076386545,110712.70296871859,0.5776155929818884,-0.024581901674512695,0.8159386967500967,750.0762263008615,1094.2833399845524,-11.172343112452332,-532.7177212110552,148659.00105080655,108.02081765695279,1196.067997974564,141.42720171096775,110619.64540509926,0.5801246789580983,-0.026200049782165672,0.8141062057589142,749.3472776099004,1094.451515831628,-10.801308161209684,-533.1362211995735,148716.60538883627,107.86377819550609,1196.6459603631245,142.12817034456307,110641.41509728729,0.5792379807527933,-0.026251884440798227,0.8147356627868537,749.8738635169566
188,-34.110091743119256,1098.5059974833061,-10.073035887433916,-525.152565799869,148812.56902083068,105.2849997006287,1197.6552789291286,141.53474261044354,110694.49040057485,0.5717209259517632,-0.02351310338111888,0.8201111612447715,750.0924740336294,1098.1341523214485,-10.584070908043255,-524.6494764015995,148673.12369860167,106.09930737862793,1196.165513230915,141.72286899672238,110605.00303264777,0.5741408409681307,-0.025448948972846476,0.818360950759862,749.3583741583908,1098.274413722464,-10.211336132702733,-525.1657713217788,148734.14057895055,105.61373135157835,1196.8708492388128,141.70950312995356,110629.62496574805,0.573336839498393,-0.02485318853681702,0.8189427254048646,749.8964231076689
189,-33.70642201834862,1102.2661432370178,-9.504036218922828,-517.1693471641195,148828.66870097312,103.21953430055208,1197.8232358015073,141.40872632022393,110675.79514067533,0.5657890722222237,-0.022437432169596372,0.8242446768960963,750.108573446509,1101.8019855021546,-10.136447755147161,-516.9048995086719,148689.04465492858,104.11239468573552,1196.3801090900115,141.4079568730173,110606.38116103964,0.5683684860243589,-0.02425717526218746,0.8224164720764523,749.3816416430377,1102.0257913556693,-9.556455911527967,-517.2119302635883,148757.1140346511,103.30379809671639,1197.1062386698961,141.24887527407324,110615.21440239853,0.5674387990358332,-0.023412772256377855,0.8230826516480847,749.9298940961884
190,-33.30275229357798,1105.9718291449672,-8.904469564049526,-509.1508089294075,148845.3767561307,101.13170598316226,1197.9904625019446,141.27118367876295,110656.63507431,0.5598205358853032,-0.021356104712894817,0.8283386290597485,750.1244890021754,1105.5361684265843,-9.510313340425794,-508.82960623534444,148710.05166559163,101.97339195687742,1196.5647358121319,141.2506606782222,110589.56606256652,0.5623513045270444,-0.023116499930244217,0.8265752462587459,749.4001095906259,1105.732032926142,-9.180089761785089,-509.20287038828974,148767.30944079655,101.73118382111835,1197.1675779208906,141.69476026982792,110597.52116320789,0.5614739540988652,-0.02295933057838683,0.8271758386268168,749.960311726493
191,-32.89908256880733,1109.6224098456287,-8.275120940144284,-501.0978057742043,148862.6561469767,99.0228408390817,1198.1567124021135,141.12242955635483,110637.02816705559,0.5538158342864197,-0.020270322541382606,0.8323924169030525,750.1401856590494,1109.2866612085845,-8.707584691450647,-500.56392786146455,148724.06713708097,99.59462765159068,1196.775424276056,141.00758845913714,110563.54651892769,0.5561827010273659,-0.021822991099949573,0.8307734710120174,749.4288386742342,1109.3624053931312,-8.254555543238926,-501.18349254521183,148794.07525944588,99.19669913942278,1197.393409557159,141.30378451014312,110566.18537065858,0.5555127156085609,-0.02149338233801088,0.8312302071705975,749.992661337499
192,-32.49541284403669,1113.2172577991128,-7.616808251997112,-493.0111994144153,148880.4688600399,96.8942662041214,1198.321746556477,140.96278190863143,110616.99246719986,0.5477754978708901,-0.019181271416632978,0.836405453568507,750.1556288867221,1112.8900973675584,-8.048234654993973,-492.4559152042128,148737.77599071272,97.49972189425947,1196.9370914660146,140.9382579559526,110549.05077854538,0.5501158042939304,-0.020792826274931637,0.8348294797391516,749.4453470351743,1112.8921306033628,-7.896106143061318,-493.2912847596786,148804.48912796957,97.4288564069932,1197.5504496133256,141.15692633222756,110549.26536049247,0.5496145681315878,-0.020560011628141008,0.8351653204122996,750.026373423842
193,-32.091743119266056,1116.7557636956992,-6.93038190204932,-484.8918581776955,148898.7759215512,94.74731060456612,1198.4853339670638,140.79256177334435,110596.54610811584,0.54170007001367,-0.018090120709702773,0.8403771663246767,750.1707846812541,1116.4326805809978,-7.178817371723361,-484.32156878359206,148757.16405670813,95.1034038150876,1197.1410503626123,140.65627312504816,110532.80669068152,0.544024438875744,-0.019491673354082344,0.8388429439268054,749.4642550436906,1116.4627999263023,-6.9959720650262165,-485.02788418150953,148836.92540885348,95.0809096342587,1197.6892337573538,141.10210035361794,110528.9597708986,0.5434488212652174,-0.019437277973184543,0.8392172370074621,750.0229493238827
194,-31.688073394495405,1120.2373368486287,-6.216724378555389,-476.740656580318,148917.5374115289,92.5833036996112,1198.6472518329288,140.61209326345514,110575.70731058586,0.5355901068327729,-0.01699802278453567,0.844306996704561,750.1856195803579,1119.9534338801086,-6.535855912375371,-476.05899662645834,148773.8205092133,93.09530163090159,1197.265197500616,140.70261425734228,110515.86153015234,0.5378297888096951,-0.01861006485027571,0.8428480193695582,749.4837873172426,1119.9897763505946,-6.335481601149768,-476.79811765177385,148857.0346721381,92.94542695091975,1197.8651361775392,140.8856543441631,110509.75656573518,0.537286714377667,-0.018314168218473606,0.8432007932845632,750.063109898751
195,-31.284403669724767,1123.661405570535,-5.476749822166853,-468.55847490712785,148936.7124780878,90.40357622111623,1198.8072857841867,140.4217035566658,110554.49438507439,0.5294461769868521,-0.01590611238711715,0.8481944006315624,750.2001006784367,1123.4782016475413,-5.745529771329567,-467.664704816086,148790.05325102108,90.74978836522541,1197.4806384537058,140.33034406009048,110484.97750711329,0.5315182474662838,-0.017298334134202422,0.8468701909068189,749.5241233305023,1123.324984819593,-5.638725449662301,-468.8459002741292,148876.53570940022,90.81061063026829,1198.0406852997908,140.60638848902263,110476.57362168001,0.531322256744525,-0.01716329208762825,0.8469959155111787,750.0893779366878
196,-30.88073394495413,1127.0274175330037,-4.711403571413534,-460.34619879509575,148956.25935198512,88.20945991084011,1198.9652301005628,140.22172288153013,110532.92573395236,0.5232688614574355,-0.014815506041003308,0.852038848533204,750.2141956415119,1126.8674343744199,-4.827384006767448,-459.36273304801364,148819.96911103916,88.4644243479166,1197.6191435304395,140.326004368753,110463.61745548615,0.525285185657741,-0.01628102179841196,0.8507704755442047,749.5645159786094,1126.66333163217,-5.048373159176791,-460.7264521821247,148895.34344804956,88.79950527185402,1198.2033630422175,140.36314416540438,110462.01943416298,0.5252115760712133,-0.016096143192864197,0.8508194370929164,750.1042898804684
197,-30.47706422018348,1130.3348401086705,-3.9216616875838826,-452.1047188209908,148976.13536138018,86.00228745533367,1199.1208879143626,140.0124845002889,110511.0198536699,0.5170587533163249,-0.013727301449838143,0.855839825442748,750.2278727220018,1130.04217739629,-4.195837755734899,-451.4903329000376,148865.2266116606,86.22796181179521,1197.8795762023117,139.4815295912559,110438.24424063234,0.5193411437041084,-0.014702555888070856,0.8544405253184487,749.6155004582431,1129.991868507039,-4.396562285059145,-452.4336858504347,148918.287010432,86.80511662538872,1198.3249938633642,140.33757615304975,110451.79737100926,0.518964315846576,-0.015203257015579704,0.854660692821434,750.1139029480622
198,-30.073394495412842,1133.5831606953675,-3.1085304595282945,-443.8349300936745,148996.2969468243,83.7833924186683,1199.2740713977878,139.79432468858084,110488.79533688059,0.5108164574786962,-0.012642576907467475,0.8595968310888855,750.2411007733765,1133.290819327468,-2.6850997150999825,-443.2803531862139,148904.53753616547,82.94385115781404,1198.2405291006398,138.40036595014243,110410.5046610984,0.513130030836684,-0.012521645582835911,0.8582195405870467,749.6806346759194,1133.230360341363,-3.5249418665947743,-444.2201154620577,148939.2834641135,84.37411746669925,1198.5530000012805,139.7208114127109,110428.20072647162,0.5127693432808074,-0.013719822992069938,0.858416779337657,750.1280195336344
199,-29.66972477064219,1136.771887021804,-2.2730458889341314,-435.5377318515044,149016.69967646268,81.55410917318362,1199.424601934531,139.56758271218186,110466.2708745151,0.5045425904424422,-0.011562390716247742,0.8633093799736888,750.2538492646684,1136.3996378073148,-2.489105895191276,-435.1961896989757,148912.43482735768,81.68170019415398,1198.2613310329743,138.81187189828844,110412.76364333995,0.5070072321494482,-0.012281419488901059,0.8618542993357364,749.6838854706465,1136.3900705877045,-3.237546017114986,-436.02322902061013,148954.0694567719,82.96315282585367,1198.5911167726665,140.07465310338316,110421.7670116194,0.506565004910469,-0.013373558562574201,0.8620980476323038,750.1214163083971
200,-29.266055045871553,1139.9005474343066,-1.4162731566412314,-427.2140270653515,149037.29826145383,79.31577282844445,1199.5723102755737,139.3326008009346,110443.46525780596,0.49823778001432695,-0.010487780614139321,0.8669770014390145,750.266088294846,1139.3818855820882,-1.6139582561720962,-427.3345980802738,148948.38115697657,79.20754501393694,1198.548385727372,137.81163674770517,110379.08673366474,0.5010292807622977,-0.010533580818258932,0.8653662250711891,749.7274914054701,1139.5641304062337,-1.7914794640242566,-427.5823069420321,148984.98972680586,79.79604552308955,1198.891763034073,139.07970232388305,110384.82051346346,0.500183130583488,-0.011340641565942932,0.8658453821142514,750.1392915361953
201,-28.862385321100916,1142.968691164159,-0.5393060705908032,-418.8647220476742,149058.04657160002,77.069719158598,1199.7170366791254,139.08972412003055,110420.39738026308,0.49190266502352814,-0.00941976321116308,0.8705992397215818,750.2777886070427,1142.5140982214114,-1.204241210506334,-418.8415910644404,148973.03879928248,77.59859808835964,1198.6159018207993,137.98378768601722,110351.97839290141,0.49458742440834264,-0.009999134967087677,0.8690703636167971,749.7616170708246,1142.6914020983952,-0.7853019562165118,-419.0669703113424,149011.702290138,77.39027312870128,1199.0484515372468,138.82704154990327,110367.27687130886,0.4937246790541544,-0.010172441409425928,0.8695587747407554,750.1503687983987
202,-28.458715596330265,1145.975888575113,0.3567335039815972,-410.49072606814076,149078.89765118572,74.81728452832706,1199.8586310346307,138.83930073881038,110397.08623960029,0.48553789502316697,-0.00835933343578724,0.8741756539969421,750.2889216026418,1145.5779999487204,0.3822034587451339,-410.2704762273361,149007.5152372599,74.49324779199715,1198.8393523491889,137.43254053593444,110320.21846293012,0.48806798331096696,-0.008351637960099804,0.8727656580148815,749.7957744161056,1145.703154826811,0.31107760285555897,-410.68989106284204,149031.95700484267,74.80152324862463,1199.258942353875,138.21745660123167,110332.05755984386,0.48735667543790706,-0.008692410069501385,0.8731597293240763,750.1603588848652
203,-28.055045871559628,1148.9217313906584,1.2706962314769932,-402.09295097623567,149099.80373502139,72.55980581759937,1199.996952970806,138.5816815972569,110373.55093961359,0.4791441299804325,-0.007307463991799996,0.8777058184125835,750.2994593552135,1148.4911433410264,1.8158718470878903,-401.8936531036521,149040.30372796982,71.61410100963505,1199.0295925149342,136.91161303557533,110292.39975854612,0.48168096091525864,-0.0068404726383302855,0.8763199528858381,749.8110520599532,1148.6294797855758,1.529373835181407,-402.2970452110037,149058.6202223582,72.18008954438672,1199.4220806966287,137.80626999708218,110297.48865223388,0.48097394355289136,-0.007365499387040109,0.8767039494846364,750.1468265421565
204,-27.65137614678899,1151.8058329006733,2.2014059093383778,-393.6723108312889,149120.7162646887,70.29862034541233,1200.131871947642,138.3172204703493,110349.81069201083,0.47272203995592704,-0.006265104826209439,0.8811893221104212,750.309374624301,1151.3629359395247,2.5411181911174263,-393.51935528800976,149060.47145586507,69.6882184281223,1199.119772743945,136.93265019078927,110273.82231427875,0.47528929381078483,-0.006115763093535711,0.8798083226650161,749.8338759162726,1151.6148943783032,2.876664704000883,-393.4851774139449,149085.3940186348,69.48511663296111,1199.5395780864017,137.67499092686825,110269.08844755821,0.4742581356238893,-0.0062314846108737785,0.880363782418437,750.1280077978402
205,-27.24770642201834,1154.6278281470861,3.147660087263487,-385.22972154035637,149141.58590498377,68.03506579273774,1200.2632673323117,138.04627393045874,110325.88481819429,0.4662723047728698,-0.005233182608699217,0.8846257692389364,750.3186408690557,1154.1881408580182,3.160544478983427,-385.1111246808616,149068.72269004947,67.86409175954253,1199.2163402903502,136.909656328633,110259.48728927891,0.4688526515905919,-0.0054150537156315084,0.8832597965999176,749.8429763621392,1154.4988320564455,4.173838806158204,-384.7279838903207,149113.74118936542,66.9230377262921,1199.6179747433503,137.69936237184004,110238.89566281954,0.46757864108647995,-0.005286249573706862,0.8839356707165772,750.1073340839259
206,-26.844036697247702,1157.3873740882168,4.108230701540568,-376.7661005043614,149162.36256055615,65.77048012487018,1200.3910284589533,137.7692013079574,110301.79275099504,0.4597956136768125,-0.004212600223153128,0.8880147789552398,750.3272322617164,1156.9224151691428,3.536051431937617,-376.77601787494166,149075.6629360335,66.3508940891144,1199.281914139276,136.99591678878895,110243.3330694061,0.46245746898528134,-0.004927543678597498,0.8866277734726242,749.8499481815012,1157.272998475603,5.407469979608091,-376.15022352956197,149133.3813475438,64.35656249261757,1199.7523704008343,137.38765538374489,110205.07500314359,0.4610141413929409,-0.00411226059117968,0.8873832603495289,750.0943312425691
207,-26.440366972477065,1160.0841497415063,5.0818647238094385,-368.2823662728935,149182.99539273905,63.50620151338494,1200.5150546722934,137.48636465022636,110277.55403636118,0.45329266498652077,-0.003204236271746911,0.8913559854173487,750.3351237009324,1159.6695182417366,5.314377136397855,-368.05043367971956,149110.82331322064,63.11420999944865,1199.482139027303,136.36504686905582,110213.84800591902,0.45575974901036653,-0.0032729137564034413,0.8900968145193817,749.8786379109267,1159.920226030397,6.116925865982782,-367.80784165046623,149150.66389546412,62.465950484986266,1199.8308684264343,137.3268053971792,110184.94723012352,0.4546224827731092,-0.0033944545360333517,0.8906777620641578,750.0844325268567
208,-26.036697247706414,1162.7178563043205,6.067284823534246,-359.77943820804825,149203.43283656694,61.24356825791187,1200.6352553550398,137.19812867923713,110253.18833499908,0.44676416573670863,-0.002208944592089389,0.8946490377669737,750.3422908249236,1162.422188748328,6.2909983587402065,-359.0660615405135,149120.29017956188,61.058799585253816,1199.4746812014655,136.87911281079838,110189.32691081343,0.4488779873230297,-0.0029346106468586043,0.893588238819859,749.8758993959576,1162.4236291340733,6.729585679105866,-359.7784490929089,149163.14637948415,60.651672164498606,1199.9486510650067,137.01766061091712,110159.99271042492,0.44845667494099456,-0.0025355371831396905,0.8938009743517066,750.0761832756518
209,-25.633027522935777,1165.2882172526065,7.063190043462715,-351.2582361576771,149223.62261797927,58.983918707930144,1200.7515499390627,136.9048607478906,110228.71542396922,0.44021083131329836,-0.0012275537878783712,0.8978936001031264,750.348710024486,1165.0397857215992,7.637613713031995,-350.1738253596903,149138.3894472597,58.589869990198835,1199.477163379336,137.23055921902974,110163.56163004244,0.4420520032306283,-0.002345118420305698,0.8969863582348304,749.8652894884979,1165.1483662240103,8.275777223878379,-350.58787539120397,149182.03775354993,57.77492775061569,1200.0452183312664,136.83325791833326,110126.0594884153,0.4413910700579047,-0.0013970286263098783,0.8973137531455513,750.0384238110001
210,-25.22935779816514,1167.794978417149,8.068256487333452,-342.71968013839853,149243.5117712043,56.728591184790695,1200.8638679002831,136.60693079529332,110204.15519823569,0.4336333850819058,-0.0002608667735199356,0.9010893514468663,750.3543584558224,1167.603022613816,7.994082418482847,-341.48303084322225,149152.2493957875,57.169421918066135,1199.4947461174356,137.55786077088112,110142.45267881535,0.4353676122671734,-0.002127255537311609,0.90025025241466,749.8965423723419,1167.6095147628823,9.939706952982696,-342.1412405359651,149211.06476096754,54.62081229006136,1200.284075804869,135.72134605070096,110085.93135561165,0.4348808592889486,0.0005131722505664643,0.9004878538205537,750.0373648808018
211,-24.82568807339449,1170.2379080372432,9.081138019084692,-334.16469002870633,149263.04665632072,54.47892390416974,1200.9721487372942,136.30471130115248,110179.52767217257,0.42703255801025286,0.0006903396668585134,0.9042359856975195,750.3592140532198,1169.995154074776,9.375725063542786,-333.12930924217613,149181.536013642,54.353313303477705,1199.7394146045185,136.54172284698618,110117.5857327443,0.42888188219822854,-0.0004177803335152051,0.9033604798648751,749.9206607330709,1170.0428787577569,10.713497291525602,-333.60098752513136,149225.12914755387,52.72218680187891,1200.3398734978175,135.7283678565372,110069.11653418488,0.42829245014982803,0.0011213539702748477,0.9036394854752254,750.0307040311671
212,-24.42201834862385,1172.6167967915883,10.100466972805767,-325.59418527249875,149282.17297699433,52.23625489915679,1201.0763419336517,135.99857723946747,110154.85298102388,0.42040908828521845,0.0016253153055887169,0.9073332115807009,750.3632555415443,1172.3134050903543,10.523745848879868,-324.81193088086394,149208.06902826802,51.87756794314999,1199.934497156386,135.76561672281073,110102.41516241289,0.4224173467117182,0.0009754122571526284,0.9064009233048919,749.9370880678308,1172.40910052488,12.194449555032534,-324.96500491339987,149258.1930468885,49.91957899630707,1200.4828290980545,135.09444278254063,110035.5394452542,0.4216234399304731,0.0025086475705000206,0.9067675455090801,750.0225323652946
213,-24.0183486238532,1174.931457806293,11.124854872667532,-317.0090845933342,149300.8357983846,50.0019219441787,1201.1764069038618,135.6889060317021,110130.15138232219,0.41376372092524394,0.002543336882441574,0.9103807525884976,750.3664624485768,1174.6092388394468,11.462432007703734,-316.3003220457658,149233.79496883973,49.72473601643316,1200.0510136392086,135.3845186712824,110075.14293154336,0.41581551082814266,0.001939653131606313,0.9094469191219793,749.964668552506,1174.6421888351479,12.464783765296714,-316.78237532922304,149270.96570461077,48.621391579192135,1200.5276890634887,135.14646524670928,110028.9233350402,0.4152936391338287,0.0028513169456370257,0.9096829465735062,750.0489523695276
214,-23.614678899082563,1177.181726639828,12.152893162058389,-308.41030571969713,149318.9795652189,47.77726247995698,1201.2723129230203,135.3760774996075,110105.44325726239,0.40709720738882077,0.0034437085000320242,0.9133783469121601,750.3688151171675,1176.9291168481718,12.860677772701091,-307.2660917763987,149236.13018030443,47.11326269386139,1200.1149062410764,135.23058135583327,110047.64854801666,0.4088067722308338,0.002858415977278402,0.9126164870504523,749.9589929222409,1176.8956280747318,13.809291818384208,-308.068175796242,149288.24977064645,46.057388234905474,1200.6219463976558,134.79031351362295,109998.34358100806,0.4085367613714897,0.003909455606295677,0.9127334938331984,750.019957343828
215,-23.211009174311926,1179.3674612448733,13.183153941149577,-299.79876512155226,149336.54812002956,45.56361353969539,1201.3640390401165,135.06047381787803,110080.74911203417,0.40041030517978743,0.004325762003292954,0.9163257473676709,750.3702947172175,1179.0660640587355,13.753944677164974,-298.89044798346134,149260.19054069556,44.94062133788368,1200.285791053519,134.4001492223451,110021.54911633465,0.40228066667867796,0.0041388432407129415,0.9155070372166384,749.9882965285956,1179.0038820547709,14.313077632906268,-299.8525329089997,149285.0438114089,44.473826449379565,1200.6946775080753,134.612805465048,109973.06805565962,0.40215393075580824,0.004489900917806414,0.9155610611900229,750.0065764054236
216,-22.807339449541274,1181.4885419069788,14.214190712107625,-291.1753777584376,149353.4847215521,43.362311676688705,1201.451573975005,134.7424794668088,110056.08957911315,0.3937037774501703,0.005188857342682054,0.9192227213145594,750.3708832574856,1181.1882814939345,14.580128722351043,-290.2005435888431,149267.36577517353,43.01542397735923,1200.3259756237117,134.35411767338508,110004.08695167131,0.39552152692711673,0.004720299212979565,0.9184445767233764,749.9892114626479,1181.1064423145024,15.400670328133986,-291.268523844842,149306.2029398462,42.24162608119949,1200.7714792946558,134.3460245923509,109950.98054470232,0.39548035248567104,0.005342103440879031,0.9184589009469266,749.995281910522
217,-22.403669724770637,1183.544871160005,15.244539131169718,-282.5410568393414,149369.73206327844,41.17469289354212,1201.5349159990274,134.42248118512705,110031.48541851045,0.38697839260130984,0.006032382920805634,0.9220690505683419,750.3705635972156,1183.2735462611918,15.334347552438217,-281.47176807432083,149282.40457091443,41.11861754898422,1200.4048937247533,134.10278169477547,109975.96751302193,0.3887177364019693,0.00543306761829563,0.9213408724151905,750.0027991813716,1183.1393781978497,16.386075612048174,-282.72112413451174,149326.7154559826,40.12353808585693,1200.8472635494168,134.04610910360634,109929.47413755146,0.38882677889459083,0.006164115717632626,0.921290258111892,749.9814898037172
218,-22.0,1185.5363736783427,16.27271776679618,-273.89671359457196,149385.23229216435,39.00209257318356,1201.614072799304,134.1008679231628,110006.95751898254,0.3802349238840085,0.00685575592216287,0.9248645313069681,750.3693194575716,1185.1746163388182,16.565390614143112,-273.23088071623795,149321.4291495167,38.62380765449884,1200.59600219516,133.0617601369291,109972.21260003795,0.38224963196288847,0.006937905758061878,0.9240330536987996,750.0165596194194,1185.128209614535,17.641207364303966,-274.01066120284884,149344.9110018627,37.7464877303621,1200.9079936219293,133.8334253147786,109908.28106056796,0.3820318599556622,0.006986679931935662,0.9241227430825117,749.9685122926667
219,-21.59633027522935,1187.4629961459223,17.29722886311353,-265.24325705984234,149399.92702748431,36.84584541184941,1201.6890613267135,133.77803079652307,109982.52689920187,0.3734741489984473,0.007658422625734516,0.9276089739716684,750.3671354329045,1187.20021367893,17.273494987686394,-264.04825237594054,149310.09605988287,36.91978511706128,1200.5467715025936,133.5572835603216,109929.62670065231,0.3751021681641154,0.006970953304130402,0.926957263981793,750.0015985168669,1187.0165782741576,18.290769218175697,-265.6472726202383,149353.778319795,36.00009847583497,1200.996314328011,133.46285748898438,109886.66190660914,0.37549766161458,0.007714754750468892,0.9267912325227956,749.9650731768934
220,-21.19266055045871,1189.324707102068,18.316559107863476,-256.5815938727409,149413.75737983471,34.70728535421589,1201.7599076275533,133.45436304042724,109958.21470888908,0.36669684969461147,0.008439858700160119,0.93030220316259,750.3639970018246,1189.013915546828,18.215978615254443,-255.58454884942503,149325.76556612478,34.82961271820119,1200.6518549953646,132.98298639776363,109911.14839416492,0.36846020803229235,0.007948853072370279,0.9296095367581132,750.0056759738237,1188.8282628094237,18.97588941603937,-257.31797014902344,149368.59601517103,34.27625731023887,1201.0548242158554,133.27733182940622,109870.84173542997,0.368986990827472,0.008286508921704495,0.9293976190899016,749.9800354593332
221,-20.788990825688074,1191.1214967642645,19.329180404074968,-247.91262808176845,149426.6639702739,32.587745530844764,1201.8266466589196,133.13025996485982,109934.04222990709,0.359903811373973,0.009199569481267949,0.9329440575296286,750.3598905380834,1190.7071316314093,18.92448009352027,-247.36539771588306,149333.04415487693,33.089198463437555,1200.6980982462974,132.73483034588767,109894.47456075619,0.3620083564144644,0.008557941608708975,0.9321355649912302,749.9957749129368,1190.6751119077014,19.9769677755211,-248.42361745285743,149379.32072415992,32.19418175458277,1201.0953994773768,133.1803522884394,109848.60393266738,0.3620212196758131,0.008874582618377428,0.9321276083711856,749.9713983903372
222,-20.385321100917423,1192.8533768279433,20.333550644680226,-239.2372609680922,149438.58694960602,30.488558198104034,1201.889322087811,132.80611891068696,109910.03087731909,0.3530958226931707,0.009937090231742192,0.9355343896588512,750.3548033212729,1192.462199005498,19.537741283222143,-238.1554250535598,149308.39607442738,31.481504202148425,1200.5791418116921,133.19229744131636,109863.25032516834,0.3548041936350052,0.008537439047597321,0.9349016506101174,749.9292091451988,1192.4073290506585,20.933845176236186,-239.81945406940878,149384.38817175434,30.134490471917132,1201.180278125336,132.76292201405414,109829.52163383899,0.3552639128039541,0.009692279462788536,0.9347157920876484,749.9664183478367
223,-19.981651376146786,1194.5203802434064,21.328114489300336,-230.55639088015218,149449.46601779517,28.411054680719303,1201.9479860739928,132.48233920688315,109886.20220041,0.34627367517043034,0.010651986382731798,0.938073065954921,750.348723547328,1194.0946400109488,20.34223235557507,-229.12032236702166,149317.27006649424,29.650137829585518,1200.487096255782,133.37173858632949,109866.2767055107,0.3477154179528559,0.008802742959139184,0.9375587980677618,749.8879007236457,1194.0629778227244,21.73469333685245,-231.3001536137431,149395.82681647598,28.289672603779703,1201.2404679942335,132.51656988423943,109818.25685062692,0.348569360302597,0.010304164051164725,0.9372263468668841,749.9681330796375
224,-19.57798165137615,1196.1225609700523,22.311304142433677,-221.87091308124099,149459.24044351187,26.35656531710197,1202.0026990366428,132.15932212900483,109862.57788367303,0.3394381627954641,0.011343853757225611,0.9405599665199316,750.3416403388335,1195.1519235141297,22.20181210084111,-220.57948033202038,149290.94599980567,26.607003773157295,1200.135566375996,132.4767836655466,109694.732807915,0.34105353509039693,0.010127199458988049,0.9399893222975787,749.4430358332286,1195.6703241760156,22.77146408149824,-222.6571112128632,149403.11388457922,26.184317425478504,1201.3085079399482,132.17337435084536,109789.11268887136,0.34176836449340126,0.0110423083956157,0.9397193477080281,749.9561383593103
225,-19.174311926605498,1197.659993708075,23.28154013228555,-213.18171961016247,149467.84908380697,24.326419407595417,1202.0535294048148,131.83747085904218,109839.17974776318,0.3325900816435857,0.012012318775038012,0.9429949850290615,750.3335437551448,1196.3551103432803,23.71229326742147,-211.9417369592002,149224.72012227032,23.887794120410035,1199.9890211290112,131.41575893261222,109622.84890471846,0.33420350935844234,0.011505740527089636,0.9424307042257404,749.1087541348278,1197.2190049236515,23.57259531247558,-214.02645410423133,149411.17361151014,24.35687601655044,1201.3565777812316,131.97876275635096,109776.80229571629,0.3349698172573324,0.011578302685521135,0.9421577173878649,749.9606846820652
226,-18.77064220183486,1199.1327736078342,24.23723208948832,-204.48969915505074,149475.23040390664,22.32194516577004,1202.1005533517339,131.51719044677523,109816.02975041533,0.3257302294947705,0.012657038639268918,0.9453780286034621,750.3244248022947,1197.7506489647585,24.164448008037073,-203.3836070444154,149218.94272769176,22.41235195397252,1199.9700091616799,131.13184205925754,109618.57829947412,0.32744479878037946,0.011985468774373014,0.9447942909913962,749.0531094284169,1198.715552753942,24.70378957371968,-205.23186290836782,149418.3881150729,22.160893611599302,1201.4162360199095,131.62936329658984,109748.94761725751,0.32802860927885025,0.01231354884365222,0.9445875332701881,749.9454045845081
227,-18.36697247706421,1200.5410159571434,25.176779524970073,-195.79573694042486,149481.3224971294,20.34446967288996,1202.143854512995,131.1988877727493,109793.14998733257,0.31885940545838765,0.013277701504121118,0.9477090176807916,750.3142754427157,1198.986441785441,25.32508450864534,-194.53195053982049,149198.24895350102,20.09065995429593,1199.9030677555743,130.1879721093029,109560.4367315266,0.32044532670323017,0.013162796293260426,0.9471755557381124,748.8913521690383,1200.1409071828,25.98435792191023,-196.4218459886909,149428.64578771952,19.797768160363567,1201.4906385336108,131.11417233856622,109730.38294220238,0.321057505778456,0.013208022347692062,0.9469675950786172,749.9342736650569
228,-17.963302752293572,1201.8848558467075,26.098572606241834,-187.1007146275323,149486.0631049178,18.395318835667144,1202.1835236886634,130.88297151298397,109770.56269304192,0.3119784096043279,0.013874026623977125,0.9499878858838103,750.3030886047534,1200.2434747277744,25.5137629345106,-186.54838070095158,149215.1332703923,18.94165716253047,1199.9661309624023,129.7371135140465,109575.74044834083,0.31411229324882795,0.013695402829960814,0.9492870499334158,748.8848681678205,1201.5256129887648,27.41395328426809,-187.35223049108302,149439.73166650333,17.299445792415973,1201.5329372073822,130.77886725862544,109710.74019906511,0.3138730767106256,0.013971967369405047,0.9493621415687663,749.9168565254386
229,-17.559633027522935,1203.1644478139976,27.000992931384697,-178.4055102280195,149489.389636981,16.47581734740542,1202.2196585293423,130.5698521055141,109748.29024172045,0.3050880426012316,0.014445764483655728,0.9522145798874495,750.2908581919778,1201.4517308748789,25.952257954485844,-178.1846389905911,149211.16549751154,17.547379697388784,1199.9567358215895,129.5302679011999,109558.87031730464,0.307487415045893,0.014075243243986938,0.9514480422577037,748.83920139203,1202.8079142227361,28.062140745167476,-178.81877922602897,149445.49094700627,15.677305910981914,1201.570243269871,130.60098840931713,109693.16888636045,0.3071168200128621,0.014376879370640135,0.9515632213388395,749.9173303416023
230,-17.155963302752284,1204.3799654658587,27.882414300033258,-169.7109980309538,149491.2391915474,14.587288652630836,1202.2523632062425,130.25994171885804,109726.35514799165,0.2981891053625317,0.01499269690978744,0.9543890592847679,750.2775790922886,1202.6245803762793,26.7954432984456,-169.22133647842648,149202.10274841037,15.698603886510075,1199.8922806929427,129.3774204013551,109522.9716982,0.3003908858399512,0.014498700675160231,0.9537059837198367,748.7687655726731,1204.0359633617768,28.89136009965896,-170.12441347139452,149447.2597440523,13.856870105958917,1201.6020034966189,130.38332616807148,109668.04255941721,0.3002196730252067,0.014845037248684292,0.9537545663312564,749.9159250796585
231,-16.752293577981646,1205.5316010801628,28.741203480664694,-161.01804854320432,149491.54857572014,12.7310549152925,1202.281748065284,129.95365422249884,109704.78006769414,0.2912823987010024,0.015514637163264367,0.9565112964522074,750.2632471868118,1203.7492716003474,27.609525772796793,-160.05844169693057,149173.31299844952,13.872505234342038,1199.8092081106195,129.29965253165278,109476.72692830686,0.2931269715090143,0.014830585618698393,0.9559584887975837,748.6843897086943,1205.2267294129015,29.877663770342654,-161.11012867505093,149447.17743544618,11.858843290960653,1201.616011505121,130.22002132455808,109638.45720429244,0.2930563797315,0.015290511409624459,0.955972885891383,749.8970005574923
232,-16.34862385321101,1206.619565186869,29.57572097352038,-152.3275284431779,149490.25432593422,10.908436990606841,1202.3079292653024,129.65140515945234,109683.5877986239,0.2843687229925008,0.016011430012738425,0.9585812764145571,750.2478593585977,1204.7372383442696,28.450945241106723,-151.885627011843,149173.53866021745,12.112748432698972,1199.8016917410635,129.05646567135742,109460.25178467379,0.28662557811660233,0.015296477913416016,0.9579205581533199,748.6506545736146,1206.330688444914,30.74681091227928,-152.36552428799482,149449.54687107913,9.998809814190802,1201.6512450856617,129.92912292139593,109613.06249712425,0.2861018180772108,0.01579526066738651,0.958069026445049,749.8924560350138
233,-15.944954128440358,1207.644086128828,30.384321768502126,-143.64030054788321,149487.29272850993,9.120754400609492,1202.3310284003758,129.35361172099095,109662.80128124914,0.27744887784958155,0.016482951789157464,0.9605989967100341,750.2314135010918,1205.7423088486087,29.099151593910662,-142.99789420151717,149152.64053572385,10.474672311235208,1199.7751457662428,128.82107536234653,109446.6249344901,0.27954465134100825,0.015699554225346062,0.9600043291067805,748.5895381261463,1207.4468942764709,32.05866285177834,-142.5714724064548,149455.45300445042,7.6090804666726575,1201.6375687166244,129.78825536941338,109575.27751843834,0.2782944445673925,0.016264053210786198,0.9603581012810185,749.8713199247424
234,-15.54128440366972,1208.6054098137708,31.165377063610453,-134.95721491311477,149482.6008130001,7.36930284057859,1202.3511724509979,129.0606874726692,109642.44319282362,0.27052365458541616,0.016929119008282707,0.96256446913407,750.2139092759045,1206.5931324768978,30.301705724819534,-134.60718021564085,149159.62518266897,8.326030904383753,1199.7471866371632,128.3940314853166,109412.72721124995,0.27286210933391897,0.016363427360036802,0.9619139813594961,748.5494046371767,1208.3738213299405,32.568918502854004,-134.43526499050486,149449.66250367352,6.191351808698631,1201.6778995983098,129.5322048974843,109557.95823829339,0.2718113206192113,0.016619973830157873,0.9622070372082742,749.8662075883218
235,-15.137614678899084,1209.50380306571,31.917948721714804,-126.27882461739571,149476.14774141347,5.654634320675921,1202.368503216654,128.77287379973762,109622.52290172483,0.26359360409693083,0.0173501590798907,0.9644777777943321,750.1953719929214,1207.4129097294817,31.37295136535438,-125.60462132469846,149136.55526586185,6.256443375687573,1199.6699893719672,128.0195384527563,109357.75615278947,0.2656914145228613,0.016927649288094676,0.9639095014255334,748.4670831265877,1209.2837680776918,33.21905346725029,-125.66700015508408,149441.40009993708,4.572670272828232,1201.695510760641,129.28537807004466,109537.73350745055,0.264809386830433,0.016990353499227447,0.9641510859478724,749.857225277091
236,-14.733944954128432,1210.3395405460756,32.64194160052213,-117.60532698205655,149467.94240886814,3.976405443459633,1202.3831735676808,128.49020281272217,109603.03361133275,0.25665898535614123,0.01774664721070444,0.9663390821801294,750.1758570174117,1208.2381067612832,31.77611594624877,-116.73156231851087,149101.4622813572,4.911300446107007,1199.617501666531,128.03823297055848,109333.73744414684,0.2586054689747089,0.017019464827306145,0.9658330855967625,748.4127482924548,1210.1198808444292,33.683391788087945,-117.113220969477,149431.20408787808,3.173557301943342,1201.7103348918038,129.09088217946902,109521.85226821734,0.25797459649375726,0.01726623263159894,0.9659974041241491,749.842595163733
237,-14.330275229357795,1211.1128899421026,33.33732311070236,-108.9368968531746,149457.99749997215,2.3342192081249005,1202.395331748792,128.21269325847973,109583.96753349816,0.24972003473516646,0.01811917445066644,0.9681485422026382,750.1554213629759,1208.976477379732,32.48059944241418,-107.7842440168747,149079.47330632783,3.2356301342912124,1199.5740112720512,127.78012475496351,109314.65959099265,0.25144509249519337,0.017388556684030013,0.9677153525477055,748.354698164993,1210.909712192716,34.49715549571993,-108.09279264397561,149424.08358215797,1.354679157140625,1201.7388134202831,128.60829632291544,109498.66024903062,0.250744202949841,0.017836446593930858,0.967889046254761,749.8301665449095
238,-13.926605504587144,1211.8241113356034,34.00407337720741,-100.27370778684308,149446.3271869882,0.7276783264291057,1202.4051205995058,127.94036297480538,109565.31684849695,0.24277698330835415,0.018468326941705023,0.9699063136590407,750.1341218856501,1209.5993686876934,33.26154718358235,-99.42684964909081,149058.9223005524,1.5052413983403237,1199.587283698172,126.97102392206337,109280.19562448702,0.24473595689072,0.018208948947320426,0.9694187668820001,748.2743551636128,1211.6280189708564,34.91976834217174,-99.41305272977989,149412.93345684878,0.009803771707363745,1201.7283610356187,128.57938800010191,109484.5829748199,0.24379629727110522,0.017944547793463078,0.9696604347096911,749.8140055887525
239,-13.522935779816507,1212.4734572651278,34.642184969274226,-91.61593216420619,149432.94712009002,-0.8436147397470692,1202.4126776690293,127.6732289174561,109547.07370256394,0.23583005706897966,0.018794685806653517,0.9716125482764573,750.1120152635187,1210.236502507237,33.58654973032116,-91.0102486603925,149046.2101589326,0.31342313867247934,1199.5471720686858,127.17538482045232,109266.18901436473,0.23799432932431053,0.018096162825835968,0.9710979497972655,748.2790096033528,1212.264056843165,35.72479303323451,-90.57524249032788,149404.0491867123,-1.7516289028351817,1201.7265810941822,128.26878555402465,109466.43919376208,0.23670126863990765,0.018344683856495216,0.9714092762571621,749.7926141405205
240,-13.11926605504587,1213.0611727917415,35.25166263357684,-82.96374130354994,149417.87441732505,-2.3800577423729106,1202.4181353301176,127.41130718620616,109529.23020542527,0.22887947714170281,0.019098827042252423,0.973267393756182,750.0891579764068,1210.8073935625087,33.93266735351153,-82.54557940156243,149031.87752516085,-0.9243774570686827,1199.526387511991,127.10872865516504,109257.75185123747,0.23119621370565635,0.018208775977861507,0.9727367327522676,748.2536137524507,1212.8588751244365,36.09857143225978,-81.73515241689573,149395.17044685822,-3.0344352432091406,1201.6685676142226,128.58369322881316,109459.38176612403,0.22961479205930244,0.018140613859330326,0.9731125142532954,749.7794728129586
241,-12.715596330275218,1213.5874955682445,35.832523030499424,-74.3173055695204,149401.1276542872,-3.882048612723233,1202.421620891881,127.15461304995921,109511.77842782899,0.22192545999080512,0.019381321416110875,0.9748709938181743,750.0656062856534,1211.3136842850017,34.35428551362586,-74.09798224837,149021.43362701678,-2.2259900041613423,1199.4898332929736,127.1573091073505,109253.64195523967,0.22440429075972568,0.018230767397942525,0.9743255890146306,748.2414792484277,1213.366528332107,36.83887344332324,-73.13895149133728,149382.2289614869,-4.702628427052392,1201.6828141572914,128.20592981986536,109440.8908366966,0.22269661568412077,0.018557173380386704,0.9747111616673779,749.7621014371649
242,-12.311926605504581,1214.0526559116324,36.38479447349899,-65.67679447953384,149382.72685349986,-5.349985428266858,1202.4232567115225,126.90316097094421,109494.71039907452,0.2149682176242202,0.019642734367506486,0.9764234882457681,750.0414162139666,1211.7323141234353,34.88019633070142,-65.56142605480949,148986.48675158955,-3.683786064636502,1199.4965974380414,126.4730569908688,109225.00591232242,0.21751923414976826,0.018850961886432125,0.975873979574645,748.1605169669888,1213.8094178513584,37.60026078013005,-64.48938704137971,149370.0281133026,-6.39321628376885,1201.6936967169097,127.79189221279536,109423.15813084928,0.2157248434663261,0.018991946651224417,0.9762694801507553,749.7427647149023
243,-11.908256880733944,1214.4568768786337,36.908516671524715,-57.042376807439766,149362.69347351044,-6.784266380939929,1202.423160304987,126.65696462801775,109478.01810454106,0.20800795779337322,0.019883625911905713,0.9779250129305548,750.0166435253667,1212.1198693878362,35.23786915632239,-56.87480146405363,148961.3589253288,-4.954547867123733,1199.4672815354056,126.28028831508544,109201.28092035296,0.21052163775789826,0.01902813086130081,0.9774039954244393,748.1249977416273,1214.209490922415,37.96281490215469,-56.12393272907546,149355.37724685276,-7.633697624604441,1201.6878842887315,127.73361398212901,109412.60320846693,0.20898722426572253,0.019059816662104358,0.977732613490271,749.7285269036673
244,-11.504587155963293,1214.8003743441463,37.40374047445922,-48.41422068450794,149341.05039770008,-8.185289746755299,1202.4214444565027,126.41603693910275,109461.69348321599,0.20104488418885705,0.020104550549090824,0.9793756999174056,749.9913437052247,1212.43172005967,35.74172869559686,-48.15512956663903,148937.02664226046,-6.370339481894627,1199.4267169435561,126.07453731643443,109178.81329331883,0.20348678745175347,0.01923155150821867,0.978888795910522,748.0824179060393,1214.5733361683958,38.1542082345917,-47.239999652804045,149357.93465962922,-8.748143068232743,1201.6546365936813,127.89970342582741,109421.72865950903,0.2018302131512604,0.018906158851679306,0.9792380314391348,749.7185352407334
245,-11.100917431192656,1215.0833570824132,37.870527621544504,-39.792493697798214,149317.82192280985,-9.55345385670194,1202.4182173270103,126.18039008278448,109445.72842522184,0.19407919663196674,0.020306057174781785,0.9807756774495915,749.9655719403856,1212.6957503877409,36.16037218510175,-39.56867816529594,148920.35318662244,-7.677632966478821,1199.3836171518635,126.05768824312462,109164.68296366726,0.1965530880074404,0.019258991946165947,0.9803040216300029,748.0659479180646,1214.8427605704182,38.68033177415278,-39.007369581968234,149337.17029328618,-10.141939055789038,1201.6586786788084,127.68224199481367,109403.38946624729,0.19518150182466804,0.019108440524607247,0.9805809751602285,749.7029949891622
246,-10.697247706422019,1215.3060268507525,38.30895049275354,-31.177362985975165,149293.03374718182,-10.889157068888588,1202.413582561442,125.95003551909048,109430.11476934415,0.18711109126211392,0.020488688995645144,0.9821250700139676,749.939383099396,1212.9096746872804,36.463524066724275,-30.95059221245666,148892.2820747418,-8.880655337887877,1199.376227346691,125.78010628753951,109155.23497963097,0.1895726929674975,0.019480269510170352,0.9816734249132255,748.026066155173,1215.0563691827451,39.21051318756545,-30.404540332452164,149310.91852006805,-11.578555800627411,1201.6596409681372,127.39379596565841,109391.55222953366,0.1882192450193246,0.01935438023232764,0.9819363135001057,749.671919190452
247,-10.293577981651367,1215.468578475715,38.719091863068186,-22.568995332632618,149266.71295872328,-12.192797741887142,1202.4076393948685,125.72498400947849,109414.84430055915,0.18014076072015706,0.02065298344758489,0.983423998386188,749.9128317128282,1213.0651932283174,36.72106205854027,-22.406736168353472,148860.26721286672,-10.027192123920056,1199.3722013554682,125.49489936000737,109146.02877031539,0.18264217442580466,0.0196941550876445,0.982982185177533,747.9865627676077,1215.221267568771,39.531668123299106,-21.772673738033813,149276.66623572898,-12.811892979135902,1201.6872104628637,126.90958688050178,109375.3396180938,0.18122141868723682,0.01971836499884949,0.9832446203721419,749.6247885757226
248,-9.88990825688073,1215.571199941486,39.101044659620655,-13.96755725718894,149238.88802259014,-13.464774209231305,1202.4004827574674,125.5052456360592,109399.90874756279,0.17316839432767264,0.020799472117213235,0.9846725796759149,749.8859719537116,1213.1364165584978,37.255849962842426,-13.868819526780385,148843.93037753578,-11.441848207368688,1199.326846906812,125.3725297062532,109123.54165323169,0.1757249599053984,0.019789925760759136,0.98424036561433,747.961451025033,1215.3439056124228,39.71447100574222,-13.308807740354839,149262.6291194789,-13.880878831582804,1201.7174403925978,126.56672254827345,109374.49520611174,0.1743591326912566,0.01994506324739482,0.9844801101592708,749.6081749852085
249,-9.486238532110093,1215.6140724803836,39.45491172165582,-5.373215103406938,149209.58876859362,-14.705484755028918,1202.3922033783213,125.29082982007442,109385.29978029967,0.16619417826219837,0.020928680666402414,0.9858709273719946,749.8588576180638,1213.1202472251634,37.78712870902373,-5.1497492714872415,148795.04850472152,-12.875071268252052,1199.304940907408,124.75394029233334,109092.7553640168,0.16863174640509193,0.020281633317181066,0.9854704406801638,747.8829252615297,1215.3538406500231,40.400579990768314,-4.581497037125028,149233.83869276324,-15.469169092479973,1201.6607258796803,126.5982165350346,109351.5666067938,0.1672798934515493,0.019916267390649257,0.9857082628952963,749.5804189341542
250,-9.082568807339442,1215.597370665327,39.780805563269894,3.2138648743916676,149178.84637833288,-15.915327590645449,1202.3828878880279,125.08174533965698,109371.00900749413,0.15921829572848706,0.021041128759821393,0.9870191513875648,749.8315421055378,1213.058132929766,38.254937049365225,3.6351468112127945,148762.20714768075,-14.242510638460212,1199.2539347876384,124.56463414477044,109076.21024288627,0.16148670248362088,0.020407622951073987,0.9866638606163973,747.8426540763119,1215.3149323560592,40.894435285159105,4.152770548050737,149215.85890107948,-16.86850556530841,1201.606926022518,126.69880835193167,109337.41007857106,0.16018846392890582,0.019797943259109087,0.986887884952899,749.5580856339764
251,-8.678899082568805,1215.521262504107,40.07884813888007,11.793516427366733,149146.69337205475,-17.09470083241813,1202.3726189201063,124.8780003468957,109357.02797418351,0.15224092712580453,0.02113732999536476,0.9881173581050697,749.8040784001771,1213.0090628161906,38.35929578225552,11.794905717186731,148729.62928861968,-15.18350485465492,1199.278595112746,124.27416807891866,109066.78074927746,0.15483588290205755,0.020573826801213196,0.9877259574480636,747.8168985667565,1215.281259324307,40.96442033288444,11.874831051649604,149162.01741170415,-17.74023654387183,1201.720347496464,125.69044854432397,109312.69298366903,0.15387892785609558,0.02053399193520544,0.9878763236038524,749.5137244102334
252,-8.275229357798153,1215.3859095353341,40.3491706113785,20.365573230394364,149113.1635952419,-18.24400248036158,1202.361475211201,124.67960238422897,109343.3481592528,0.1452622502113051,0.021217791837383086,0.9891656504211486,749.7765190512949,1212.8543815131413,38.70012311651843,20.54928401352605,148707.98643022502,-16.42116015316156,1199.2196171323292,124.41203698710214,109060.8650480705,0.14770811938450878,0.02040309645319449,0.9888205221995614,747.8106617418849,1215.14705222946,41.255987631869374,20.385878803650172,149139.65103416788,-18.911090189456186,1201.694049770262,125.6616014402221,109302.67586487869,0.14695250474072444,0.020483247219415305,0.988931442484147,749.4947857997829
253,-7.871559633027516,1215.1914669259183,40.59191312292256,28.929868802436143,149078.29220493246,-19.363630397824654,1202.3495317000522,124.4865584001893,109329.96097297169,0.13828244025953212,0.021283015552628116,0.9901641277913756,749.7489161544573,1212.6277595958081,39.0143569754968,29.234297548344678,148661.21286285412,-17.619107502337403,1199.2031995805603,124.03376278832327,109045.76911916884,0.1406101230728146,0.0206425479820474,0.9898498262374232,747.7622384542076,1215.0221492278235,41.26995238631772,28.099150048695776,149109.28858282755,-19.712017870462404,1201.784967346774,124.95286628117987,109295.4001719326,0.14065056257083758,0.020962676730259536,0.9898373530195805,749.4814036328092
254,-7.467889908256879,1214.9380835699642,40.80722456831441,37.48623642899253,149042.11565577277,-20.453982292062747,1202.336859625252,124.2988747645233,109316.85775453632,0.1313016702180749,0.021333496148827756,0.991112886274824,749.721321332606,1212.3790597871375,39.09059613874095,37.72514061334274,148619.31701838417,-18.562845750212954,1199.191804913272,123.88159016835301,109030.53091443256,0.1336744327783419,0.020666841735722186,0.9908097838001295,747.735661893671,1214.7637251209167,41.70681526398632,36.66462499790192,149093.71030285564,-21.032641172863784,1201.733086210751,125.0852132500098,109283.93130834281,0.1336692793930755,0.020781864166021506,0.9908080731747804,749.4715151546715
255,-7.064220183486228,1214.6259021889405,40.99526237091925,46.03450908657686,149004.67168580528,-21.51545569568687,1202.3235266217496,124.11655728270824,109304.02976961229,0.12432011085943041,0.021369722315809487,0.9920120185784264,749.6937857172913,1211.9825978299084,39.57751242182051,46.69891094695437,148562.52289192448,-19.957682440420196,1199.1294491389597,123.57924719786546,109004.95480491941,0.12632995133159447,0.02083572814366619,0.991769436829589,747.6763495375529,1214.4602431737399,41.84033715840963,45.34832905922104,149028.332799773,-22.055451131296252,1201.7446666029982,124.76591883069328,109271.93311518032,0.12656103471551722,0.020929834530640797,0.9917379928782891,749.415245675889
256,-6.660550458715591,1214.255059432999,41.15619226107376,54.57451936915965,148965.99930199355,-22.54844794895448,1202.3095968161188,123.93961120988907,109291.46820788353,0.11733793092911093,0.02139217636909307,0.9928616141011137,749.6663599300458,1211.62188912228,39.8385255365467,55.01122224217738,148541.54028657303,-21.066544243433338,1199.1150550550963,123.48865951158498,108997.60870011232,0.11952209175396762,0.020813817771059825,0.9926133459573014,747.6685893628714,1214.1107455580168,42.11085564698037,53.650340682240476,148962.05093186567,-23.158369173240935,1201.790922296003,124.11423291521504,109253.92120303011,0.11974775606285984,0.02135948298400369,0.9925745550861991,749.3552884860565
257,-6.2568807339449535,1213.8256859833361,41.29018805693387,63.10609941652931,148926.13876548634,-23.553356182867066,1202.295130920562,123.76804126425634,109279.16418060409,0.11035529729004019,0.02140133419587624,0.9936617589777033,749.6390940638777,1211.190173772978,39.73878058904382,63.66378722292554,148486.04543157728,-21.840047623998096,1199.1280401011707,123.132071251772,108984.6239405679,0.11242069939764074,0.020971672405584237,0.9934393666970611,747.6304858963975,1213.6917293372933,42.27152821254333,62.25086127809516,148929.4016044185,-24.196066424113013,1201.7895092776012,123.90807181912024,109244.26638090913,0.11270327822204308,0.02140186622013545,0.9933981735438716,749.3271074827467
258,-5.853211009174302,1213.3379066554646,41.39743144771125,71.62908084451192,148885.13157662321,-24.53057730304012,1202.2801863256639,123.60185163988866,109267.10871815566,0.10337237506328731,0.02139766520333977,0.9944125361225193,749.612037664906,1210.6807234748965,39.789018479077846,72.41121298824923,148441.24231752954,-22.778422130445204,1199.113463331364,122.95931370468791,108979.61154733805,0.1052351465001748,0.020987800167587018,0.9942258677912239,747.606162480052,1213.2090411443555,42.472368320405614,70.7420611105067,148905.7257177045,-25.28020977057636,1201.7404126780198,124.06615265597915,109228.91917361865,0.10575509566206996,0.02114453638193326,0.9941673744006587,749.3169906289893
259,-5.449541284403665,1212.7918405032906,41.478111779247655,80.14329467699865,148843.0204596845,-25.480507974312303,1202.264817191868,123.44104601907978,109255.29276761053,0.09638932776518455,0.021381632269200954,0.9951140252727225,749.5852397141311,1210.1081795222888,40.336636176157846,80.65622065690299,148397.86312372625,-24.164319965544713,1199.0594743518286,122.86583489361571,108956.24909273669,0.09845937000516622,0.020963801255960937,0.994920233734889,747.5740978865251,1212.6576685462499,42.59527425268084,79.36125643055226,148883.36931585023,-26.31025213882351,1201.6785429888544,124.31726362533031,109220.23020513098,0.09869645904195273,0.02079675639742979,0.9949002482138226,749.3100910213404
260,-5.045871559633028,1212.1876009238863,41.5324258418755,88.64857127973055,148799.849347386,-26.403544606062283,1202.2490745396858,123.28562758417253,109243.70719029983,0.08940631744087373,0.02135369169444665,0.9957663030313288,749.5587486093452,1209.5194537422683,40.52301937629895,88.96266502083432,148363.05234117128,-25.18518922136028,1199.0675490603114,122.57787774614312,108948.94151402886,0.09161636570873885,0.021071449698497162,0.9955714115732364,747.5531891633539,1212.0255735475803,42.63131498541223,88.22351391551184,148833.33623259605,-27.265059047677305,1201.6480105951766,124.24462263079424,109205.97104662957,0.09141371682501885,0.020693446395660016,0.9955979678828726,749.2719958465228
261,-4.642201834862377,1211.5252957628438,41.56057766051274,97.14474029578473,148755.66336512115,-27.30008333820061,1202.2330063386196,123.13559902891963,109232.34275938809,0.08242350479433608,0.021314293158180304,0.9963694429099004,749.5326121471811,1208.8581203219185,40.6323040032928,97.4926730412185,148332.21458112323,-26.166243771433678,1199.0561186442787,122.50661124201038,108953.8406878524,0.08458474040724606,0.02099346310502802,0.9961951095027002,747.5481357284415,1211.3696584760244,42.53416165228102,96.78100059242395,148772.28488156106,-28.042381971141218,1201.6532275747818,123.97158353154211,109185.58860274195,0.08437042144254779,0.02074316194624034,0.9962185268394074,749.2326232693862
262,-4.2385321100917395,1210.805027420121,41.56277828694112,105.63163058271296,148710.50881495603,-28.17052002780751,1202.2166575948147,122.99096256939323,109221.19015745597,0.07544104931495174,0.021263879674519204,0.9969235153708867,749.506877505319,1208.1566447715823,40.77482289388931,105.76259557388575,148286.6916478134,-27.138715550867815,1199.0599657881528,122.2196255501342,108931.39000635978,0.07776446038605225,0.021075740687992835,0.9967489663176573,747.5247834512005,1210.6701240414245,42.16445395196744,105.36034790963349,148707.71359427075,-28.549475633718536,1201.6754954470205,123.6957354575353,109169.72277756162,0.07730211049531092,0.020776654804637893,0.9967912089941904,749.1952865252341
263,-3.834862385321088,1210.0268929562596,41.53924559421458,114.10907015128323,148664.43315937312,-29.01525023638609,1202.2000704374034,122.85171995446241,109210.23997408865,0.06845910940063982,0.02120288755148067,0.9974285878696031,749.4815912248285,1207.351772446516,40.516764446983665,114.67924937661427,148250.12080132245,-27.803763555815223,1199.0426906505922,122.23511921877244,108924.55160258467,0.07041600892194048,0.0208796312707002,0.9972991660908501,747.5292146686359,1209.8842492156834,41.90537546008654,114.06698343209128,148636.7465444097,-29.18179444180456,1201.680880265775,123.45914935143225,109151.64589988142,0.07011901424231237,0.020779702329335088,0.9973221785425164,749.150251138023
264,-3.431192660550451,1209.1909841989007,41.490204073147076,122.5768861057707,148617.485004773,-29.834669217702547,1202.1832842035706,122.71787247585947,109199.48270347371,0.06147784247763532,0.02113174635179892,0.997884724895826,749.4567991926723,1206.6335987659438,40.59142866069195,122.45042202909303,148215.70973888584,-28.65885290239002,1199.0970994062022,121.98093958626815,108917.62986027272,0.06398429262055333,0.020939803685349895,0.9977311937187623,747.5252408766336,1209.0571349272084,41.98358980553802,122.46304855761211,148609.85949419043,-30.122050615540076,1201.670293324311,123.30473871025994,109142.19125036299,0.06319210602757758,0.020737184545928388,0.9977859123644247,749.1399719443422
265,-3.027522935779814,1208.2973878494809,41.41588463082679,131.03490458575297,148569.71408473092,-30.629171906185448,1202.1663355223156,122.58942097785364,109188.90874200626,0.05449740511694946,0.021050878855615608,0.9982919880149922,749.4325466243566,1205.752415027766,40.41167743011472,131.01015948738043,148164.85613356813,-29.33553631500778,1199.127537243012,121.68171425689037,108921.56011710149,0.05688781166791823,0.021017482044445007,0.9981593271277621,747.5140217324254,1208.1585733976729,41.1034353162192,131.13011414480783,148463.96987357424,-30.09031383334748,1201.7231492215744,122.64429038871158,109106.62996785743,0.05601012159669901,0.021048608974030266,0.9982083060859499,749.0491211715176
266,-2.6238532110091626,1207.3461855900443,41.31652439110586,139.48295070935632,148521.17124301405,-31.399152905857473,1202.1492583969166,122.46636586655364,109178.50838590469,0.0475179531475728,0.02096070102499045,0.9986504359089852,749.4088780467489,1204.8111905406001,40.131905460302704,139.64166756929464,148124.41096294086,-29.936753928646347,1199.1468843172543,121.55055104314796,108921.61697594025,0.04973693198131149,0.020944921619485597,0.9985427120836844,747.5202086034047,1207.2096720996615,41.2140029906437,139.54458101497067,148461.32262818565,-31.090685646955972,1201.6829389058526,122.75985263252282,109103.35533542337,0.049063017637909795,0.020781533023173933,0.9985794651330803,749.0587491213976
267,-2.2201834862385255,1206.3374541900564,41.19236649701292,147.9208485179069,148471.90841635942,-32.14500647977227,1202.1320842860903,122.3487071188556,109168.27182883448,0.04053964176647362,0.020861621970179656,0.9989601244164952,749.3858372810442,1203.7702352944966,40.47951764593164,148.094265548736,148087.262741994,-31.14768401913716,1199.109225134844,121.43057259211261,108916.71295004516,0.042719865466594294,0.020877273006680533,0.9988689366309881,747.5094280603444,1206.3106959746888,40.75325072596366,147.46324521783202,148371.80081031265,-31.396459013200886,1201.7652861765555,122.18375197025573,109086.0382804984,0.04248502143279104,0.021068239787318508,0.9988749432366993,749.0260640337711
268,-1.8165137614678883,1205.2712656131505,41.04365991503743,156.34842092194134,148421.97861701727,-32.86712653993244,1202.1148421838393,122.23644429105732,109158.1891595437,0.03356262564544378,0.02075404391763265,0.999221106572939,749.363467425907,1202.7650235878732,40.60536986966661,156.14309808434675,148052.1886003837,-32.104461908535214,1199.1060880138036,121.36752409541187,108903.52424691501,0.0360403175350457,0.020752228950721038,0.9991348460070592,747.5056207901389,1205.214285642113,40.4986091038228,156.1797089689766,148303.97578269572,-32.06159024449479,1201.7408971714763,122.21842248444706,109077.95461783816,0.03525370155171005,0.020840826168193095,0.9991610663409229,748.9981865856757
269,-1.412844036697237,1204.147687123733,40.87065924123451,164.76548964852304,148371.43591505947,-33.565906637663275,1202.0975586980067,122.1295765271561,109148.25035950859,0.02658705903485328,0.02063836217965958,0.9994334326499281,749.3418108407675,1201.6978251820258,40.337248050845204,164.48548193896866,148018.49374340984,-32.68339018955148,1199.1470440398448,121.18200934309257,108904.07352173633,0.029106489083705313,0.020717642325637636,0.9993615920124643,747.5127857862125,1204.121797707134,40.58680247683082,164.40761940451483,148288.9496195352,-33.002898389752495,1201.7281210059066,122.13815018889682,109068.86460917527,0.02843094736183776,0.020723245548074542,0.9993809225345772,749.0018743838737
270,-1.0091743119266,1202.9667813933393,40.67362450909862,173.1718751898224,148320.33542045762,-34.241739954418144,1202.0802581274977,122.02810256684847,109138.44530059073,0.019613095864366853,0.020514965125724115,0.9995971501942698,749.3209091292933,1200.5675908046833,40.20990250634257,172.73404936450078,147974.4642945688,-33.43273825117081,1199.1425420194657,121.27515809163457,108900.65297106016,0.02224552191869079,0.02045409319803448,0.9995432791160228,747.5267719259665,1203.0079719621187,39.95761590080301,172.61062932960576,148218.63019204154,-33.22588877454477,1201.7504036912628,122.02772425971384,109056.4063861306,0.021613758398630584,0.020611411372383967,0.999553908085564,748.9888999161527
271,-0.6055045871559628,1201.7286066066983,40.45282099915625,181.56739675291638,148268.73326493337,-34.89501929299379,1202.0629625382091,121.9320207532505,109128.76374270687,0.012640889840678182,0.0203842341553182,0.9997123040664935,749.300803123034,1199.2173215444427,40.601300517865496,181.47302796742525,147926.832613586,-34.69632063287846,1199.0932981031794,120.95239624821801,108895.56580424917,0.01495092128134685,0.020520926144522892,0.9996776288099128,747.498191626863,1201.7828194010988,39.33290805719283,181.14754985046417,148118.2790915484,-33.49211071799136,1201.7690254559873,121.92471135801944,109040.623411007,0.014500306707911588,0.020486388056955934,0.9996849748844664,748.9543347889982
272,-0.20183486238531145,1200.4332165674068,40.20851905022602,189.95187221075372,148216.68658358068,-35.52613706913154,1202.0456918376312,121.84132904035421,109119.19533151099,0.005670594542323507,0.02024654367237756,0.9997789364788894,749.2815328652329,1197.9182967474094,40.39390846730645,189.88343614379986,147887.9947274687,-35.47260151269725,1199.0017929170062,121.57458584201805,108876.97637161589,0.007967354356180496,0.019785616069258605,0.999772499452412,747.5205601405014,1200.5536616543448,39.067888721146694,189.2468529043207,148056.77460138488,-34.05108467553286,1201.789989854301,121.69373296398412,109022.02223478626,0.007749077868141001,0.02048099723950825,0.9997602115228775,748.9421840787355
273,0.20183486238531145,1199.0806608031617,39.9409938722977,198.32511805424724,148164.25349626623,-36.13548530348463,1202.0284638481405,121.75602500023979,109109.72959608938,-0.0012976364883692565,0.020102261061198386,0.9997970870330497,749.2631375948187,1196.6147495821738,40.30324977338457,198.14894657267962,147844.89051311117,-36.172576885126155,1199.0709265977089,121.02882892249228,108875.51142412095,0.0010510232471064387,0.020036297158717426,0.9997987008124694,747.5114309741567,1199.1655613515975,39.070237314070724,197.82111156715752,148041.4104483942,-34.982655563627084,1201.7453954091357,121.81869852308812,109017.87809170267,0.0006122470541330636,0.020170897817445563,0.9997963592826206,748.9448454585212
274,0.6055045871559628,1197.6709846704696,39.65052536097922,206.68694934544988,148111.4930888085,-36.72345561392997,1202.011294378977,121.67610583005843,109100.35594667147,-0.008263649656140874,0.019951746663818052,0.9997667927569026,749.2456557305841,1195.3549081652066,39.13312693442353,206.34098149108107,147769.9749021764,-35.90657192948539,1199.1459239480398,121.24051408086606,108865.46546994676,-0.005776284968686013,0.01965610206005948,0.9997901140658298,747.5392156929618,1197.7692041615774,38.616502115815884,206.22969728780043,147997.94233402953,-35.437859739043255,1201.7328273379155,121.8947488544726,109010.44106058795,-0.006398070812588094,0.019902062321075997,0.9997814624232864,748.9430786618086
275,1.0091743119266283,1196.2042294587702,39.33739791346341,215.03717967175785,148058.46539393743,-37.29043920820419,1201.9941972969004,121.60156835880271,109091.06367235312,-0.015227291226402368,0.019795353758824335,0.9996880881412309,749.2291248555315,1193.7753803040712,39.35824911412293,215.03543757807174,147733.56174115598,-37.08044403836533,1199.0599256164458,121.34494961641785,108860.58948971915,-0.013046487650305546,0.01933928737145845,0.9997278535301268,747.5372095776206,1196.3773738843004,38.039502857983805,214.35138255561304,147919.53852661775,-35.685296905646986,1201.7727593219795,121.63600998072832,109000.24384817104,-0.013194875046967673,0.01992033868359055,0.9997144969336126,748.927692106516
276,1.4128440366972512,1194.680432493923,39.0019002459658,223.375621101112,148005.23137203944,-37.836826876845464,1201.9771845955352,121.53240905388178,109081.84193883707,-0.022188407241527187,0.01963342854155937,0.999561005175666,749.2135817014179,1192.4101448444317,38.93169365837467,222.92269684232286,147665.9517125547,-37.42634546720713,1199.159778568933,120.9406726713107,108855.23333378459,-0.01966174673108779,0.019473260082304558,0.9996170305958426,747.5309376739816,1194.879341093063,37.977411479039226,222.567525446578,147878.04026150014,-36.47365788418172,1201.7692333630537,121.46344976802628,108989.4873131998,-0.02007105856777712,0.019855367994432733,0.9996013790355506,748.9210480492245
277,1.8165137614678883,1193.0996272409757,38.644325212585024,231.70208413814717,147951.85289168818,-38.36300898642203,1201.9602664633885,121.46862402751553,109072.67978618847,-0.0291468434397729,0.019466310105686693,0.9993855733841501,749.1990621334769,1190.7769409353753,38.71246981830534,231.55570272099968,147640.4329616318,-38.16080739019471,1199.1286252489626,121.08728418068986,108856.83259131374,-0.026891770877323452,0.019129346468127112,0.9994553020334546,747.5544814152062,1193.2643375789587,37.76479128448726,231.07280202164037,147846.05423361645,-37.19962865739529,1201.7289367150602,121.59279715656935,108982.93140653531,-0.027184732601009485,0.019531373705184856,0.9994396008536984,748.9192086146347
278,2.2201834862385397,1191.4618434061854,38.264969625539216,240.01637768124144,147898.39270996535,-38.86937547302943,1201.9434513505664,121.41020904296516,109063.56612660777,-0.03610244517676405,0.01929433042609139,0.9991618198598602,749.1856011353375,1189.2520121196378,38.23502147062202,239.64653269975796,147588.8046721693,-38.519876344429875,1199.1974461624634,120.91243102599847,108855.48641401113,-0.033681986929696685,0.019069562586027232,0.999250657012166,747.5644745107521,1191.6472985095122,37.288969679274146,239.38461092526714,147809.24547779845,-37.62189352305498,1201.723835221963,121.60430013610035,108979.88358295099,-0.03414573054997161,0.01931575608719804,0.9992301890215229,748.9238481129314
279,2.623853211009191,1189.7671070382103,37.86413407673075,248.31830898042858,147844.91445257346,-39.35631583603949,1201.9267460341594,121.35715952061258,109054.4897422205,-0.04305505734948482,0.01911781434308494,0.998889769299584,749.1732327941311,1187.505908537484,37.86298519368377,248.2365265073765,147528.78781735784,-39.093457682835236,1199.1764400475251,120.99352284494813,108846.83706726565,-0.040894829951303176,0.01877319883779691,0.9989870769377602,747.5719145514723,1190.0074119781816,36.65826310320712,247.55576373637348,147696.96449152823,-37.81174741443171,1201.768275896899,121.28385575601371,108964.23904578929,-0.041026296773814655,0.01938494797783727,0.9989700029354851,748.8907254779256
280,3.027522935779828,1188.0154406284314,37.44212276059342,256.60768359613036,147791.48259374255,-39.82421913208455,1201.9101556823161,121.30947054390663,109045.43928288581,-0.05000452432271649,0.01893707954788835,0.9985694440375471,749.1619902857943,1185.8372653114036,37.532008651204215,256.37609539804504,147518.71688871592,-39.67319056998912,1199.196273931912,121.12937774413838,108857.5142515149,-0.047732922577605516,0.018451401731023602,0.9986896984931609,747.6087552156529,1188.2010652149258,36.722061633489155,256.0350375003047,147692.56441548187,-38.81798603811341,1201.7174228120996,121.37828221385023,108962.95453818262,-0.048139662174863714,0.019073302173624244,0.9986584912120278,748.9004003377784
281,3.431192660550451,1186.206863210365,36.99924329817679,264.88430535866536,147738.1624359357,-40.27347396926101,1201.8936839170055,121.26713686518868,109036.40326402344,-0.05695068985785847,0.018752436569368636,0.9982008640786812,749.1519058605709,1184.2291956684223,36.61217332772123,264.2729037360478,147441.35242692006,-39.555433693803124,1199.321115501894,120.8906321144108,108846.24078059867,-0.05437112919585248,0.018463264374702963,0.9983500829762062,747.6177197785349,1186.4177993059025,36.31588973760997,264.24205154871385,147650.5405460361,-39.30113467653671,1201.7078393310592,121.3559951893671,108954.25685972905,-0.05503897342902712,0.018880610611640015,0.9983056816160121,748.9027571116424
282,3.8348623853211024,1184.341390458096,36.53580656242217,273.1479763284928,147685.02008935367,-40.704468501536766,1201.8773328754585,121.23015291141145,109027.37006446028,-0.06389339704407199,0.018564188762005444,0.9977840471313306,749.1430108287117,1182.167411259766,36.95255063205455,273.0526573542085,147395.8351208364,-40.84490727673845,1199.2282012765816,120.79676111653308,108833.74362842119,-0.061778307069591504,0.018263825077481758,0.9979227793116834,747.6038380681076,1184.4659978186069,36.11305787303737,272.82908381396464,147622.77253409295,-40.075010267938715,1201.6552076074775,121.51003071136928,108951.55197418887,-0.062263223462695055,0.018518046411312453,0.9978879561158873,748.9044539958023
283,4.238532110091768,1182.419034783704,36.05212650458676,281.3984967571455,147632.12245124232,-41.117590423348176,1201.8611032703009,121.19851278976665,109018.32792429741,-0.07083248823168162,0.0183726322950661,0.9973190086393917,749.1353355463759,1180.4016358046333,35.8155105388039,281.17514621123576,147296.81555430932,-40.50127494871086,1199.3795414715917,120.42919408654463,108815.46319386979,-0.06862105571463392,0.018391441935191367,0.9974732605820336,747.6070101310952,1182.5065936169997,35.442089291369015,281.2278156399649,147548.6881206376,-40.37792558143145,1201.6126707756475,121.73288251833168,108932.90298501248,-0.06934269557565924,0.018123585750432065,0.9974282561717651,748.8974458165833
284,4.642201834862391,1180.439805433635,35.54851998177187,289.63566504882033,147579.53718500712,-41.513226964372215,1201.8449944483684,121.17221029323355,109009.26494279844,-0.07776780496777706,0.018178056142969183,0.9968057618138837,749.1289094017413,1178.4269441978095,35.313677010713455,289.51216232453066,147233.83653399334,-40.90796460884897,1199.3932517639898,120.40906697466575,108803.79935496938,-0.07565492020797616,0.01818516947609553,0.9969682204862151,747.6157470503708,1180.6520996487632,34.69882965203651,289.0549926854245,147494.01562992058,-40.43962097302881,1201.647827188526,121.50514984536217,108924.40625363386,-0.07594764977946929,0.018132055178889554,0.9969469309185744,748.9037475835781
285,5.045871559633028,1178.4037085839734,35.025306585512766,297.85927772257816,147527.3326991351,-41.89176488446144,1201.82900444822,121.15123890606093,109000.16907629908,-0.08469918793395324,0.01798074207681785,0.9962443176639433,749.123760801318,1176.2993645537745,35.52545324230912,297.96940266127376,147235.39699720996,-42.06464121637332,1199.3409890823202,120.42374426320316,108809.24316204457,-0.08281048611936895,0.017910920820582703,0.9964043467910166,747.6387469610648,1178.5796478075679,34.273896949299086,297.41261228332297,147444.47600147832,-40.95059405501,1201.6215190579796,121.54492785271061,108919.63035678487,-0.08300892671897747,0.017881383136171998,0.9963883651579342,748.9013429841193
286,5.449541284403679,1176.3107474345827,34.48280847138834,306.06912937511214,147475.57812592763,-42.25359046872732,1201.8131300563307,121.13559180919806,108991.0281361395,-0.09162647688611818,0.017780964657085997,0.995634685027245,749.1199171564704,1174.244395613868,34.69545396433237,306.21570107115764,147175.67323468073,-42.183422478334094,1199.358531588072,120.59637562584695,108801.03225515706,-0.08977756732196653,0.017568212164819512,0.9958068820444461,747.6647407940106,1176.504984602105,33.56563128784746,305.6093697318759,147401.0287090867,-41.15913701632486,1201.6154578020607,121.58796482300014,108915.3028100074,-0.08993562900960213,0.01765298440424373,0.995791120052931,748.911058867542
287,5.853211009174331,1174.160922302077,33.921350189608866,314.2650126440467,147424.34330004975,-42.59908952276115,1201.7973668619888,121.125261885684,108981.82978662048,-0.09854951059631484,0.017578991227441835,0.9949768705998409,749.1174048701569,1172.2175573964626,33.86731038215621,314.24604024773225,147136.0035270424,-42.25959116194344,1199.418363712564,120.68080428447824,108801.6197956171,-0.09656679116704707,0.017316405145178432,0.9951758623261256,747.70186118511,1174.4629830509407,33.060698628412524,313.45323915850554,147337.1994060929,-41.44293489755116,1201.6502382240878,121.26199034745487,108907.16131359736,-0.09658583009831803,0.01773214295452634,0.9951666938410162,748.9090387141327
288,6.256880733944968,1171.954230711585,33.34125851654191,322.44671817172735,147373.69873689345,-42.928647367980204,1201.7817093108779,121.12024172600869,108972.5615429824,-0.1054681267964906,0.017375081909694327,0.9942708789654211,749.1162493238762,1170.1722735883761,33.12178894134748,322.1107572034822,147070.81656929513,-42.32425043864571,1199.5055263531215,120.46016263476409,108792.75301018129,-0.1032308443141329,0.017316090422169386,0.9945066846405218,747.7166954932237,1172.170300022562,32.80970797571442,321.90704673512454,147305.53275006433,-42.187843752367634,1201.59754641598,121.43226747193928,108901.54017148289,-0.10374756263048035,0.01735081355061277,0.99445230781439,748.9121780365938
289,6.660550458715591,1169.6906674872773,32.742862287136326,330.61403456946226,147323.7156107638,-43.24264883708808,1201.7661507573564,121.12052363345869,108963.2107694103,-0.11238216212415114,0.017169489599850193,0.9935167126239909,749.1164748648353,1167.9556973794727,32.72333972482646,330.2230514996019,147005.06388115388,-42.75331464409962,1199.552251935157,120.16908625677831,108781.21602229914,-0.1101192650788805,0.017336920086564178,0.9937671652154741,747.7196541132699,1169.8888439081463,32.5273264863508,330.1365152961777,147278.0690473425,-42.82909892267797,1201.5791495720644,121.41219344435062,108900.86828776654,-0.11072877112014325,0.017138025598397885,0.9937028868453648,748.920486065965
290,7.064220183486242,1167.3702248416398,32.126492228206104,338.76674838217286,147274.46573288707,-43.54147826963934,1201.750683515452,121.12609962945677,108953.7646770642,-0.11929145206983677,0.016962459965269686,0.9927143720199665,749.1181047933351,1165.6811893531788,32.388180807351105,338.3330795894561,146966.25466605893,-43.2790922554236,1199.5881728515728,119.99504470329965,108777.72220360412,-0.117010321457807,0.017257303547401796,0.9929807501390012,747.7378167088169,1167.5425645974994,32.051489742116004,338.39882323158866,147241.3858401052,-43.29564907520154,1201.5642920075225,121.44618593374143,108897.46521116538,-0.11774544035221449,0.01689381470020732,0.9929001008667175,748.9286865996079
291,7.467889908256893,1164.9928924634357,31.4924807925354,346.904644053412,147226.02152924312,-43.82551950769668,1201.7352989085264,121.13696145890792,108944.21032213495,-0.1261958309263537,0.016754231442911625,0.9918638555696868,749.1211613503735,1163.2614661858236,32.1087262689552,346.62444817357436,146943.40518593544,-43.96994749654084,1199.5623692432696,120.1104880218428,108778.60858729902,-0.12406415402457364,0.016920933377402355,0.9921299147288144,747.76690132346,1165.1925398268663,31.541484381625246,346.4974716495467,147182.00461959362,-43.62936075132437,1201.5940263627892,121.19220590377853,108892.46842016038,-0.12464260122988466,0.016902367251870096,0.9920577261127151,748.9281056206461
292,7.87155963302753,1162.5586576043747,30.84116199376818,355.02750389072327,147178.45601823015,-44.095155891573604,1201.719987317681,121.15310059556326,108934.534603929,-0.1330951317397047,0.0165450352386584,0.9909651596883426,749.125665705478,1160.8862290202107,31.621227224947727,354.6829219207124,146889.34356671333,-44.325660650257404,1199.61132662814,119.89080795587051,108770.132676778,-0.13092592342252402,0.016891177722596726,0.9912482487707623,747.7815542427088,1162.7640291368587,30.8082864297577,354.66723359846964,147138.0144925693,-43.822047849984536,1201.600088408274,121.21012785129994,108884.00697448682,-0.1315989186172148,0.01670432822961044,0.9911622924814972,748.9514712865628
293,8.275229357798153,1160.0675051644089,30.172871242045403,363.13510803128656,147131.8427881584,-44.35077025565098,1201.7047382288295,121.17450824740955,108924.72426297849,-0.1399891862616495,0.016335095327713888,0.9900182788163235,749.1316379447538,1158.6171292704666,30.207342537021578,362.53098763936964,146823.93012095412,-43.78454751262028,1199.7391975162623,119.95453040933899,108761.12734640637,-0.13758682513169937,0.016737126835435216,0.9903482893080967,747.8316884898527,1160.307958036877,30.668792054262834,362.657523811454,147109.63740953468,-44.540797213700415,1201.6028790092687,121.00124857590484,108882.5054325885,-0.13841472263586255,0.01663784273855322,0.9902345917744161,748.9590290397008
294,8.678899082568819,1157.5194177757073,29.487945180355503,371.2272344078239,147086.25597457946,-44.59274492426134,1201.6895402785206,121.20117536209781,108914.76587918325,-0.1468778249038338,0.01612462845606798,0.9890232054449848,749.1390970591713,1156.0670361359776,29.8370811701663,370.7150244929486,146789.01823073445,-44.37261569333346,1199.7398838249699,120.03505405090895,108759.8887911798,-0.14456856458646536,0.016439168187258307,0.9893582181812207,747.8635200949761,1157.7221300248061,30.16134544701917,370.8784668484923,147076.3076796247,-45.00143285126542,1201.5804049545538,121.08738311636368,108874.16830668665,-0.14542780339920408,0.016350022912600886,0.9892337594063599,748.9732420542225
295,9.08256880733947,1154.914375885214,28.78672152156229,379.3036587147154,147041.77023745477,-44.821461707630526,1201.674381298434,121.23309263241794,108904.6458699794,-0.15376087669342023,0.01591384414302286,0.9879799301418336,749.1480609330712,1153.3136994636764,29.46303192244527,379.20750292883235,146767.96613773968,-45.093492626702144,1199.6690403832895,120.40754729412187,108757.13492343263,-0.15181773504627813,0.015878992044729638,0.9882809483831312,747.9026780623549,1155.2281625092082,28.744694859251656,378.8063607507532,147007.75175744138,-44.45912513957083,1201.6434413338798,121.08092119536279,108856.86473129693,-0.1521980618909972,0.016271198496144817,0.98821606850735,749.0122584456191
296,9.486238532110093,1152.2523578358323,28.069538886077517,387.3641543743014,146998.460738164,-45.03730189787115,1201.6592483586232,121.27025050183049,108894.35048854056,-0.16063816923016408,0.015702944684777117,0.9868884415751398,749.1585463329094,1150.8673963461658,28.889200075080733,386.89313557442097,146724.58931249622,-45.24986029831995,1199.7969550854311,119.96440772987178,108753.8913794499,-0.15838659624182344,0.016074582599053852,0.9872463187701415,747.9279983174059,1152.3327550617807,28.892773212670093,387.37220948798614,146981.498956549,-45.74082428053087,1201.5140238984368,121.43171840675869,108850.88609325481,-0.15952804365625786,0.015655232680679153,0.987069256423743,748.9924077362253
297,9.88990825688073,1149.5333399461813,27.336736640144395,395.40849250332235,146956.40311635757,-45.24064626501916,1201.6441278094492,121.31263917006436,108883.8658220081,-0.16750952864486604,0.015492125159065288,0.9857487265379705,749.1705688962305,1148.0309017876764,28.66462370989666,395.22388314937115,146708.36167506626,-46.070015675890374,1199.7361027936133,120.18100164003465,108753.54076751768,-0.1655230697117771,0.015631309024185185,0.9860820328813322,747.9613764724924,1149.7984619935175,27.121963502850782,395.14117434371184,146931.84376015348,-44.82655334782423,1201.6092530127228,121.46028900985816,108836.03125752094,-0.16616418958858517,0.01561299990970499,0.9859744907106818,749.0609131377001
298,10.293577981651381,1146.7572965889444,26.58865473470122,403.4364418794596,146915.67346665717,-45.43187505310769,1201.629005322261,121.36024859878795,108873.17778975538,-0.1743747795591355,0.015281573430851375,0.9845607699716562,749.1841431208785,1145.4410934608768,27.660279436852598,403.0306335779839,146667.4912044954,-45.90299604966315,1199.8505082296979,120.06427291671271,108744.52095626491,-0.1721953313935526,0.015603728788303585,0.9849392323865293,748.007260708824,1147.0630870641485,26.480666576653338,403.1286539251487,146902.18451762525,-45.0714025883886,1201.636816424955,121.35170499484136,108831.27122803227,-0.1730103755635867,0.015528760535168168,0.9847975769383209,749.0909271749388
299,10.697247706422033,1143.9242002677684,25.825633544793348,411.44776890794606,146876.3483152069,-45.61136797627156,1201.6138659287822,121.41306851736451,108862.27214168374,-0.1812337450464067,0.015071470159076054,0.9833245549886864,749.1992823544492,1142.5760566978943,27.627004790087906,411.1232324607916,146642.6102597007,-46.75820569591248,1199.8505931762465,119.85418010540926,108743.54753105415,-0.1791515659173306,0.015503198001932901,0.9836993276815235,748.0256392784935,1144.2343053560612,25.817435493812877,411.1824224039541,146877.06922959382,-45.33838861295273,1201.646783572516,121.34168799369918,108825.41123614807,-0.17992016007327727,0.015361582632862962,0.9835612628495594,749.1217384247217
300,11.10091743119267,1141.0340216927184,25.048013709503167,419.4422375881996,146838.50459607597,-45.779504214876226,1201.5986940592256,121.471088428697,108851.13445655108,-0.18808624659414108,0.014861988804458446,0.9820400628950451,749.215998783969,1139.7533988828222,26.43955093999061,419.16733700295674,146620.93496628257,-46.61088747684402,1199.8879129196546,120.2377704481416,108734.29903346868,-0.18603456696585557,0.015067985277852726,0.9824276541880798,748.0931080337183,1141.4309497726435,24.67736642366148,419.0822458343443,146829.5677696677,-45.0698515577225,1201.705359584218,121.27770903707537,108817.20326303554,-0.18670545691751658,0.015325133539246936,0.9822963975497547,749.16950282798
301,11.504587155963293,1138.086729854297,24.256135972369407,427.41960948045636,146802.21962752074,-45.93666241166643,1201.5834735791552,121.53429761517353,108839.75014033692,-0.19493210406715258,0.0146532956383542,0.9807072732119855,749.2343034258315,1136.7247414844558,26.041987713554345,427.37538512563805,146590.3293026273,-47.19552910103362,1199.8732948310924,120.26964146700442,108724.50490953567,-0.19309490506160998,0.01480410381534436,0.9810683952454448,748.1234614241114,1138.384743859449,24.84101363072635,427.21765842303563,146812.57520010846,-46.21122539286251,1201.6453559836052,121.22959894035138,108811.81437653633,-0.19371524985787017,0.015053167899850903,0.9809423041691503,749.1695220410237
302,11.908256880733958,1135.0822920959847,23.450341022267484,435.37964367234866,146767.57108810582,-46.08322066792867,1201.5681878250643,121.6026851447155,108828.10442464134,-0.20177113567199345,0.014445549752673209,0.9793261636972521,749.2542061159675,1133.8206226370094,25.077207117629914,435.29427582548874,146574.9147816974,-47.20730102660761,1199.9311001179196,120.4565804977536,108722.7328909325,-0.19989308388269733,0.014517546545097194,0.9797101591073637,748.1848580027788,1135.3903833979623,24.194667870258282,435.18554784801904,146783.70345318952,-46.504737957982535,1201.647219483604,121.23847225593695,108805.28930577467,-0.20057643994831822,0.014869436654912107,0.979565205380032,749.1982438626112
303,12.31192660550461,1132.020674185343,22.630969334723137,443.3220967454065,146734.6369926872,-46.219556539662996,1201.552819638704,121.67623987694293,108816.18236511959,-0.20860315792233158,0.014238903070860759,0.9778967103657572,749.2757155002593,1130.8819085052057,23.475025430161438,443.18724965591895,146536.39964307845,-46.67108209161175,1199.9808970452186,120.96410823471918,108695.54600914272,-0.20666052245926558,0.014059480940603088,0.9783116882939425,748.2612390158341,1132.4249545784012,22.311685612520332,443.0587399804743,146720.80028868758,-45.58084490023464,1201.7005835783382,121.50423946017119,108784.05344609584,-0.20735172691744017,0.014683943882361139,0.9781562467910814,749.267759905396
304,12.715596330275233,1128.9018403836424,21.798361013632817,451.2467227414379,146703.49566826352,-46.346047033759916,1201.5373514001471,121.75495046945623,108803.96883995472,-0.21542798560526705,0.014033500359947085,0.9764188875097124,749.2988390252066,1127.7601665370134,23.981038408351605,451.077064666695,146519.7227894054,-47.889677690744364,1200.0194304612899,120.22421320748728,108707.4251241348,-0.21350102631958412,0.014328946492353889,0.976837751652189,748.256635941475,1129.2863931622376,22.287240800160976,450.9965397540782,146711.0799970574,-46.46676963094351,1201.6827486803693,121.331440042203,108780.03667777698,-0.21421174187087869,0.014554016790422397,0.9766788163157366,749.2861236083187
305,13.11926605504587,1125.7257535140395,20.95285563336575,459.15327312875905,146674.22572969637,-46.46306860417843,1201.521765059605,121.83880538424691,108791.4485483669,-0.22224543174851402,0.013829479243671651,0.9748926677182292,749.3235829288398,1124.6409244024478,22.00627435098231,459.13368955277906,146492.86657326447,-47.15722506498163,1200.041074591783,121.15674423456575,108683.86471543208,-0.22041154990818806,0.0135734423214061,0.9753125193139981,748.3588624559305,1126.1441414073379,21.484889533278277,458.8655909568102,146687.16879682319,-46.59591958494574,1201.6924796657336,121.34562428466096,108766.59928007252,-0.22100901139919368,0.01440303090537874,0.9751654062676187,749.3285365217073
306,13.522935779816521,1122.4923750282967,20.09479208122278,467.04149676822357,146646.90605530376,-46.570997148120455,1201.5060421679873,121.92779289423775,108778.60600916187,-0.22905530758838824,0.013626970216689115,0.9733180218963904,749.34995223188,1121.428160854592,21.738959068084057,467.03079701594237,146474.27317783522,-47.76543926218846,1200.0745188250962,120.92966557680383,108682.72057301931,-0.227249609821295,0.013529966771027215,0.9737425505929398,748.3882644205509,1122.8568812578653,20.755105353926155,466.89034882019484,146681.04035954777,-46.91950517221163,1201.6569349798256,121.58867637444209,108758.44425438518,-0.22794754728720662,0.014034952908669684,0.9735722550394491,749.3673561093725
307,13.926605504587172,1119.2016650720477,19.22450840022857,474.9111398790317,146621.61576232896,-46.670208002200084,1201.490163906217,122.02190108996362,108765.42555931785,-0.235857422538539,0.01342609665986499,0.9716949192838034,749.3779507291556,1118.0298020463913,20.57689663902962,475.22700607362435,146432.36122417686,-47.7630112537002,1200.0459076118648,121.43059160359601,108655.98977804027,-0.23432961882044898,0.012998186691668643,0.9720703044976693,748.4471952138142,1119.5723401364164,18.927420765796462,474.8420208445637,146635.66564598726,-46.17962450315545,1201.6557106729917,122.10044342163016,108735.14381848325,-0.23482220367461518,0.013653570206121395,0.971942443091166,749.4275804693633
308,14.33027522935781,1115.853582548628,18.34234163223403,482.76194600427516,146598.43418229144,-46.76107593860276,1201.4741111133137,122.12111788639395,108751.89135261359,-0.24265158415935964,0.013226974856669934,0.9700233274726409,749.4075809812707,1114.6716506152334,19.77087463165248,483.1702885273532,146432.54988146678,-48.06617585450923,1200.028961280429,121.80690026382686,108653.81851215861,-0.24121026783601215,0.01252942877984689,0.970391993013612,748.5106543194045,1116.1884144430746,17.53752230425141,482.8318130424479,146625.32037529946,-45.8953424308759,1201.6348301652451,122.55607500294167,108721.47458947008,-0.24173880921801053,0.013244968619059258,0.9702509566726221,749.4868566614626
309,14.733944954128432,1112.448085181459,17.448627661307555,490.5936559761799,146577.44083621824,-46.84397516123276,1201.4578643132231,122.22543102990475,108737.98735829686,-0.2494375981280164,0.013029714010682824,0.9683032124251816,749.4388443065299,1111.5004135469258,18.686537584752752,490.69441787008907,146419.45936063403,-47.845331322279485,1200.133229821573,121.77843993965338,108650.95775216918,-0.24772233825906514,0.01250231133001392,0.9687503988844952,748.5768751417124,1112.7899520202643,17.17447909484767,490.6379926282413,146597.34790818105,-46.44565981917704,1201.6328405788017,122.42242999933423,108715.9524337572,-0.24852756702033066,0.013152287244207264,0.9685355263340633,749.5021996748501
310,15.137614678899084,1108.9851295750095,16.54370105739409,498.40600788102086,146558.71540976342,-46.919279301845734,1201.4414037404201,122.33482810540242,108723.6973597942,-0.25621526820903046,0.012834416264213161,0.9665345384908558,749.471740773116,1108.251816656829,17.65706043129598,498.2243831218987,146394.2485979661,-47.627346851366674,1200.238397859431,121.61787070253028,108647.0105556247,-0.25425019350208866,0.012584052339907418,0.9670566067872434,748.6383783981922,1109.3121375935132,15.628567749216762,498.5504777840267,146583.06300271518,-45.98709122216854,1201.6259806835465,122.85748333150316,108698.61756028826,-0.25539362518161246,0.012810081287447936,0.9667522940412415,749.5687891917837
311,15.54128440366975,1105.4646712743581,15.627894920222717,506.1987370236582,146542.33772821608,-46.98736141616509,1201.4247093642891,122.4492965436077,108709.00495346467,-0.2629843962253497,0.012641176718054932,0.9647172684228118,749.5062691915339,1104.8552101154266,17.068254268473385,505.84078830625356,146375.60690742428,-47.90343646176753,1200.287083085313,121.46490503042605,108645.59594599558,-0.260877845228348,0.012558525738540044,0.9652901290805207,748.6866750376352,1105.793047758292,14.793943103263521,506.36271735165593,146569.99373713855,-46.10301282961507,1201.6319006338072,122.87241817442624,108687.79626923295,-0.2621944453177688,0.012693077292959973,0.9649315823587403,749.6165262404719
312,15.944954128440372,1101.886669994028,14.701549262368472,513.9715642275795,146528.38540697919,-47.048595845502795,1201.4077621967415,122.56881097826533,108693.89460501545,-0.26974477262141744,0.012450093907758072,0.9628513658946058,749.5424252499175,1101.3057755962845,15.221407011203707,513.7462149959345,146374.7636251992,-47.27362254270597,1200.3003925827174,122.2289510418434,108623.6666082612,-0.26772892231670203,0.01198942069887461,0.9634196790321666,748.8109449928679,1102.1967149143222,14.633032256652198,514.1290643291466,146558.35046719454,-46.88336922725916,1201.6073428049538,122.74166341389623,108686.23961921135,-0.26897783545296544,0.012552292778988929,0.9630645689573614,749.6331752980906
313,16.34862385321101,1098.2511730741073,13.76514741854011,521.7240125525537,146516.8968153155,-47.10338784987187,1201.3905646063704,122.69313359188938,108678.36838182564,-0.27649602820844904,0.012261434024597893,0.9609368364365127,749.5801723406973,1097.6297990131845,14.643333270777378,521.622884981023,146364.98882566244,-47.69918077609725,1200.2993468388684,122.27455731525393,108609.27295814901,-0.2746027796429398,0.011773681300548601,0.9614856701173473,748.86810688964,1098.652120767054,13.623644137484181,521.7087502813645,146533.01844691104,-46.780152268072705,1201.6196520468623,122.7406945023939,108665.48646766375,-0.2755935841228004,0.012498954551716228,0.9611929840180187,749.6888572108339
314,16.75229357798166,1094.5583071993703,12.819297744453491,529.4554444776148,146507.87660502046,-47.152168906636135,1201.3731366777224,122.82185093896189,108662.44302837466,-0.28323766258026206,0.01207559736145637,0.9589737256277847,749.6194475305001,1094.0264945655044,13.566661900535735,529.2873560834734,146370.07883511743,-47.611919634066375,1200.3364316047066,122.44039976394397,108597.69583936394,-0.2812855555352711,0.011588260587646159,0.9595541404547044,748.9536169148138,1094.976086645251,12.50966277014162,529.4110167502881,146535.20478797684,-46.724232250227686,1201.5909560192483,123.04120012682034,108652.11842055492,-0.28231865488011376,0.012202855338061366,0.9592430700444396,749.7487267703551
315,17.155963302752312,1090.808210917137,11.864620280774417,537.1652211255658,146501.32671578086,-47.195371746254715,1201.3554988883182,122.95454515667456,108646.1357118647,-0.2899691719441484,0.011892975506824785,0.9569620872613602,749.6601869274746,1090.36488547846,13.160113977657204,536.8877658017593,146357.78281379567,-48.0491172404098,1200.3834295960185,122.17631882841631,108590.4583172605,-0.28793853735233327,0.011625111848829894,0.9575783286404831,749.0016980598054,1091.2047802127192,11.572210695316343,537.1587870068128,146535.1021541417,-46.8574996746302,1201.5557269233568,123.30453646538582,108640.37745899249,-0.28909660941322546,0.011897602463592246,0.9572259908095868,749.801293618202
316,17.55963302752295,1087.0010324715263,10.901742885211407,544.8527073931851,146497.24735310397,-47.23342958607558,1201.3376716018397,123.09079929634906,108629.46358026369,-0.2966900532341809,0.01171394674559117,0.9549019822806635,749.7023264912984,1086.615812593714,11.9460254951269,544.5975791102819,146355.63629704577,-47.83860255872992,1200.4290416499623,122.36952610547189,108567.58272699482,-0.29467224203378345,0.011450235393299217,0.9555297807416686,749.0928123208657,1087.4842249181481,10.405645102453636,544.7274029610386,146521.1056008931,-46.60122179158392,1201.585906549417,123.32783190631584,108613.28626482692,-0.29572152329707885,0.011882205187685029,0.9552002899176345,749.8601491420503
317,17.963302752293572,1083.136929779002,9.931300928430886,552.5172721352901,146495.6369919803,-47.26677614750914,1201.3196751002135,123.23019731436837,108612.44376598473,-0.30339980424746776,0.011538875894160878,0.9527934787380199,749.7458020560867,1082.7041518043573,10.434269435608373,552.475855715242,146384.33491782594,-47.551328958283214,1200.4231514076205,123.01119802999509,108552.03628725407,-0.3015575846893702,0.010953957723259513,0.953385039701437,749.2071270514009,1083.6233811915415,9.581269935889026,552.4044637214926,146539.51131188782,-46.802393489403805,1201.5710095559145,123.47700137057181,108602.57492848948,-0.30245002214005706,0.011665390461061369,0.9530938583229198,749.9094017559661
318,18.366972477064223,1079.216070398811,8.9539369857842,560.1582883435302,146496.49238093072,-47.295845672926376,1201.3015296127032,123.37232406295713,108595.09338954561,-0.31009792378025003,0.011368114139865531,0.9506366517487537,749.7905493532832,1078.7126660397616,9.410379469153586,560.355049285997,146389.3454629608,-47.59562230782821,1200.4461749786901,123.22054645630008,108533.6693730563,-0.3084640507805623,0.010719546029484332,0.951175599302762,749.2907613110535,1079.7183885605793,8.401853598531035,560.0631128266066,146538.01627258424,-46.59627935020648,1201.5874076538332,123.59178216239064,108577.91454233007,-0.30917188661829853,0.011580313607072276,0.9509356659951523,749.9732699158619
319,18.770642201834875,1075.2386314983526,7.970300525009064,567.7751333197994,146499.8085464325,-47.32107294227261,1201.2832553420196,123.51676528081363,108577.42956320751,-0.316783911763707,0.01120199888475241,0.948431583441141,749.8365040345298,1074.611066235086,8.18677128130087,568.2306999922507,146419.8403240481,-47.648599147033735,1200.389003971452,123.86230383033929,108521.90775501708,-0.3153771645759784,0.010159818064987051,0.9489120202426055,749.3857667538665,1075.84248123395,7.975174596353485,567.5057696298973,146527.273703244,-47.005993085292594,1201.6106498215918,123.32976870469463,108563.25626935634,-0.315724650760764,0.011641844197365213,0.9487794329377496,750.0080601050062
320,19.174311926605526,1071.2047998135226,6.981047590070493,575.3671888441941,146505.5787977345,-47.342893289389544,1201.2648724874598,123.66310758359953,108559.46939459418,-0.323457269399343,0.011040853593843188,0.9461783629023865,749.8836016945266,1070.7693471703697,7.871378442781251,575.5663118832261,146407.14777141644,-48.030541499509425,1200.4871130957847,123.32823229885737,108512.30621594441,-0.3218392543378903,0.010435181065579165,0.9467368173697267,749.4284233967296,1071.7642730095681,6.399732759451522,575.2255154744228,146542.153924108,-46.54204752142117,1201.5987297615595,123.76662454850188,108539.18982933575,-0.32251097781609395,0.011384064799788485,0.9464972647909455,750.0801083131703
321,19.57798165137615,1067.1147716040955,5.986840481310685,582.9338413374152,146513.7947320457,-47.36174261803773,1201.24640126508,123.81093845428938,108541.22999028837,-0.3301174992938171,0.010884987647947828,0.9438770861208046,749.9317778938517,1066.7638094760314,6.4188414554496465,583.0755089771161,146444.09588203902,-47.69162056737597,1200.4987967746044,123.78744687054653,108497.6890795878,-0.32843590260875577,0.010138182117122415,0.9444718498403919,749.5325426505179,1067.6714661640906,5.389258785718866,582.8212103598629,146557.6359053409,-46.58149684381066,1201.5848062066957,123.98204963076694,108523.00807518756,-0.3292048818455023,0.011177299444594505,0.9441923605633625,750.1351266182706
322,19.9816513761468,1062.968752604179,4.988347432079726,590.474482017545,146524.44624011,-47.37805741761271,1201.2278619248975,123.95984623338062,108522.72845940651,-0.33676410559309145,0.010734696201116061,0.9415278559243773,749.9809681817621,1062.7207523381667,5.56825186766049,590.5606352582239,146443.3974065965,-47.68221885238644,1200.5836737614754,123.60101127799558,108480.16127357016,-0.3350307798561785,0.010251572830364543,0.9421514112941001,749.6071514125163,1063.509486643291,3.815646007692599,590.4228999890864,146573.19952195868,-46.126007048643785,1201.567603435591,124.43820448134498,108496.92296143602,-0.3359085596939162,0.01092421073660134,0.9418312487617626,750.208984872112
323,20.38532110091745,1058.7669579678172,3.9862422820204197,597.9885070511156,146537.5215121583,-47.392274778546756,1201.2092747651318,124.1094201089692,108503.98191715061,-0.34339659411575835,0.01059026004280538,0.9391307819158752,750.0311081189576,1058.4701568207524,3.793635637225595,598.309476479339,146482.9763451266,-47.09787492063987,1200.6148023490093,124.19434438822925,108458.65811703578,-0.3418441227441667,0.009931519083147154,0.9397041878559295,749.733540444231,1059.338760999262,2.4549755973425316,597.9147349868338,146575.82905722217,-45.802962480239025,1201.5662858048586,124.71613587490516,108471.4578768087,-0.3425294115514247,0.010783131084768105,0.9394452226214383,750.273972644014
324,20.788990825688074,1054.509612209793,2.9812041471843975,605.4753176984125,146553.00704424048,-47.40483240738991,1201.1906601435003,124.2592501066874,108485.00748833612,-0.35001447248542583,0.010451945464840871,0.9366859804047187,750.082133300305,1054.1966952796163,3.469747511650413,605.8352189519284,146487.50422165357,-47.71921930774962,1200.6172161080467,124.04190623748991,108449.53843272594,-0.348518672277078,0.00985716206588123,0.9372500047640595,749.7756984695118,1055.0773832719221,2.089741923474046,605.4319314485406,146608.02861960733,-46.39877885995089,1201.5667449141183,124.61013768199103,108469.06461860894,-0.34918590012345674,0.01069206331899848,0.9369924689862528,750.3186321574849
325,21.192660550458697,1050.1969491417087,1.9739170871577874,612.934320452951,146570.88764493636,-47.416168641564184,1201.1720384855453,124.40892707950982,108465.82231089748,-0.3566172502620279,0.010320004133238934,0.934193574335769,750.1339793775351,1050.0281944008718,2.0456330701379253,613.1735207060475,146537.6713389216,-47.34809095227487,1200.6617387716844,124.39404251367957,108443.06991578297,-0.3549954282171597,0.009692780638044799,0.9348177875652657,749.8846408113862,1050.8054110074597,1.4728529328329405,612.8358712659045,146617.17063118613,-46.76058920292003,1201.5606587519785,124.61006058838933,108455.31939242885,-0.35575574334657095,0.01058330750427834,0.9345190445775831,750.3662045718344
326,21.596330275229377,1045.8292118034003,0.9650697693779658,620.3649271750621,146591.14644244293,-47.4267224637835,1201.1534302900238,124.5580426974222,108446.44353936653,-0.3632044390719293,0.010194672964962926,0.9316536932152326,750.1865820818766,1045.571648762707,0.8146554180915427,620.818477579502,146577.68658726692,-47.324050608635446,1200.6473313908073,124.86830061405192,108429.10869981651,-0.36176758779321744,0.009334218630185407,0.9322215856677212,749.9819899588,1046.4768587895305,0.4262106133832699,620.2223096334395,146616.58395366505,-46.71282646867913,1201.5590017478733,124.74347616220912,108432.70369245953,-0.3623176273016209,0.010492239377697716,0.931995627596699,750.4245104065044
327,22.00000000000003,1041.4066523897766,-0.04464486917698095,627.7665552195542,146613.7648920375,-47.43693351613407,1201.1348561313353,124.70618943695821,108426.88834832796,-0.3697755527366984,0.010076174009675318,0.9290664730338707,750.2398772466601,1040.9207209801548,-1.2380105790386036,628.7182282648697,146638.3203224255,-46.68623103634955,1200.6359224427013,125.82076356879242,108403.60360688162,-0.3687523109204273,0.00879901414483983,0.9294860464476717,750.1270352813115,1042.0967228582542,-1.3075016939137312,627.6066419355715,146635.66077287425,-46.071094839487344,1201.5607000426794,125.20036130936468,108395.19491814855,-0.36886906811279363,0.010334029942648535,0.929423917496609,750.521122375525
328,22.40366972477065,1036.9295321731486,-1.0545299627417821,635.138627557407,146638.72278391756,-47.447242113808805,1201.1163366590145,124.85296057059979,108407.1739358478,-0.37633010740042716,0.009964714336546974,0.9264320561877024,750.2938008298588,1036.6438631625608,-1.9060678612564124,635.8094738659371,146681.06995559827,-46.9496357518394,1200.6616762932142,125.80020966836241,108401.48615007957,-0.37506393489465933,0.008759838972374511,0.926957555642389,750.1900827298845,1037.6452004704718,-1.1249532014392942,634.9558939429822,146674.9129412524,-47.084012024762,1201.5763428294233,124.74186709698535,108409.46995944278,-0.3754184911471167,0.010397162586474445,0.9267970951157393,750.5353546766491
329,22.807339449541274,1032.3981214211392,-2.0638850597750227,642.4805728914555,146665.99825141334,-47.45808925849022,1201.0978925942673,124.99795015604161,108387.3175268764,-0.3828676216554675,0.009860485926180489,0.9237505913963928,750.3482889365831,1032.3898577325094,-3.00647129401699,642.8028957843408,146719.49504786776,-46.73881373007095,1200.7237143555287,125.84312777153781,108390.4729040635,-0.38128017092300076,0.008819441013384251,0.924417464526249,750.2773794615085,1033.1683507011812,-2.595790425746627,642.2653296090838,146701.40848498515,-46.63311838623337,1201.591937251477,125.01872443883074,108381.40790118277,-0.38192520127415347,0.010339304030997901,0.9241354010229519,750.6238517677303
330,23.211009174311926,1027.8126993102678,-3.072006468041442,649.7918257660571,146695.56777957457,-47.46991665137578,1201.0795447235712,125.14075302532072,108367.33637662388,-0.3893876166664583,0.009763665567700627,0.9210222336195242,750.4032778415117,1027.7730301231556,-3.874000870986271,650.2259261046134,146748.02537222797,-46.91758921575705,1200.7396979999228,125.96144362423694,108377.36284660731,-0.3879020654758905,0.00869816041171289,0.921659551898091,750.3539128167935,1028.6673030185068,-3.6206036048990264,649.4839738230658,146730.8514755126,-46.579694147581954,1201.602230231719,125.11723416987758,108361.14260370655,-0.38836545641526365,0.010304407593177023,0.921447823507939,750.6906944486607
331,23.614678899082577,1023.1735538352756,-4.078187601577706,657.071826670693,146727.40621412618,-47.48316670584076,1201.061313889318,125.2809647738071,108347.24777390901,-0.395889616292527,0.009674414761061047,0.9182471439709392,750.4587040112584,1022.9537245838707,-5.06501526269477,657.8444144621964,146802.15470474891,-46.98712871683555,1200.7208125564302,126.4473100703728,108369.16292179762,-0.39470281781531286,0.008343264372741799,0.9187709592429761,750.4523236436482,1024.0617246023166,-4.8057668576472,656.7292204865547,146742.7750917878,-46.417280156543065,1201.5936995738787,125.32248161815397,108335.50326608866,-0.3948483301399869,0.010227349157583564,0.9186893912062296,750.7561330445244
332,24.018348623853228,1018.4809817143176,-5.08171932935393,664.3200221375254,146761.4867707982,-47.49828255973304,1201.0432209775236,125.41818174905625,108327.06904448011,-0.4023731472075389,0.009592879624612433,0.9154254896313561,750.5145041266833,1018.4213813181815,-5.871129356679286,664.93613251571,146805.92989475245,-46.979250613269706,1200.798405441277,126.21992419253807,108342.95123108687,-0.4010423044895725,0.00854615913824089,0.9160196685517603,750.5223188317594,1019.3999220176435,-5.58501478544464,663.9460974885443,146769.24599517585,-46.61230456324328,1201.587131266188,125.34324112498456,108317.52420083393,-0.40131488639522994,0.010182211981718215,0.9158835540158711,750.8132308309281
333,24.42201834862385,1013.735288290096,-6.081890325442774,671.5358648328781,146797.7810450201,-47.515708087294406,1201.02528690258,125.55200103952218,108306.81755430777,-0.40883773901828147,0.009519190807973527,0.9125574437594497,750.5706151051229,1013.440820661746,-7.66019124628843,672.5316326441697,146879.1442139748,-46.64674491422184,1200.7341601991743,127.1488144471985,108320.68233430326,-0.40783930821379705,0.00800766815440286,0.9130186065609072,750.6498596506357,1014.6896209204014,-6.744986980300304,671.1097517518115,146815.97332856955,-46.50714142878227,1201.5593578368891,125.59619721518408,108292.69497706013,-0.40773802908094015,0.010064054454622835,0.9130434899001936,750.8798263163192
334,24.825688073394502,1008.9367874270453,-7.077987420505853,678.7188136426531,146836.25902198657,-47.53588791070414,1201.007532589061,125.68202046312923,108286.51071284903,-0.41528292438045716,0.009453463410242375,0.9096431854015985,750.6269741225585,1008.7226384309042,-8.102668128802158,679.6477740187516,146928.47288925122,-47.154502997169764,1200.7624793757236,127.03497084329945,108328.15559422997,-0.41423168520503956,0.007984602199678115,0.9101364497150446,750.7099022527183,1009.8975112482742,-7.91408339386082,678.2964806328176,146858.85568905342,-46.382958988845125,1201.5419562631691,125.82229485658613,108266.36857620455,-0.414191280976329,0.009979600637203346,0.9101351494884206,750.9524769384204
335,25.229357798165154,1004.0858014046809,-8.069295954409796,685.8683337516917,146876.8890870848,-47.55926741123859,1200.989978950587,125.80783855570219,108266.165976282,-0.4217082391123744,0.009395796903581268,0.9066828994004945,750.6835186356949,1003.8890458392959,-9.697501621531835,686.8379152059694,146972.28907438915,-46.680566217479324,1200.7808200571578,127.47295466010507,108293.98643975495,-0.42067775877740743,0.007872955455748445,0.9071759696125165,750.8293058525704,1005.1647631845636,-8.568047252968974,685.3054593190336,146877.88598744269,-46.551344355372095,1201.5690538582478,125.60701355114412,108246.04345721367,-0.4204991923123529,0.01013453831562121,0.9072363090164481,751.0091315608965
336,25.633027522935777,999.1826608072055,-9.055100129782424,692.9838967170894,146919.6380366907,-47.58629274004315,1200.97264686572,125.9290545592539,108245.80085071168,-0.4281132223062194,0.009346275062204952,0.9036767763028146,750.7401864039754,998.9565096854031,-11.024716683533732,694.0415231872777,147033.41033470555,-46.51970801842885,1200.778719882029,127.888690686639,108274.62800795562,-0.42715672845191427,0.00768857470652611,0.9041449082736902,750.9321497677447,1000.2010229655446,-9.42772782466563,692.5177614233428,146935.75271571876,-46.80163544505042,1201.5326092811345,125.82030144585133,108233.95142842892,-0.42699863735487265,0.009947228302829684,0.9041975538266919,751.0670116504962
337,26.036697247706428,994.2277044094992,-10.034683366321229,700.0649805354963,146964.4710893227,-47.61741082851118,1200.955557150921,126.04526841012937,108225.43289534554,-0.43449741643680306,0.00930496589679778,0.9006250122661501,750.7969155114981,994.0777859206864,-11.415606109383166,701.0394658367835,147056.32310956874,-47.016775435043,1200.8015947882338,127.66395896382636,108267.06661999621,-0.43347983073978247,0.007751457594463257,0.901129930280296,750.9819079811272,995.3381975253018,-10.691188830779387,699.4917004306876,146983.6408796635,-46.48963173337985,1201.5379659489693,125.96626303563164,108205.53924997665,-0.43328639939992664,0.010008519532735901,0.9012007132885604,751.145020832682
338,26.44036697247708,989.2212790596034,-11.007328655664812,707.1110697044179,147011.35189716096,-47.65306939826486,1200.9387305305372,126.15608072700674,108205.07972563914,-0.44086036746765717,0.009271921594381506,0.8975278089653992,750.8536443888576,989.3424622683748,-12.103477611684344,707.8067147410153,147094.25565928264,-47.0452467516233,1200.8988444196877,127.33940787659078,108257.74266547793,-0.43957909943732754,0.008059000050402356,0.89816772813103,751.0504862252883,990.3334675788738,-11.787299770469122,706.5512491873739,147028.1051415894,-46.40521106618892,1201.526332591704,126.12284487926104,108178.38751019732,-0.4396676294571057,0.009989274378090069,0.89810499943212,751.2178128426865
339,26.84403669724773,984.1637395578192,-11.97231891664114,714.1216552775645,147060.2425579209,-47.69371697073418,1200.92218760383,126.26109279875335,108184.7590164101,-0.44720162495439103,0.009247178463651808,0.8943853734988143,750.9103118348856,984.4393176137344,-13.610641293660528,714.6907861404716,147179.35736549995,-46.67043240722307,1200.9238117282955,127.81498543750685,108248.23289704254,-0.4457878111532378,0.007933989058887439,0.8951035019732738,751.1638081034279,985.1796965086735,-12.407213324513526,713.7034977371801,147105.98572016554,-46.90241665813281,1201.4870715335048,126.25781365452583,108183.54005175119,-0.44614831021102924,0.009793358013179257,0.8949054561430883,751.2556831391584
340,27.247706422018354,979.055448532536,-12.928937350705414,721.0962349142835,147111.10362708778,-47.73980287632848,1200.9059488090386,126.35990657213938,108164.48850492261,-0.4535207421451862,0.00923075688579746,0.8911979182939079,750.9668570383055,979.3031485107914,-14.174071122197022,721.7393091854586,147194.90427944603,-47.0020707513807,1200.9507895864792,127.6204969487226,108224.75636365417,-0.4521830617450685,0.008034568172419805,0.8918889641570513,751.2250875993151,979.9417241534155,-14.002779188828264,720.8369844599981,147164.53316139567,-46.56266082204817,1201.4251865027331,126.86161206029584,108142.39202957007,-0.4526274263042099,0.009548992042587624,0.8916486021455974,751.3465063406355
341,27.651376146788976,973.8967763129265,-13.876467797383464,728.0343129231328,147163.89413050516,-47.79177726319634,1200.890034384472,126.45212463940945,108144.28599393963,-0.4598172760783342,0.009222661270812662,0.8879656610134115,751.0232195992874,974.1808188985958,-15.408473533083077,728.7325684556425,147269.55182829217,-46.771608018437675,1201.007852894927,127.79660464013223,108195.43332656582,-0.4585046028333117,0.008082762632429994,0.8886552751933086,751.3267464616732,974.7659756387121,-15.05753682746424,727.8326145124042,147236.17874207208,-46.535032535376786,1201.4270579874928,127.01743146118228,108127.52848055081,-0.4589770650353103,0.00953943233725303,0.8883969006036972,751.4192244991988
342,28.055045871559628,968.6881007986282,-14.81419508953414,734.9354002996342,147218.57157731443,-47.85009110556874,1200.87446432662,126.5373502257108,108124.16935474321,-0.46609078767671164,0.009222880019309081,0.8846888244614893,751.0793395508946,969.0784610072163,-16.959535070169128,735.5940932843326,147363.6516570482,-46.23537300964412,1201.0641715502468,128.11442166617763,108165.74662874763,-0.46470673424025183,0.008155972442639759,0.8854270897511974,751.441321794321,969.4988336449157,-16.083436855006923,734.8109690527372,147292.264609052,-46.631133711565006,1201.3919594868398,127.28125675147241,108104.39769185022,-0.46533530629581366,0.009406058984191615,0.8850845037446804,751.4866891525602
343,28.458715596330308,963.4298073265498,-15.741405408250499,741.7990147582894,147275.09197324867,-47.91519621168132,1200.8592583452937,126.6151871763835,108104.15653012402,-0.47234084183909264,0.009231385489830615,0.881367636490401,751.1351573804412,963.9025729727758,-17.50450870125924,742.4402350916465,147406.82584365658,-46.470748182162126,1201.1388974261852,127.8006114254127,108142.20145133599,-0.4709242211415302,0.00839630873917789,0.8821337086529455,751.5071905177278,964.14749375772,-17.411342111321854,741.7839138392151,147366.54256244653,-46.546007701592345,1201.335047851789,127.78985221737257,108083.6999620247,-0.4716978233105083,0.009174844912911703,0.881712530082766,751.5544824009442
344,28.86238532110093,958.1222885349238,-16.65738663721761,748.624680758911,147333.40983427336,-47.987545231270175,1200.8444358157665,126.68523994411431,108084.26553733765,-0.47856700752820214,0.00924813397167022,0.8780023299078106,751.1906140507256,958.7071639289412,-17.57359491119577,749.1362654426135,147428.5922345845,-47.274095761120044,1201.1420722662922,127.47651716168434,108145.79992669982,-0.4770532291816834,0.008430639233024385,0.8788339665997501,751.5385478781619,958.8251838824276,-18.496132406437205,748.641667052645,147438.50448202514,-46.46304733074269,1201.3314521756004,127.92464243143564,108066.49183264773,-0.4779576595999252,0.009222758236872448,0.8783344558653418,751.619388995566
345,29.266055045871553,952.7659442247586,-17.561428716347528,755.4119295273587,147393.47820057385,-48.06759166263767,1200.8300157279357,126.74711357595442,108064.5144710284,-0.48476885785542295,0.009273065663184853,0.874593142384935,751.2456510211607,953.3843253561421,-17.720485445202684,755.9056293231358,147462.7479857309,-47.99896556139859,1201.1535480459543,127.15181558494565,108147.90477275244,-0.4832553201468627,0.008493923466113785,0.8754382609949745,751.573109851066,953.5018984157526,-19.018257267287925,755.4107105780998,147513.7041036643,-46.86935455899672,1201.3353351185715,127.79850090890098,108065.56321694971,-0.4841461809807246,0.009276108877807436,0.8749379573694734,751.6594288149311
346,29.669724770642205,947.3611812188158,-18.452823994514898,762.1602990707511,147455.24865088981,-48.155789859281555,1200.816016632471,126.80041370020976,108044.92150612125,-0.4909459701620489,0.009306104655600698,0.8711403163657297,751.300210268791,947.9594725884629,-18.72209879933337,762.7246942086044,147527.29349211644,-48.00492240376101,1201.168912620407,127.26193123500582,108120.23606944649,-0.48948922407064394,0.008524333891185959,0.8719676801639098,751.6554817676093,948.0983131056956,-19.42089116755287,762.1689456005855,147540.3788656048,-47.352726023213975,1201.3380390155066,127.56828054288808,108054.42107524992,-0.49034934307983236,0.009367662666656383,0.8714756271045911,751.6937267089282
347,30.073394495412856,941.9084132182637,-19.33086758121642,768.8693341872361,147518.67131718708,-48.252595036083605,1200.8024565839671,126.84474651320336,108025.50490067975,-0.4970979260970076,0.009347158922298015,0.8676440989773027,751.3542343091854,942.4015133696449,-19.652618276489658,769.6099328163339,147603.9820861783,-48.082798533785606,1201.1872423176196,127.32839590367136,108095.31445402774,-0.4957947284904256,0.008566276944285679,0.8683974931449416,751.7302314938524,942.6034546692973,-20.52961482593055,768.9181406738664,147626.54082151005,-47.35657045322171,1201.2989060123805,127.84846562560514,108030.00700423036,-0.4965471053199528,0.009287128827108922,0.8679600920759688,751.7574339948292
348,30.477064220183507,936.4080606571432,-20.194857696983277,775.5385864704415,147583.6948996758,-48.35846327505263,1200.7893530810763,126.87971876592096,108006.2829987316,-0.5032243116909622,0.00939612031356129,0.8641047419417456,751.4076662172135,936.8913142730335,-20.335074441879343,776.3307747927025,147672.6806988855,-48.3820358882043,1201.1998958502136,127.30664239124471,108082.85439720814,-0.5019660360897032,0.008587442874291676,0.8648446996063925,751.7981831491218,937.0284964398919,-21.516981470438974,775.6574144028431,147675.47365613026,-47.4490627180688,1201.2602887843414,128.03610826034398,108001.3280983366,-0.5027583472587269,0.009240317419024814,0.8643776147006985,751.8128116413911
349,30.88073394495413,930.860550554796,-21.044096022374323,782.1676143086696,147650.266682159,-48.4738515306154,1200.7767230036195,126.90493775054094,107987.2742330597,-0.5093247174267065,0.00945286455677747,0.8605225014895758,751.4604496476909,931.1321220827939,-21.636098419495546,783.26890488998,147769.59072988367,-48.151492088389105,1201.2243406837401,127.549031511804,108041.146229354,-0.5083281889973802,0.008639890523996522,0.8611200871901532,751.9032439099379,931.4989759947574,-21.9284637726744,782.269796583521,147718.08622648002,-47.9672903425932,1201.2511595214694,127.8688976012007,107997.94762449064,-0.5088599661102253,0.009281907689195687,0.8607992687496601,751.8368757702374
350,31.28440366972478,925.2663163664141,-21.877888045382647,788.7559828789766,147718.33254772128,-48.59921763445189,1200.7645825466775,126.92001128686083,107968.49712796132,-0.5153987383057774,0.009517251262061875,0.8568976382749738,751.5125288559066,925.6938925873595,-21.789287188076326,789.717637628683,147816.04430348417,-48.78514014250902,1201.2620640629057,127.15648429912343,108049.53718279136,-0.5142782241045406,0.008793712440633214,0.8575783222734769,751.945726664697,925.8807991788099,-22.4623470509934,788.8943488593702,147758.8595088884,-48.33493046371949,1201.2510997212994,127.69772350438231,107983.3594728467,-0.5149810318844852,0.00938483887271113,0.8571501978058013,751.8756110328577
351,31.688073394495433,919.6257978318367,-22.69554340708907,795.3032641362192,147787.83699474783,-48.735020299866925,1200.7529471516286,126.92454770862453,107949.9703019713,-0.5214459739111956,0.009589123933288356,0.8532304172930059,751.5638487180046,920.0678995552214,-22.260729955298974,796.283297004044,147875.1197646934,-49.21850030216729,1201.281207470361,126.97906044589466,108041.76179993633,-0.5203445369559079,0.00887513408681199,0.8539102967262329,751.9980812867424,920.2670810223949,-23.360235348331006,795.4168097379296,147804.92628028267,-48.31511321477452,1201.2604068604544,127.64166053790586,107961.02305479169,-0.5210164389887004,0.009571853298536133,0.8534929700518717,751.9285928242309
352,32.091743119266056,913.9394408227746,-23.496376245401905,801.8090367972135,147858.72315327215,-48.881719125694445,1200.7418314341542,126.91815584976455,107931.7124705531,-0.5274660284662738,0.00966830998449783,0.8495211077990116,751.6143547512424,914.1249677806686,-23.712597964882807,803.1158164198698,147983.2916591675,-48.94280070415684,1201.2796207455274,127.39733437692952,108000.20713091493,-0.5266489200935378,0.008843191587671296,0.8500368891564968,752.1034280811383,914.6167482513126,-23.68199698841347,801.9109391834857,147866.90430953001,-48.823397949374275,1201.2791590401987,127.33223557266055,107956.88920827254,-0.527028851745407,0.009719200304754674,0.8497918136657671,751.9612938428853
353,32.49541284403671,908.207697188595,-24.279705536721515,808.2728863201103,147930.93280165386,-49.03977459972684,1200.731249109182,126.90044503056656,107913.74244875542,-0.5334585108894093,0.009754620761656056,0.8457699832303405,751.6639931341067,908.2335672779479,-25.203513916887125,809.7558532746073,148086.6595973744,-48.81381583817933,1201.2258525567436,128.06993567099113,107972.81917314808,-0.5328025376133121,0.008585428107256357,0.8461960448601908,752.1903062894612,908.8921294005918,-24.293101690326402,808.3929252325512,147943.8558788924,-49.0531223149314,1201.2991659476606,127.13481602639906,107943.94276164289,-0.5330359809797096,0.009907339465442923,0.8460345664366882,752.0097478540222
354,32.89908256880736,902.431024600836,-25.04485543537323,814.6944048791235,148004.40638357555,-49.209648101663404,1200.7212129127622,126.87102504376995,107896.07915383323,-0.5394230348447938,0.009847851569729404,0.8419773211306187,751.7127107262829,902.5461259729775,-25.428372681216302,816.1409093171286,148132.52291718053,-49.2415185373137,1201.3024273010703,127.53472002332121,107960.96625213881,-0.5387234356958326,0.008924923345213198,0.8424354014257474,752.2402714058408,903.1605648130077,-25.006173787681657,814.786549175916,148015.65881027086,-49.17466301795461,1201.319351972329,126.98074745892754,107931.2873483523,-0.5389746547851854,0.010115582534389812,0.8422612400491787,752.0571235604389
355,33.30275229357801,896.609886396604,-25.7911556106556,821.0731913347543,148079.08302536773,-49.39180190557148,1200.711734520879,126.82950614061788,107878.74160783664,-0.5453592187889773,0.009947781705044763,0.8381434030767201,751.7604550884889,896.6890348107112,-26.406969333471018,822.5980306547314,148222.17335142213,-49.395313754959865,1201.3039670441603,127.78727849455244,107946.54795024177,-0.5447205955404858,0.008849661885435432,0.8385709011637191,752.3111647202379,897.3140469072142,-25.254296130504077,821.2129150462855,148064.57152352433,-49.813180609884256,1201.321479642071,126.70025069871123,107935.87018766701,-0.5449661369536912,0.010188138589509068,0.8383961542169974,752.0762604139073
356,33.70642201834863,890.7447514210103,-26.51794158135313,827.408851199634,148154.90055364565,-49.58669918185326,1200.702824465165,126.77549901687223,107861.74894016345,-0.5512666860132196,0.01005417449289733,0.8342685146086173,751.8071745021523,890.8300049063241,-27.0276218532546,828.9789925686415,148313.16984658112,-49.75339821480669,1201.3315265386275,127.74727455900484,107942.17039871885,-0.5506561919241605,0.008892697160513685,0.8346847777651115,752.367726526579,891.4831253633546,-25.815648054846182,827.534941908285,148123.9115838305,-49.99775112899464,1201.3519719707172,126.39557339906565,107915.02732343886,-0.5508616168972691,0.010470077772458763,0.8345309200387754,752.1279567710612
357,34.110091743119256,884.8360938688149,-27.224555047566568,833.700996600155,148231.7955132667,-49.79480399871079,1200.6944920455342,126.70861479880837,107845.12039007837,-0.5571450646815723,0.010166777330368087,0.8303529451622855,751.8528179889415,884.9240572433374,-27.39560652956676,835.2746440236756,148341.66935678254,-50.284384827535035,1201.3351846845076,127.524526338588,107929.3731678133,-0.556552937119608,0.008968349393949233,0.830763743125978,752.4066034382388,885.5440799115842,-27.156675758565136,833.8689118436953,148266.36687859127,-49.702412743819224,1201.3428297032992,126.70472786189339,107897.00971485508,-0.5567659430706633,0.01056404167662858,0.8306022427492533,752.195332333056
358,34.51376146788991,878.884393125425,-27.910344219716606,839.9492462340099,148309.70318559778,-50.01658132310118,1200.6867452397005,126.62846502920891,107828.87530919681,-0.5629939878646301,0.010285321734310519,0.8263969880058268,751.897335330138,879.0486614591632,-26.953207591862476,841.4536342384798,148351.98217331813,-51.349435357927206,1201.3658224350268,126.71784213381945,107943.79952895812,-0.5623637954150167,0.00920002331301416,0.8268387516181479,752.4093944501792,879.6835255598926,-27.518064273142233,840.048763007246,148327.0978771824,-50.104602744477724,1201.3672164443676,126.36569760201718,107879.81195001991,-0.5625513355967094,0.010778072385965173,0.826692099861854,752.236025673569
359,34.91743119266056,872.8901336074324,-28.57466414458097,846.153225323822,148388.55760709316,-50.252497021174975,1200.6795906095808,126.53466165337572,107813.03316393479,-0.568813093568901,0.01040952339446446,0.822400940178984,751.9406770858543,873.116140532763,-28.302070385067413,847.6756483046969,148477.5869109789,-51.072840851762486,1201.4130349593286,127.06607807561977,107916.56107333,-0.5681548454789962,0.009268709075552644,0.8228694687438651,752.5100542944834,873.6597416835908,-28.146364679530578,846.2886456241608,148401.4656463397,-50.4230465517963,1201.3559363250697,126.29992978494565,107863.75128847934,-0.5684114578144756,0.010848606920659738,0.8226729133459443,752.2830224580829
360,35.32110091743121,866.8538046028367,-29.21687702822849,852.3125655670199,148468.2915881786,-50.50301785818847,1200.6730332045847,126.42681700518153,107797.61353792378,-0.5746020247617469,0.010539082231653134,0.818365102436202,751.9827946140904,867.1939915980295,-29.328966566665564,853.8050771294099,148592.96720601138,-50.99084646428343,1201.4754471145218,127.1707845615818,107896.6437832172,-0.5738744072641765,0.009418016142735044,0.8188891656745284,752.6019638227971,867.7135260810372,-28.913714038828196,852.3637963510367,148456.63966016707,-50.507490235981784,1201.3631469992588,126.21658440620598,107845.70669838505,-0.5741291000607357,0.011041910084979368,0.8186903277095223,752.3257215926591
361,35.72477064220183,860.7759001111165,-29.836352555716125,858.4269050821025,148548.83673243798,-50.76861149788106,1200.667076461745,126.30454379318306,107782.63613439065,-0.5803604293918424,0.010673682461017998,0.8142897791934011,752.0236400896218,861.2421771433309,-29.67947141670246,859.8368427871684,148638.8001787325,-51.39763978241182,1201.5219951275753,126.82626817338435,107891.37386895041,-0.5795500394107028,0.009639049081187068,0.8148796478940085,752.6451402469382,861.5506806593785,-30.400248085466732,858.5380465203506,148638.21192573095,-50.24789960952523,1201.3042661348502,126.77360715565166,107817.37004989511,-0.5799352856451627,0.010978514755876613,0.814588568958231,752.4074361586381
362,36.128440366972484,854.6569186833294,-30.432468207419625,864.4958883514948,148630.12345610216,-51.04974650130902,1200.6617221027163,126.16745508682222,107768.12077850326,-0.5860879604051112,0.010812992660244531,0.810175278478618,752.0631665227276,855.1708046791437,-30.276798997094772,865.9096348346274,148730.77555880134,-51.67616455702999,1201.5618436705481,126.68842593838697,107889.17555910943,-0.5852642431420646,0.009794044864916817,0.810783474415044,752.6997392642721,855.4353044390016,-30.97334646933158,864.6149913023249,148729.70843453566,-50.55136520728177,1201.306313165228,126.62825659828809,107809.84408511964,-0.5856697153153038,0.011125589880588522,0.8104734454701769,752.4447109961951
363,36.532110091743135,848.4973632623972,-31.00460957187185,870.5191661611397,148712.08100783208,-51.34689232512503,1200.6569700276054,126.01516430274035,107754.08741968115,-0.5917842757560988,0.010956665842730903,0.8060219118866685,752.1013277777402,849.072466760474,-30.982559222379663,871.9454497975979,148829.04426337106,-51.85326894528004,1201.6172844015653,126.60238622029244,107875.65084405716,-0.5909433832854065,0.009959405930378822,0.8066515530169834,752.7712090294092,849.1942851257253,-31.748266227775126,870.7092374516535,148831.47546962753,-50.72031099101508,1201.289478901762,126.61663060745268,107792.17323772554,-0.5914370063706943,0.011247650047172833,0.8062727564935379,752.4951331969021
364,36.93577981651376,842.297741023738,-31.552170654986703,876.4963955370185,148794.63748879562,-51.660519319293826,1200.652818205631,125.84728519123537,107740.5561338713,-0.5974490384147447,0.011104339535650508,0.8018299945379781,752.1380785914262,842.9675022886419,-31.6095876102924,877.8836388652599,148925.2921035124,-52.05917954543032,1201.6617046634567,126.44914603408543,107859.48091923926,-0.5965455579362511,0.010156821134112605,0.8025149445904273,752.826513965774,843.0738113642205,-32.10109023374538,876.6327721157074,148918.69100808195,-51.17334486393924,1201.303983377278,126.33093559316903,107785.08847659647,-0.5970473430136363,0.011416806177029951,0.8021247575889136,752.5265069851014
365,37.33944954128441,836.0585632164218,-32.07455418554949,882.4272396787846,148877.71987303687,-51.99109872423259,1200.6492625625983,125.66343182289131,107727.54712578985,-0.603081916368522,0.011255635862858505,0.7975998450417313,752.1733745911916,836.7165777849541,-31.938490870151544,883.8399922817264,148988.47321058752,-52.62351384356943,1201.6661736721705,126.21507641060744,107860.1907292419,-0.6022079171232182,0.010237638213772753,0.7982736468892851,752.8573833797502,836.7903482186446,-32.85429016482303,882.6061443350142,149031.0788338966,-51.35446954359437,1201.294439307951,126.31374419214558,107775.40676265562,-0.6027185945570169,0.01154593570062009,0.7978702821536916,752.5667150055177
366,37.74311926605506,829.78034500501,-32.571171916859015,888.311367890678,148961.25402812898,-52.339102667365246,1200.6462968651745,125.46321857541496,107715.0807311286,-0.6086825826199079,0.011410161632591434,0.7933317854634826,752.2071723131036,830.6070434914138,-33.07342237795295,889.6282174886413,149105.43998318756,-52.34373775714815,1201.7232827547336,126.31348068830779,107826.20924644454,-0.6076706708332342,0.010508986195046002,0.7941195860940841,752.9421943795847,830.4356036014875,-33.21994520099003,888.5634066448189,149077.7538946375,-51.78140995749986,1201.2995880914837,125.99308548403165,107761.98370811861,-0.6084012506501646,0.011748504831813722,0.7935426206836861,752.5991839448899
367,38.14678899082571,823.463605312246,-33.04144492441004,894.1484555099262,149045.16473611066,-52.70500415907785,1200.6439126019586,125.24626012071164,107703.17741872714,-0.6142507151791667,0.011567508429909144,0.789026141297363,752.2394292197313,824.394931138704,-33.4857752182115,895.4182999883427,149178.6246299011,-52.65424545298576,1201.7752617693131,125.97789939534084,107810.19156547076,-0.6131739554988522,0.010775792188389942,0.7898744093845581,752.9896043222067,824.1044788377649,-33.6685060769156,894.4209449838589,149165.10695866236,-52.1774665009644,1201.301738352516,125.77253519404583,107752.63106700641,-0.6139901776988819,0.01190389580367881,0.7892238965933499,752.6314575346246
368,38.550458715596335,817.1088666627685,-33.48480389950858,899.9381838328188,149129.3757147046,-53.08927708806322,1200.6420988613315,125.01217141223981,107691.85779271027,-0.6197859970524151,0.011727252713827243,0.7846832414430231,752.2701037178022,818.0222092547721,-33.82421843814326,901.2353432531783,149242.29549899732,-53.209731565074364,1201.776356107213,125.75359228538561,107817.28025593283,-0.6187421622449205,0.010860430907908553,0.7855190562303215,753.0139701080494,817.745654558602,-33.68350170523039,900.237840853589,149206.07594545683,-52.85032195137213,1201.3284736624078,125.2243405169639,107749.90467603214,-0.6195557623006358,0.01212915946706815,0.7848589305669524,752.6456188884638
369,38.95412844036696,810.7166550280036,-33.9006894387168,905.6802400386501,149213.809638808,-53.492396216041236,1200.6408422060651,124.7605676726839,107681.14259459158,-0.6252881162249534,0.011888955919088642,0.7803034181874402,752.2991551756675,811.6874584090413,-33.97933404380712,906.9503929808825,149291.44547528916,-53.75496016673223,1201.8091425207238,125.28759123649941,107823.58822510694,-0.6242198028194405,0.011099910726116827,0.7811699109348306,753.0337138558722,811.493031613779,-34.35395769052055,905.8664434927488,149308.59184045118,-53.07439354729114,1201.3303069014798,125.1770537579628,107736.06893463364,-0.6249430695716699,0.012258703663627442,0.7805740733452695,752.6785182058177
370,39.35779816513761,804.287499672412,-34.288552329025876,911.3743171117236,149298.3881622581,-53.914837171840055,1200.6401265446893,124.49106438198538,107671.05270534215,-0.6307567656398424,0.012052164562522458,0.7758870071917192,752.326543940579,805.3547352961609,-34.323890642053264,912.6113879907558,149372.10918359781,-54.07743447050127,1201.8686508037015,124.88216384144354,107814.2967368491,-0.6296335450687506,0.011408520847841505,0.7768084992945314,753.0734243279968,805.1543185474295,-34.73547193464997,911.5009320006548,149395.72707127815,-53.51327253030475,1201.3416160729876,124.92978820390282,107728.45567082544,-0.6303494264471556,0.012408808198401374,0.7762123562897185,752.7015012875464
371,39.76146788990829,797.82193300126,-34.64785382866115,917.0201137616276,149383.0319398635,-54.35707644482528,1200.6399329996038,124.20327726577852,107661.60914742484,-0.6361916431717165,0.012216410353938976,0.7714343474830089,752.3522313557667,798.927504297983,-34.80500854724667,918.2548379414839,149462.19013099922,-54.43478489376833,1201.8908902976414,124.68432073731216,107801.48627264133,-0.6350473873346617,0.011567662673669533,0.7723865644997253,753.120923901801,798.7110094207383,-35.20470857916799,917.1372195308554,149484.03328730847,-53.87078930842034,1201.3466960605783,124.71605089408314,107714.08740552851,-0.6357730117662592,0.012578057296636313,0.7717735872549037,752.733286626142
372,40.16513761467891,791.3204904100625,-34.97806594342689,922.617334341984,149467.66064970387,-54.819591377659435,1200.640239771909,123.8968222842776,107652.83308679551,-0.6415924515958179,0.012381210311509643,0.7669457814516554,752.3761797773249,792.1760098592797,-35.640292422576906,924.1064882296916,149632.5439413152,-54.77553832426813,1201.8876717483777,124.89615386233024,107817.84163613123,-0.6406522267620813,0.01151561341954089,0.7677448241390875,753.1662449991023,792.3237851376396,-35.32792635188475,922.6783983480617,149606.17067292478,-54.56149248152406,1201.3654688627366,124.35743613458568,107717.46788449762,-0.6410977788911821,0.012670974145347175,0.7673546014164512,752.7470642642295
373,40.568807339449535,784.7837101358755,-35.27867169849996,928.1656887678772,149552.19301568693,-55.30286015837791,1200.6410220029622,123.57131562166349,107644.74583486925,-0.646958898552256,0.012546066881581927,0.7624216548537002,752.3983525908928,785.8484959837035,-35.50475731781904,929.5002765623476,149643.67306714333,-55.417456050352094,1201.9340881772332,124.16314262674435,107797.12241566606,-0.6458759877018728,0.011839479928741669,0.7633505323409077,753.1932256957442,785.772035038695,-35.41488272063465,928.2648331345764,149667.7658816211,-55.21007928777872,1201.385011825526,123.88909170412009,107712.17987218386,-0.6464979659674975,0.0128461141359529,0.7628075493540258,752.7636731656925
374,40.972477064220186,778.2121331106054,-35.54916540558725,933.6648924321598,149636.54683036293,-55.80736181176196,1200.6422516326318,123.22637367602438,107637.36885045328,-0.6522906965054728,0.012710468062879253,0.7578623168188452,752.4187142281359,779.2545975309208,-36.022611623567244,935.0559809069077,149764.7420931305,-55.77337733497069,1201.960263690625,124.0096751545363,107796.10368387596,-0.6512316717604758,0.011986451521987294,0.7587843136728426,753.2346404085575,779.1909971513688,-35.43483920562587,933.7948704777065,149715.77300944764,-55.852104927535926,1201.4110666852603,123.32959068492222,107705.40813425317,-0.6518604992655497,0.013075106057579793,0.7582261741056237,752.7793164761961
375,41.37614678899084,771.6063028164831,-35.78905292536401,939.1146661208716,149720.6389779937,-56.3335761899928,1200.643897254242,122.86161304990543,107630.72374164591,-0.6575875626989274,0.01287388753503727,0.7532681198639828,752.437230183017,772.5672938412715,-36.395536074674034,940.597696548007,149898.06892207975,-56.43346265337334,1201.9506130185819,123.91252667108641,107782.66086773023,-0.6565951986283883,0.011929462243600447,0.7541488136095725,753.2771318820111,772.6363895810225,-35.760545537684735,939.2262413177219,149807.9290571356,-56.303580122418424,1201.427791974203,123.02019327579981,107690.74735044134,-0.6571261005730407,0.013248163910568019,0.7536642316699584,752.8086908765309
376,41.77981651376149,764.9667651438813,-35.99785192511271,944.5147359279555,149804.3854578689,-56.88198396256711,1200.6459239661942,122.47665054152222,107624.83226770243,-0.6628492191049992,0.013035784791429528,0.7486394199123931,752.4538670278635,765.7559287220407,-36.664368073754,946.1590068520978,150014.59537833085,-57.12751069089036,1201.9491097262235,123.69203320296461,107781.50116991244,-0.6619957757326799,0.011934432330629565,0.7494125447555793,753.3084188213045,765.9983616768602,-35.86938807447707,944.6510881180187,149891.2325770526,-56.895505431558846,1201.4512827055655,122.54137788125242,107683.58805851387,-0.6624009624222574,0.013449682232166887,0.7490287518045757,752.8289268682662
377,42.18348623853211,758.2940682516188,-36.175092131488974,949.8648331695126,149887.7014078688,-57.45306660545388,1200.648293220265,122.07110313670486,107619.7163408676,-0.6680753923701168,0.013195605276236089,0.7439765763187093,752.4685924292199,758.9580075815398,-37.01958464449621,951.6311032260321,150121.4687043162,-57.642425519568086,1201.9637447514153,123.44204708157571,107777.57809220198,-0.6673192379828092,0.012049259614257955,0.7446743247627055,753.3458249660603,759.3349041400088,-35.935920915881745,950.0300345987637,149988.57896205012,-57.61372026171383,1201.4698553379262,122.1140982767042,107681.18810094276,-0.6676367558545209,0.013550764025375401,0.7443638485487991,752.8424114279945
378,42.58715596330276,751.588762429927,-36.32031557833775,955.16469429779,149970.50112826534,-58.047306389474066,1200.6509626665459,121.64458800163162,107615.39802817463,-0.6732658137551218,0.013352780525710595,0.7392799518997427,752.4813751634875,752.2576120843606,-37.035521608714554,956.9408349134654,150187.0121690525,-58.384237853299915,1201.9781217553907,122.96101096449426,107768.00533265462,-0.6725162708978927,0.012165021802697976,0.7399823495341845,753.3714426251365,752.6385704386347,-36.0091028548826,955.344264472471,150030.4572381569,-58.14220206396704,1201.5039391898065,121.5406985225262,107671.55763936737,-0.6728393619940347,0.013833190693715275,0.7396592700606757,752.8586632181061
379,42.990825688073414,744.8513999662197,-36.43307684949273,960.4140608151359,150052.69810576364,-58.665186367878746,1200.65388599503,121.19672247642197,107611.89955321184,-0.6784202190708816,0.013506728313603144,0.7345499129712559,752.4921851323446,745.464464173821,-37.01416252317969,962.246948739448,150280.572109931,-59.19428631701139,1201.9875036208216,122.48084279317047,107770.63970406554,-0.6777174906186103,0.01225204751012077,0.7352203004823953,753.3899407548471,745.906804889802,-35.86512401676254,960.621345068362,150078.40737138185,-58.88164945729609,1201.5404142513153,120.86287779517403,107672.11017952312,-0.6780139854547437,0.014061725803480304,0.7349144871311235,752.863347910531
380,43.39449541284404,738.0825350138398,-36.51294331649045,965.6126791881214,150134.2050377703,-59.307190363105214,1200.6570127738253,120.72712406965816,107609.24329785611,-0.6835383486091707,0.013656852800697923,0.7297868293907667,752.5009933779498,738.7031456503856,-36.937137873558605,967.4578706530364,150328.1884982398,-59.853396358558385,1202.0274766697883,121.81876957419361,107771.68379235602,-0.6828445951238957,0.012516324861080733,0.73045643300751,753.4053567488073,739.0849888061284,-35.87753049711876,965.8898679637136,150168.9900374121,-59.63740001485675,1201.5554652288467,120.38850856780178,107674.16031006239,-0.6831847090837068,0.014158146058421675,0.73010834824319,752.8687417672777
381,43.79816513761469,731.28272346392,-36.559495371135974,970.7603007620834,150214.9338568964,-59.97380295268685,1200.660288284001,120.2354104539113,107607.45180397449,-0.6886199470688393,0.01380254468842731,0.7249910746064623,752.5077720979237,731.8773383494031,-36.903553967751854,972.6480355223617,150435.51953316934,-60.54923405592071,1202.0608222440028,121.2433121707801,107784.61217514,-0.6879475891498316,0.012723076487805086,0.7256488392518932,753.4173169363346,732.2178538749788,-35.69105624359385,971.1119031739479,150202.58210507088,-60.431466750239935,1201.5843824255433,119.68899853284948,107674.33097815647,-0.6883399668938204,0.014356565110826343,0.7252461506377218,752.8720292269611
382,44.20183486238534,724.4525228205288,-36.57232665285663,975.8566816762658,150294.7957556797,-60.66550945429171,1200.6636533510243,119.72119946234598,107606.54777509306,-0.6936647634772881,0.013943181376525235,0.7201630257123031,752.5124946601013,724.9979120149939,-37.02684337146738,977.7898387078334,150505.98171992283,-61.13244139592737,1202.0821321143726,120.7702462825771,107781.77934862081,-0.6930283185771997,0.012911800998659913,0.7207947246234746,753.4429798725693,725.3805104050713,-35.5448616846821,976.2436145121737,150268.23794660962,-61.230306173353405,1201.611722896118,119.05517861098053,107676.45568427847,-0.6934073732201081,0.014508424671616992,0.7203996948760721,752.8723933827233
383,44.60550458715599,717.5924920792264,-36.551044270786775,980.9015827798157,150373.70121152818,-61.382795909865074,1200.6670441728038,119.18410908648679,107606.554078034,-0.6986725511072855,0.014078127124686661,0.7153030635093762,752.5151356170604,718.157382759863,-36.682790592053976,982.8371438726796,150547.19465404708,-62.047923175586384,1202.1141928670083,119.97388265431927,107779.29418420383,-0.6980426643204852,0.013086578499280374,0.7159365755788292,753.4478507454702,718.3883556311654,-35.576621461156066,981.4014741375732,150354.15393352622,-61.94038295683079,1201.6226621509231,118.55760010211975,107675.5686535659,-0.6985154640344192,0.014627290664261291,0.7154454478662949,752.8789556857138
384,45.009174311926614,710.7031916092152,-36.49526902052485,985.8947695488386,150451.56001187788,-62.12614906884818,1200.6703921443222,118.6237574752284,107607.49374452131,-0.703643067389148,0.014206733218201425,0.7104115725735737,752.5156707204204,711.2806362232307,-36.65039111822695,987.8388386989901,150609.6738508807,-62.63493161003736,1202.1573617566753,119.32355180828026,107781.36523222961,-0.7030103761618774,0.013366870302043244,0.7110539626407153,753.4626392363912,711.4244816458463,-35.627654892684205,986.473096160919,150439.78019037118,-62.62984153421832,1201.6412241530163,118.07632662634227,107673.30055841745,-0.7035453135324168,0.014741902467304852,0.710497479318694,752.888893551113
385,45.41284403669724,703.7851830391905,-36.40463559551018,990.8360120047425,150528.28127956306,-62.89605637044523,1200.6736236788463,118.03976293517896,107609.3899727543,-0.7085760738183238,0.014328338137534197,0.7054889413296469,752.5140769349038,704.5374044331903,-36.410895778386646,992.6993875996942,150702.6384608173,-63.418589634924295,1202.213239571415,118.58988782334337,107792.09220203917,-0.707833995190903,0.013579830332290876,0.7062482732440704,753.4752699413499,704.304153947456,-35.53678665619452,991.579770247566,150520.59969983014,-63.474284860426756,1201.654219635016,117.51403053236537,107678.39932864302,-0.708628549326078,0.014812581220329643,0.7054262303867141,752.8924076602356
386,45.81651376146789,696.8390291470708,-36.27879279296551,995.7250846340864,150603.7734983902,-63.693005924910715,1200.6766600256979,117.4317439324281,107612.26612895078,-0.7134713358584109,0.014442267731825147,0.7005355621316999,752.5103324521675,698.014163181309,-36.03687683464368,997.3746381114921,150823.28190363906,-64.19218472643875,1202.3100638043302,117.72528127191745,107818.11765476296,-0.7124567658783304,0.013873066813272232,0.701578858555034,753.4866976014038,697.1965823614174,-35.559081425494924,996.5942213040959,150612.63805928777,-64.20876965814568,1201.6633096075836,117.0166911218349,107676.36535321458,-0.7136344192052669,0.01490144685602935,0.7003598093888301,752.9029412757312
387,46.22018348623854,689.8652937537299,-36.11740371435526,1000.5617663101657,150677.9445389166,-64.51748649382371,1200.6794170845976,116.79931909583266,107616.14574885926,-0.7183286228396509,0.014547835396289111,0.6955518313501684,752.504416704396,691.0109230642853,-36.059817521890785,1002.2428221093637,150883.24721547947,-64.90248660243873,1202.32090310127,117.22542806694908,107805.66542448729,-0.7173399939656803,0.013967105444782952,0.6965832707026578,753.5126373676867,690.2190073511853,-35.58403016438517,1001.4368142658698,150681.43808355296,-64.87314540603128,1201.673713246428,116.49561037059551,107672.30845713207,-0.7184902606402326,0.015034776866926084,0.6953745040262064,752.9177445643347
388,46.62385321100919,682.8645416208738,-35.92014596031089,1005.345840216547,150750.7016844229,-65.36998746932107,1200.6818052165568,116.14210722192193,107621.05253923974,-0.7231477078529427,0.014644342253494601,0.6905381494653267,752.4963103776491,684.0430536961002,-36.06593508487498,1007.0495669276908,151045.83555247844,-65.85035348185026,1202.3275714663307,116.88657507725966,107816.50196110996,-0.7221325840042504,0.013852556415608397,0.6916159612097573,753.5485430879783,683.3056721720817,-35.32576793634175,1006.1779294219505,150751.36116414142,-65.7735603509237,1201.689711527472,115.81019729730563,107685.43096552804,-0.7232514705663919,0.015117837295543174,0.6904192648811713,752.9216397951702
389,47.027522935779814,675.8373383532028,-35.68671181997582,1010.0770937727755,150821.95165708114,-66.25099885225367,1200.6837290513072,115.45972728152442,107627.01037931532,-0.727928367639418,0.014731077338507278,0.6854949211673702,752.4859954249728,677.298792859363,-35.72227232471898,1011.6329730604082,151131.56825017688,-66.6320749839137,1202.3834685992358,116.03976881931885,107804.15253917745,-0.7267342486320122,0.014089077315836805,0.6867742203706055,753.5594769132343,676.3911396238877,-35.39110703019273,1010.8332913209015,150820.0058738155,-66.34598036710469,1201.701829027879,115.2929427226052,107691.63700664391,-0.7279454157138974,0.015292236245691527,0.685464528076929,752.9378344995962
390,47.431192660550465,668.7842289909939,-35.41689539789869,1014.7553313041965,150891.60398928303,-67.16093198229899,1200.6850883705906,114.75184608854077,107634.04076349651,-0.7326703945053481,0.014807338641084885,0.6804225420558506,752.4734591303614,670.1290970983105,-35.916489605883385,1016.3973801080461,151197.1286009811,-67.22326888499667,1202.3902852387525,115.65004573451928,107793.00705271316,-0.7315521850557141,0.014181259823092365,0.6816379481880688,753.5917369452818,669.3431797785075,-35.246405454351624,1015.4903247292759,150888.52653741348,-67.17044620533923,1201.6879507498447,114.67874550279866,107688.93413663347,-0.7326756486943526,0.015364875537094983,0.6804045226260913,752.9445565619807
391,47.83486238532112,661.7055487710606,-35.1113561304352,1019.3804847517237,150959.60100632193,-68.09941996227552,1200.6857887151361,114.01859877922908,107642.14020127867,-0.737373700943172,0.014872624550030772,0.6753212792414909,752.4587296982868,663.1079541461887,-35.54154495432303,1021.0311016840406,151282.27736128276,-68.37291541776433,1202.4097591310694,114.97810068217845,107805.34097885923,-0.7362355996663419,0.014100729125376531,0.6765783851277505,753.6039234996736,662.3292861269679,-35.10739964362227,1020.0330503384286,150964.06454586494,-68.02831419339033,1201.6489397638975,114.10258220479683,107693.21687555403,-0.7373181514329994,0.015390092053996947,0.6753703344343709,752.947503073565
392,48.23853211009174,654.6015105417766,-34.771238120980804,1023.9525547138003,151025.9049286163,-69.0656534723929,1200.685740527279,113.26038611296526,107651.2910175284,-0.7420382643210505,0.01492656663901007,0.6701913248407309,752.4418585465229,656.26440373724,-34.963302019516,1025.5070525094693,151362.1233231941,-69.51203033139495,1202.4675180353302,114.08198072762976,107827.2286864034,-0.7407596793916189,0.014141193962863001,0.67162126531322,753.6000450310502,655.2911773582154,-34.52364558326998,1024.5641489280033,151045.44664234936,-69.2695201838971,1201.6354487081232,113.2453758119386,107709.41276934303,-0.7419407220735373,0.015332176346747382,0.6702901530661703,752.9386442060376
393,48.64220183486239,647.4723215939745,-34.39768740165357,1028.471539043789,151090.47979968542,-70.05881735747364,1200.6848544791058,112.47761171525485,107661.4754347879,-0.7466640594518424,0.014968820567761271,0.6650328689122859,752.4228978196662,648.9959785649444,-34.616264710508794,1030.1350206944203,151385.45473106194,-70.31599500868404,1202.509045960652,113.1819927779064,107845.05583163792,-0.7454958637172909,0.014373083751397104,0.6663552593353532,753.5893024284906,648.1527532875426,-34.00403502066339,1029.0842003994285,151098.21462175946,-70.3289546825064,1201.6347327944518,112.33178404029424,107729.57518165882,-0.7465734873882369,0.01540792970730751,0.6651245173883614,752.9188026712633
394,49.04587155963304,640.3181852783603,-33.991845945549734,1032.9374322353033,151153.29127551563,-71.07809570647713,1200.683041677652,111.67067904415202,107672.67573461923,-0.7512510578719138,0.014999064646227574,0.6598461003189067,752.4019001082245,641.7217061107901,-34.081777641747614,1034.6962332551818,151418.56995809646,-71.37079998355632,1202.5365562338054,112.2238861590128,107863.98636975406,-0.7501830650069181,0.014474851229892952,0.6610717416882215,753.5661825002277,640.9305672910392,-33.55396083665454,1033.5938144403208,151155.99157200978,-71.36406309859746,1201.6359193286257,111.47239826462459,107741.61118016126,-0.751205342846408,0.015457074227377618,0.6598875750727087,752.9077949342544
395,49.44954128440369,633.1393012539222,-33.55485126610675,1037.350225622052,151214.30662557835,-72.12267186191032,1200.6802139267231,110.83999140668224,107684.87425528113,-0.7557992278997616,0.015016999698545731,0.6546312067310711,752.3789184277052,634.7624088174254,-33.9202623813112,1039.0279846795813,151492.98883335487,-72.04741117793264,1202.596470938624,111.51309532278434,107864.13598688185,-0.7546013815748719,0.01465943405705752,0.656019706958885,753.589987998049,633.8291424783447,-33.236067670590586,1037.9369787720518,151234.7764494325,-72.373868552283,1201.6057968189846,110.77064162546623,107751.29345470628,-0.7556927560302874,0.015423474343789864,0.6547446639129754,752.9057378196516
396,49.853211009174316,625.9358657264389,-33.087836021419115,1041.7099075689612,151273.49473346843,-73.19172842964133,1200.676283982037,109.9859519745468,107698.05338938818,-0.760308534697653,0.015022348925936338,0.649388374625428,752.3540061976674,627.4858807224638,-33.36435973757808,1043.4670074968105,151515.99513292086,-72.94291452700524,1202.6556010160807,110.4370615769924,107894.66840914881,-0.7591827267918613,0.014907682766965,0.6507068067381757,753.5624147585023,626.5174281581368,-32.77674719779679,1042.3574975329104,151290.58701357842,-73.39986855794172,1201.603095911031,109.88324248278569,107762.08113924504,-0.7602686543498962,0.015473792571761246,0.6494244643963177,752.8947418669505
397,50.25688073394494,618.7080716772138,-32.591927623310916,1046.0164636545633,151330.82609716544,-74.28444728912092,1200.671165799635,109.10896379905522,107712.19558155078,-0.7647789403359792,0.015014857768480857,0.6441177892783038,752.3272172207347,620.0692683400449,-32.98201716803553,1047.8954967224433,151558.37339603188,-73.97312086019625,1202.6601435220425,109.62717321723834,107902.60823304829,-0.7637807646027825,0.014911777182061816,0.6453034809483531,753.5559002281144,619.303048455298,-32.18666885878525,1046.6540677834673,151360.73655130807,-74.57914841118756,1201.59205829246,108.95115818274192,107779.43123718355,-0.7647288551612927,0.015440341307201195,0.6441671940917325,752.8792832860516
398,50.66055045871562,611.4561090821655,-32.06824785098071,1050.269876844672,151386.27282891626,-75.40000960401268,1200.6647747775935,108.20942982523411,107727.28332599744,-0.7692104038600359,0.014994293765768612,0.6388196347545575,752.2986056615753,612.6191812180576,-32.63511111020488,1052.2713099594364,151597.10379504948,-74.97787972400515,1202.6627994167875,108.83785206039069,107910.03840027956,-0.7683417114110368,0.014910292868347358,0.6398661560612025,753.5473521772616,612.257874124124,-31.67642787165799,1050.783448276437,151450.25014568912,-75.77868659633359,1201.5686046714864,108.14334116848272,107796.21885369568,-0.769033969188419,0.015314145028421594,0.6390244370885626,752.8715827554826
399,51.06422018348627,604.1801651214305,-31.517912469041825,1054.4701276573435,151439.80865474482,-76.53759583322928,1200.657027991003,107.28775290507006,107743.2991641784,-0.7736028813589442,0.014960446416394475,0.6334940938920912,752.2682260258523,605.4296773882662,-32.22379955486518,1056.461392571183,151670.55963219423,-76.03714628815447,1202.688577722091,108.04248955633447,107918.40751464778,-0.7726919704905609,0.014870649523123848,0.6346069512085214,753.5491966827157,605.0769497910668,-30.892047088640158,1054.9737277865743,151526.1054831614,-77.22622482314081,1201.579925192975,107.14005004359535,107822.52848065623,-0.7733927766523835,0.015125299415430248,0.6337466673202392,752.8502614253035
400,51.46788990825689,596.8804243795917,-30.94203084979107,1058.6171943191703,151491.40891358556,-77.69638574237176,1200.6478444202007,106.34433580984836,107760.22568235103,-0.7779563260364342,0.014913127036286434,0.6281413482822898,752.2361331391412,598.0411434271108,-31.82965690601673,1060.6895853612664,151715.79832908782,-77.00983502763518,1202.718517386575,107.18908794139354,107940.27447203062,-0.7771102860544632,0.014911570729180914,0.6291877687675906,753.5411449174675,597.9819183864138,-30.4184429062352,1059.0258519740607,151598.41801968592,-78.31347457090243,1201.5848083095677,106.29370609810398,107838.58319504654,-0.7776328723557484,0.015067442868428201,0.6285380561248102,752.8404959911591
401,51.871559633027516,589.5570690367246,-30.34170559954926,1062.71105291292,151541.05055604392,-78.87555841556261,1200.6371451722762,105.37958124155968,107778.04550914836,-0.7822706882832108,0.01485216861584001,0.6227615782466982,752.2023821258364,591.0042572455775,-30.91253773260143,1064.6841766913485,151784.4648423204,-78.27292431543587,1202.7765803627326,105.95149721125154,107964.98940794948,-0.7812811531151931,0.014953761907878465,0.6240001160190569,753.5113941751247,590.6503191039178,-29.971326295916352,1063.147808274175,151645.15355781515,-79.30251934408062,1201.6023956599147,105.38857845128243,107852.57621027298,-0.7819620828088121,0.015095429226985011,0.6231431850431792,752.8252429826085
402,52.27522935779817,582.2102790503897,-29.71803218892193,1066.7516775165636,151588.71214278787,-80.0742922676622,1200.6248536958042,104.3938918433447,107796.74131312878,-0.7865459157506369,0.014777425675836018,0.6173549628102032,752.1670283880261,583.4960187177536,-30.19038509426478,1068.8418933055896,151824.2151079919,-79.70712852008867,1202.7763383349145,104.96426902749351,108001.83334671729,-0.7856753876089598,0.014748732205585586,0.6184631437715902,753.4790468667086,583.4735265508307,-29.507970430047518,1067.1189358395918,151710.61324052553,-80.4187407147816,1201.6026900638526,104.55620527448956,107872.06195106285,-0.7861477719341754,0.014992915794404989,0.6178566930598985,752.8127468233556
403,52.67889908256882,574.840232328739,-29.072098586840553,1070.7390403337397,151634.37384256738,-81.29176505685612,1200.6108959888184,103.38767020896226,107816.29580030896,-0.7907819534254659,0.014688774122116095,0.611921679671013,752.1301275843593,576.3125941702665,-29.511062411461115,1072.7636114832642,151887.47748277514,-80.65978704720489,1202.8241658360996,103.80190873909001,107998.23277186169,-0.7898110009346522,0.014912155382893246,0.613168990103413,753.4720281841785,575.9289663352997,-28.713693408306053,1071.2588014598048,151739.00342173476,-81.67649340657526,1201.6462689983057,103.3747001707266,107907.7166699002,-0.7905100980255685,0.014972542429332337,0.6122659617297108,752.7765227134229
404,53.08256880733947,567.4471048949104,-28.4049848982478,1074.6731118157022,151678.01742986598,-82.5271538975974,1200.5952008000013,102.36131889126165,107836.69171167881,-0.7949787437053666,0.014586111098990212,0.6064619051677071,752.0917356088944,568.8524626014516,-28.843733239136952,1076.7616830119287,151920.68405564624,-81.73245894569611,1202.8564196844106,102.68183196325862,108023.25084855239,-0.7940632145488581,0.014975135483975662,0.6076506863466632,753.4423211514361,568.5044630077343,-28.29607619129881,1075.220228917635,151783.98636174682,-82.69235337730727,1201.6444249083772,102.50203839002025,107914.11078752067,-0.794729779632349,0.01493218001896965,0.6067797024995143,752.760996181243
405,53.48623853211009,560.031071042872,-27.717763005302753,1078.5538607748094,151719.62628218756,-83.77963527388495,1200.5776998230865,101.31524040965407,107857.9118206996,-0.7991362264749851,0.014469354841349242,0.6009758142436322,752.0519085699417,561.6369693251974,-27.93809922755241,1080.558484059449,151982.5017412358,-83.30025577613318,1202.8377823353806,101.58531305349284,108041.5637378125,-0.7981308790094573,0.01468227447999307,0.602305180774402,753.4140100965707,561.2115291158725,-27.49987128957589,1079.0562383904564,151838.85430595643,-84.13537316775658,1201.6270350797583,101.44626278759745,107942.28545891546,-0.7988328070984121,0.014695175432817993,0.6013735928042319,752.7235466481469
406,53.889908256880744,552.5923034848921,-27.011496211985783,1082.381254489628,151759.18537697548,-85.04838505285876,1200.5583278844572,100.24983725657881,107879.93893078523,-0.8032543391822953,0.014338444525455595,0.5954635804089152,752.010702768901,554.0187768968873,-27.43748746977523,1084.487627968203,152008.96273261425,-84.44227265826756,1202.8310070725565,100.66087705774616,108065.07384716516,-0.8023634831380633,0.014573774654924718,0.5966577293715909,753.3899237897912,553.6624367258863,-26.748716384299556,1082.9703829736477,151873.7705903957,-85.44335337796487,1201.631629527952,100.33095609281041,107965.1330472228,-0.8030270966528626,0.014563660046494462,0.5957645355736813,752.685860256977
407,54.293577981651396,545.1309734908308,-26.287238891989208,1086.1552588016993,151796.68128817127,-86.3325784986869,1200.5370231239285,99.16551190296371,107902.75587276607,-0.8073330169149907,0.01419334011838392,0.5899253757003703,751.968174679092,546.7139645718178,-26.40891718828488,1088.1869625834079,152063.22750882813,-86.2454184690073,1202.77789979205,99.52196816249469,108088.2373069485,-0.8063819044307895,0.014115543398665982,0.5912266702721838,753.3484767259417,546.1753881923761,-26.43354476697062,1086.7705764637285,151913.0237828724,-86.28948550462331,1201.6400776533744,99.47006499590572,107970.2681303331,-0.8071201046940638,0.014595598196297653,0.5902068324849651,752.6737300929448
408,54.69724770642202,537.6472510194147,-25.546036139789344,1089.875838204082,151832.10218240868,-87.63139028672192,1200.51372716871,98.06266680268925,107926.34550233725,-0.8113721924766834,0.014034022226084368,0.5843613706395537,751.9243809245928,539.0247084803498,-25.72841783672832,1092.0141383616772,152085.12196466362,-87.73166481398042,1202.7400883002306,98.55022996671431,108127.70877947188,-0.8105549054498751,0.013779641785383014,0.5855005266636492,753.3058321333843,538.6857490604,-25.574224387561,1090.5193242452267,151948.28504059656,-87.7845085438142,1201.624296060631,98.33089444116509,108010.1556501921,-0.8111774885682834,0.014328136855522247,0.5846244833517512,752.6254906986094
409,55.10091743119267,530.1413048416965,-24.788923424798664,1093.5429559217162,151865.43781485222,-88.94399451789748,1200.4883853005213,96.94170439606408,107950.69069748973,-0.8153717964626743,0.013860491940040368,0.5787717341892322,751.8793782590759,531.3377865303844,-25.59090597665755,1095.7883633460679,152110.25329802942,-87.9338994290382,1202.8155763523014,97.54317446817645,108117.49123819002,-0.8146402175663889,0.014291242469509304,0.5797905452075467,753.3140258657135,531.191111319235,-24.915154935838533,1094.1996024087332,151992.61046714016,-89.070044584103,1201.6095042480492,97.3021070904467,108032.26310793376,-0.8151792104434751,0.014128392142698494,0.579036478467648,752.5919690561161
410,55.50458715596332,522.6133026569003,-24.016926248503317,1097.1565739837147,151896.6795246743,-90.26956473333613,1200.4609466158568,95.80302711233013,107975.77435592603,-0.8193317573350637,0.013672770682493406,0.5731566337085355,751.8332235446594,524.049571618992,-24.17642644463732,1099.2971423665701,152161.97196487745,-90.38306617963255,1202.7210947470232,96.27098286897383,108176.43978555132,-0.8185171657883474,0.013428792641168233,0.5743250968206174,753.237015426107,523.7397539375619,-24.09273755870194,1097.8039715194354,152035.5022769665,-90.50669996387609,1201.5951107691806,96.16713858624755,108067.47818097743,-0.8191116574891726,0.01386648064757332,0.5734664883668363,752.5473745518094
411,55.90825688073397,515.0634112008245,-23.2310598044984,1100.7166532876831,151925.82023017856,-91.6072739291388,1200.4313641793915,94.64703737121573,108001.57939245958,-0.8232520014969826,0.013470900050207022,0.5675162349070283,751.7859737307627,516.2252405315112,-23.928439151011272,1102.9962602733513,152177.89675808512,-91.1741522340779,1202.7311275741233,95.40703204334362,108195.20748549144,-0.8225839469549411,0.013464225998754839,0.5684842696419005,753.2212827977874,516.1212817175417,-23.65144370425156,1101.4082135007147,152069.48580755657,-91.49316492440293,1201.5897329991528,95.20883268401542,108074.7041431078,-0.8230682689001843,0.01380685543609553,0.5677745991787769,752.5233225187642
412,56.311926605504595,507.4917963470334,-22.432328641335932,1104.2231536561555,151952.85442356943,-92.95629457132098,1200.3995951705033,93.47413758356186,108028.08873639924,-0.827132453365722,0.013254941656742798,0.561850701797976,751.737685832983,508.4703572374854,-23.28808216554279,1106.57913503226,152208.48781311186,-92.4264833833734,1202.697047258255,94.33794410679317,108207.23352366351,-0.8265632325217411,0.013267721849825083,0.5626874711597244,753.1951911587092,508.5043075136169,-23.10004688486824,1104.9570968615533,152108.82035286544,-92.5652342229343,1201.5905147755461,94.16834540811175,108090.58822701589,-0.8269764954493731,0.013719140782315266,0.562069089303502,752.4944073514147
413,56.71559633027522,499.89862320102213,-21.62172632810669,1107.676033885258,151977.77816536874,-94.31579861086306,1200.3656010229095,92.28473015104815,108055.2853289181,-0.8309730354445491,0.013024976973221664,0.5561601966510362,751.688416911988,500.7268233914166,-22.743854418583393,1110.095482877656,152235.54903626238,-93.37000211831784,1202.6936192195112,93.22943053651173,108211.46699225962,-0.8304791908116188,0.013284961449387218,0.5568912132797278,753.1720525299618,500.8869174342341,-22.457507956447493,1108.4460663987084,152137.3143182644,-93.76518924454625,1201.5852181024122,93.0840674801874,108113.82612597533,-0.8308366379141333,0.013553502670761566,0.5563513131690202,752.4568408928724
414,57.11926605504587,492.284056187563,-20.80023512268319,1111.0752517857168,152000.5890784855,-95.6849574988372,1200.3293475573992,91.07921746505404,108083.15212040773,-0.8347736683930012,0.012781107167543814,0.5504448799446351,751.63822405243,493.21754401157466,-21.824324862263733,1113.4545541682407,152263.93262140546,-95.08773499046202,1202.638633341999,92.08874216662903,108263.64496869147,-0.8342459530563603,0.012788355872073153,0.5512441816138963,753.1316287014063,493.1265260239566,-21.579676252656995,1111.9546434268254,152145.63125408368,-95.03284631961186,1201.6066154440657,91.75164229807416,108148.93083891764,-0.8347249709038038,0.0134445457820438,0.550502922007103,752.406569868897
415,57.52293577981652,484.64825913146603,-19.968825642550787,1114.4207642163044,152021.28634193345,-97.0629422015731,1200.2908051076472,89.85800190468606,108111.67206781704,-0.838534271095451,0.012523452942041782,0.5447049103182652,751.5871643418849,485.4324882583365,-21.06962364944323,1116.871688320879,152269.2478485328,-96.15121324105415,1202.6464673823737,90.79321160777492,108297.65471982332,-0.838090407927605,0.012792218295788017,0.5453813595006832,753.0811050821013,485.34342198971086,-20.902428597267978,1115.40119263963,152163.7428409781,-96.206370595739,1201.616398544302,90.58822205635154,108173.38553564282,-0.8385657869630506,0.013306071355761702,0.5446378332434453,752.3712414577972
416,57.92660550458717,476.9913953319393,-19.128456538165047,1117.7125271098905,152039.87068420797,-98.44892321582569,1200.2499486391025,88.62148583401742,108140.82813197865,-0.842254760727751,0.012252154369541053,0.5389404445249438,751.5352948498239,477.84326312101683,-20.213329374503076,1120.146365591841,152282.57857188463,-97.38475065199378,1202.643192005809,89.48444392714958,108340.25031793259,-0.8417906785872412,0.012671973593466992,0.539655329380595,753.0340598270224,477.6373192637056,-19.731210302216034,1118.7696302771058,152168.12186580562,-97.8172587274534,1201.6264400939483,89.08549316023056,108221.4899584708,-0.8423315113142018,0.013006804243050956,0.5388027914650365,752.305038215772
417,58.330275229357795,469.3136276307942,-18.280074168767854,1120.9504954921708,152056.3443763188,-99.84207058390155,1200.2067578609349,87.37007159857527,108170.60327491918,-0.8459350528217533,0.011967370727803635,0.5331516373840757,751.4826726066137,470.31301178743837,-18.933949463162243,1123.3153637603557,152305.4763622096,-99.15331000938157,1202.5856313941492,87.94990979123384,108379.09916677448,-0.8454177206100477,0.01225971491813994,0.5339649586523794,752.9705576529101,469.9184790499281,-18.82420055854754,1122.0513221065114,152184.1790057995,-99.25309455542573,1201.6082105998842,87.78323775578275,108251.67694728155,-0.8460398116760531,0.01271261893174879,0.532968128858607,752.2576036074421
418,58.73394495412845,461.6151184746988,-17.42461228060865,1124.1346234932569,152070.7112244785,-101.24155390870503,1200.1612173310234,86.1041615211284,108200.98045715716,-0.8495750613275282,0.011669280332330752,0.5273386417349408,751.429354582551,462.47859931381237,-18.080192258484885,1126.5652884612275,152302.5286602689,-100.52447338835204,1202.5624795517942,86.65862889756244,108431.85753123972,-0.8491394971465852,0.012008324061292163,0.5280321150639261,752.9146600491059,462.1873649409954,-18.05942484648612,1125.267302361376,152188.99572308516,-100.52789024130563,1201.589809982136,86.55843872958742,108281.53601950133,-0.8496992349255168,0.012482002026732672,0.5271199197453991,752.2137850131392
419,59.1376146788991,453.8960299717252,-16.562991687511346,1127.2648643522255,152082.97656245803,-102.64654236865911,1200.1133165539882,84.8241578968209,108231.94263498796,-0.8531746986730845,0.011358080367501137,0.5215016083910546,751.3753976669425,454.6372952755784,-17.192326220243924,1129.7281874301893,152317.42616725876,-101.89395146428294,1202.5113851399642,85.32212194775066,108448.81224367715,-0.8528024515795867,0.011745559109060817,0.5221015422511813,752.8637135165847,454.6149513488456,-16.83327149412462,1128.3436534870275,152204.61198116528,-102.34197122663933,1201.5238230088053,85.07286869984728,108318.03761000723,-0.853241609070517,0.011965899636056892,0.5213785321593656,752.1445279504086
420,59.54128440366972,446.15652394239703,-15.69611995373622,1130.3411704147975,152093.14724360142,-104.05620473246013,1200.0630500722305,83.53046298770533,108263.47275775508,-0.8567338758214246,0.011033986716022275,0.5156406860956092,751.3208586472214,446.81255364661024,-16.57403537046101,1132.8469050952326,152330.49748104461,-102.89765760022979,1202.5076705448764,84.12342695365147,108475.01383124416,-0.8564049459938721,0.01167271266947023,0.5161727581499912,752.8300656761116,446.96931093532766,-15.751004628500926,1131.3905323400684,152211.92583173342,-104.0469234810563,1201.4599921693293,83.67723301014203,108358.26062926187,-0.8567658289464971,0.011471439451154902,0.5155780449423154,752.0807080268233
421,59.94495412844037,438.3967619654845,-14.824891079085553,1133.3634931242839,152101.23163251096,-105.46970937362036,1200.0104175499941,82.22347901672998,108295.55376510974,-0.8602525023247529,0.010697233786672547,0.5097560214782307,751.2657941881127,439.0353484301566,-14.944091152089165,1135.8363271882272,152348.45627398262,-105.2346899803354,1202.3683109852923,82.37257555514778,108509.49443034854,-0.8599490701086405,0.010871822239167312,0.5102640495865689,752.7439730784529,439.2364234326938,-14.922867819389282,1134.399100803084,152234.17822439113,-105.52353788198788,1201.3922607836994,82.44043992320368,108377.21214659043,-0.86027420285933,0.011049204764075967,0.5097118901583776,752.0314483194458
422,60.34862385321102,430.61690541878033,-13.95018518620719,1136.3317830059434,152107.23959639628,-106.88622428475261,1199.9554238504109,80.90360816123885,108328.16858425738,-0.8637304863756715,0.010348074340312985,0.5038477590132692,751.2102608108473,431.2284487504672,-14.105974960049336,1138.8133390712198,152361.51356183313,-106.52199410199157,1202.3317708282877,81.03830609258063,108538.23290525556,-0.8634456875227926,0.010621838127784817,0.5043299725904449,752.6971333622198,431.3851729182294,-14.185999214155075,1137.4119346959576,152232.16483380357,-106.74917871731391,1201.3670098628425,81.18136984130838,108411.15123565753,-0.8637869554581692,0.010807293898676304,0.5037413006483531,751.9825091638551
423,60.752293577981675,422.81711551509125,-13.0728682100485,1139.2459896449304,152111.1824960995,-108.30491709155329,1199.8980791055467,79.57125254604291,108361.3001271939,-0.8671677348551982,0.009986779314147853,0.4979160409798376,751.1543148724294,423.43365554234856,-13.181678795544391,1141.7283955963485,152360.67214745432,-107.8824998877418,1202.2955343765307,79.63547530109712,108583.6486316714,-0.8668924585585558,0.01033796185613589,0.49838799327327665,752.6364759552542,423.6421674821888,-13.048587356795066,1140.3159626597405,152230.47471618038,-108.5779842968663,1201.2876447368283,79.73076942117598,108454.98081304168,-0.867209706915332,0.01019304471923225,0.49783875509162184,751.914153003996
424,61.1559633027523,414.99755333368455,-12.193791589419638,1142.1060616579746,152113.07317679038,-109.72495506643538,1199.8383987794064,78.22681423612661,108394.93128792937,-0.8705641533774489,0.009613637644213626,0.49196100742381144,751.0980125449573,415.47289756389216,-12.028015054884326,1144.6105879155932,152351.3895884542,-109.6627037216666,1202.193473266007,78.11624092360243,108630.24926091763,-0.8703622162730303,0.009777089514373605,0.4923149611833127,752.5599314032819,415.5156412462525,-12.793331646446907,1143.3048542724068,152235.3340772517,-109.29906128032164,1201.2872784144624,78.74460146750828,108463.41049081257,-0.8707329375253304,0.01016708316918184,0.4916510774200946,751.894926859289
425,61.55963302752292,407.15837984744036,-11.31379196062289,1144.911946658978,152112.9259583423,-111.14550514176572,1199.7764037239133,76.87069522905217,108429.04493970193,-0.873919646330831,0.009228956086076935,0.48598279612199924,751.0414097950111,407.5222465180329,-11.393004495655594,1147.4536471812555,152347.61329361354,-110.85826021944726,1202.149565829985,76.92155628417392,108667.68696247789,-0.87377076587492,0.009489158370611,0.48624541599461196,752.5143464736931,407.92230853156394,-11.537935525235882,1146.01421414904,152243.24095618314,-111.30078989710665,1201.171925716216,77.23044890343397,108504.82167940855,-0.8739913182827639,0.009418827853376898,0.4858502457015174,751.8210612960536
426,61.9633027522936,399.29975594594873,-10.433690853108997,1147.6635912186805,152110.75662538136,-112.56573392265908,1199.712120227828,75.5032974471299,108463.62393218029,-0.8772341169155947,0.008833059033722127,0.47998154254869396,750.9845623630914,399.5894054229081,-10.554678771828565,1150.222902718936,152344.29664045578,-112.19163871110503,1202.0950897016826,75.55763220988464,108704.53555849897,-0.8771230857401353,0.009154281557289678,0.48017839558946523,752.4603098499914,400.17163567371045,-10.5487989864254,1148.725546621329,152248.27548537054,-112.96722350891781,1201.0808859455224,75.84352572156207,108539.26600112657,-0.8772641976019738,0.008843486817500851,0.4799263697138067,751.7656414534281
427,62.36697247706425,391.42184245481167,-9.554294387123875,1150.3609408185994,152106.58241702343,-113.9848076992811,1199.6455800586214,74.12502272942348,108498.65108865767,-0.8805074671776031,0.00842628833660969,0.4739573798448027,750.9275257431376,391.60430570004127,-9.604766762754025,1152.9297996133305,152337.12368437956,-113.73385521893866,1202.0029193067107,74.13410885683012,108740.55374839014,-0.8804466648358238,0.008671612403902514,0.4740658957547897,752.3934871544907,392.3371363979735,-9.436825227782322,1151.4082612028192,152239.39778890155,-114.72927981747108,1200.985895166164,74.33954970139499,108585.47052758152,-0.8805242287496604,0.008230670829142119,0.47392967689575816,751.702717011239
428,62.770642201834875,383.52480015138957,-8.676392973303717,1153.0039397993935,152100.42201629042,-115.4018924586141,1199.5768204972678,72.7362728236551,108534.10920323509,-0.8837395980381813,0.008009003114886922,0.4679104387897535,750.8703551621065,383.6074942590543,-8.989719895331522,1155.6061434267976,152349.88301215039,-114.67133521231192,1201.9821176719126,72.84576052008899,108753.97112811691,-0.8837170755348432,0.008556297552694898,0.4679432873547112,752.3625112329358,384.39546361814405,-8.906730581513482,1154.077259892633,152248.48249582978,-115.74522595046056,1200.951522081574,73.16541212032118,108604.1750136623,-0.883772569614413,0.008012631918160868,0.4678480981332317,751.6719106497922
429,63.1743119266055,375.60878977725025,-7.8007610141881685,1155.5925313038629,152092.2955392178,-116.81615389563703,1199.5058843659629,71.33744937808859,108569.98103799624,-0.8869304093199075,0.007581579572732525,0.46184084777637824,750.8131055596272,375.8699256882234,-7.613090963244599,1158.1171335966667,152335.97771652258,-116.60188216838318,1201.8733617581036,71.1186565298067,108816.16265493858,-0.8868500516279463,0.007883319163909896,0.4619900856149068,752.2753738689053,376.70255387386385,-7.460946255535923,1156.6118431424647,152221.847268757,-117.68059048885672,1200.867947681113,71.36607525809512,108672.65876207488,-0.8868852462740782,0.0073564678268431645,0.46193120951336497,751.6012136630602
430,63.57798165137615,367.6739720475902,-6.928156607611624,1158.1266572147533,152082.22452364935,-118.22675742387183,1199.4328200487446,69.92895393345678,108606.2493201737,-0.8900797997682215,0.007144410809817172,0.45574873278896066,750.7558315677306,367.88607416214563,-6.488148208228445,1160.6333853282304,152335.5892219702,-118.33827308574894,1201.752162737613,69.54540759292912,108847.52355405802,-0.8900231771312883,0.007259059760518535,0.45585748893762895,752.2075132910658,368.5760971852625,-7.29012939148377,1159.2167539296775,152236.68186011136,-118.37263813175716,1200.8444379343782,70.42401625087572,108675.65222391003,-0.8901044992662586,0.007257035198923423,0.4556987116792022,751.5833461796464
431,63.9816513761468,359.72050765787293,-6.059321251941856,1160.6062580875862,152070.2319177263,-119.6328681852501,1199.3576815050299,68.51118791501177,108642.89673930738,-0.8931876670687219,0.006697906630861875,0.4496342173846409,750.698587490664,359.7784443813073,-5.899471792566487,1163.153448843889,152334.2820961854,-119.48152227014043,1201.6931219095316,68.31423988142458,108873.08654226745,-0.8931911637330069,0.0069272811909366116,0.44962379586113826,752.167728787511,360.7715447561847,-6.299615371728864,1161.6503885192733,152225.53097406038,-120.01554085910767,1200.7449929405939,68.96710955515891,108712.37480293679,-0.8931584342025025,0.006639951362345523,0.4496931425526074,751.5281968798903
432,64.38532110091745,351.7485572879541,-5.194979553128931,1163.031273078681,152056.34206807028,-121.03365105925306,1199.2805282760237,67.08455262476876,108679.9059443954,-0.8962539078600383,0.0062424933532757194,0.443497422678356,750.6414272847801,352.0658299272971,-4.50529103004034,1165.4723016627447,152311.45464405793,-121.49086119702443,1201.5576291710745,66.55480260469339,108931.50108641377,-0.8961709827156126,0.00614158582479613,0.4436663731477629,752.0767897272998,352.9860689222409,-4.7027199645847135,1164.023998181938,152182.88413126214,-122.30650570639865,1200.604318886658,67.07286548512728,108791.78442028721,-0.8961639617944612,0.005696200988270211,0.4436864961604723,751.441618326146
433,64.78899082568807,343.7582816039561,-4.335838933534132,1165.4016398686076,152040.58070766844,-122.42827067127747,1199.2014254840253,65.6494492340208,108717.25954103807,-0.8992784177421639,0.005778613612854843,0.4373384673314976,750.5844045385223,343.95403710857664,-4.138122040625295,1167.8858526494892,152299.04536120774,-122.4922396882373,1201.5123171590053,65.48966151946883,108962.64735445438,-0.8992442399289028,0.005825616361411015,0.43740811509241506,752.0466844194847,344.9401470381088,-4.098193073697777,1166.434299149228,152171.46522466146,-123.35686207140522,1200.5693081240513,65.77981414991486,108820.40372897043,-0.8992118627129858,0.005425731991448955,0.43747981369269984,751.4060494867952
434,65.19266055045873,335.74984125815735,-3.4825893425022145,1167.7172945812454,152022.9749434553,-123.81589140018271,1199.1204438245945,64.2062787761987,108754.94008857502,-0.9022610912801361,0.005306726167523914,0.4311574675444703,750.5275724524871,335.92946169763457,-3.4721729266661607,1170.2061185686,152292.78956360454,-123.53990847739432,1201.468449376761,64.13538710708303,108989.01376216816,-0.9022352591945383,0.005566425459717281,0.43120824664396856,752.001322789743,336.8639657021693,-3.5282551226546035,1168.7919154494123,152161.6309016709,-124.31334405495852,1200.540818047998,64.48612463247677,108850.36359682004,-0.9022207610063023,0.005213689261234838,0.43124298933837285,751.3722825603479
435,65.59633027522938,327.72339688717955,-2.6359029686496744,1169.9781716986918,152003.55324360434,-125.19567738497267,1199.0376595515977,62.75544214015563,108792.93009721699,-0.9052018220029675,0.004827305699101019,0.42495453705331265,750.4709838195927,327.8563068977583,-2.5633686696974753,1172.451344630101,152288.38158338994,-125.08202902787137,1201.348928887149,62.65970119509187,109013.66877513457,-0.9051945600816595,0.004963219380360777,0.424968439830481,751.9402790882278,329.0373679400303,-2.601077432218076,1170.9972437172216,152150.1316699876,-125.88704470323151,1200.4338905154837,63.02559938158105,108887.47352343063,-0.9050915041970814,0.004581581536363063,0.4251921661330208,751.3209557881194
436,66.0,319.6791091087222,-1.7964339538300143,1172.184203972199,151982.34542452087,-126.5667925305689,1198.953154455091,61.29734006394776,108831.21202517218,-0.9081005023977263,0.004340842613065914,0.4187297871305622,750.4146910053337,319.9352573793118,-1.840295110233039,1174.6420353679357,152259.86793871663,-126.20231806074942,1201.3161063965101,61.26348592834374,109062.82306704539,-0.9080599721352295,0.004643202078328646,0.4188144310792382,751.8913225517692,320.9465764263404,-1.7856384716858928,1173.2385823483683,152126.05405728563,-127.14717159346971,1200.3774968578336,61.548923891277575,108931.72051699118,-0.9080110284416025,0.004179971526295543,0.41892541110138265,751.2731516651058
437,66.40366972477065,311.6171385171363,-0.9648181087488699,1174.335322329407,151959.38263755283,-127.92840051263191,1198.867015832072,59.832373129192305,108869.76827576761,-0.9109570238986734,0.0038478428363114205,0.412483326590517,750.3587459281407,311.85473554090527,-1.2542480198670245,1176.7980927325154,152239.9214906984,-127.32749906823366,1201.2526825145344,59.98260864375099,109097.12472460445,-0.9109278298271483,0.00425729107899663,0.41254377260973246,751.8457622622605,312.83051209962673,-0.8673144515435078,1175.4282553416886,152095.76968395067,-128.52000975800794,1200.3127749337325,59.98483201685157,108980.49171263115,-0.9108915828389283,0.0037052328209017118,0.41262912592658124,751.2185097684826
438,66.8073394495413,303.5376456781099,-0.14167263019391033,1176.4314557780501,151934.69735540813,-129.27966478138612,1198.7793364500544,58.3609417560767,108908.58119456639,-0.9137712768713706,0.00334882761285662,0.40621526179906686,750.30320003984,304.0001474620433,-0.0653262657819372,1178.825789519346,152200.45090479343,-129.0267030115187,1201.1421931527912,58.255097234644666,109155.78407669681,-0.9136775256817741,0.003583338157160887,0.40642408731727825,751.7612033613686,304.87881815044,0.08175462576958163,1177.503675446233,152071.4392224194,-129.98658899669198,1200.223646406693,58.42574757947702,109034.09498496195,-0.9136645301353493,0.0031459222438367865,0.40645692212802464,751.1668175900345
439,67.21100917431195,295.44079112274017,0.6724041801519448,1178.4725313063973,151908.32335829397,-130.61974856440872,1198.6902145034826,56.883446199095886,108947.63306648178,-0.9165431505916769,0.002844333297499431,0.39992569668824185,750.2481043062204,295.775140332665,0.7131609172313049,1180.875829931619,152181.46558483798,-130.47913852156765,1201.0204828329506,56.82518650122092,109186.4586665741,-0.9164959001657649,0.0029667002928877874,0.40003307821818523,751.7007289945805,296.8297144614839,1.2666368593201074,1179.5363870760207,152031.5013047491,-132.01455801772738,1200.0655620568916,56.74275256216712,109088.77437371045,-0.9164245803326486,0.0021729674376768995,0.4002015326990185,751.0924747076673
440,67.61467889908258,287.3267353412726,1.476833195347377,1180.4584737806483,151880.29571977307,-131.94781486834142,1198.5997535629679,55.40028654359302,108986.90611288713,-0.9192725332195547,0.0023349111473846777,0.3936147327756374,750.1935091877066,287.68038835573674,1.4831851666749634,1182.8670611182804,152147.56194544057,-131.70844983732147,1200.9570268726573,55.35247019619617,109233.46053935727,-0.91922664307287,0.0025253514667196533,0.39372071480295756,751.6511813423538,288.58189274677807,1.7067822438129887,1181.5837950209805,152017.9444685417,-132.92313391036234,1200.0283740488037,55.498764692480364,109113.82191165953,-0.9192006660602116,0.0018905059056442174,0.3937849178192125,751.0633727590457
441,68.0183486238532,279.19563877679485,2.2710547413113655,1182.3892058395206,151850.6507923442,-133.26302647948748,1198.5080625173448,53.9118627031796,109026.3824887247,-0.9219593117676188,0.0018211271114629318,0.38728246918886305,750.1394646201489,279.3516808861752,2.384372202898978,1184.82176171812,152107.310493983,-133.22756782305038,1200.8304284991823,53.77747274048061,109273.77199637899,-0.9219820973874052,0.0018723753499666925,0.38722797717581037,751.5828147950298,280.6010696824139,2.6053957517946746,1183.48789590621,151991.29441783333,-134.32861110962702,1199.9328419294154,53.93790348592325,109167.98261013623,-0.9218396991473751,0.0013292545703481365,0.3875690933990539,751.0128052415669
442,68.42201834862385,271.0476618191685,3.0545288734571403,1184.2646477862731,151819.4261927491,-134.56454596325383,1198.415255508532,52.41857441810754,109066.04427961174,-0.9246033720643576,0.001303561617813607,0.38092900269515795,750.0860199957248,271.0717449564894,2.485264563952285,1186.7503695609294,152102.0004497194,-133.93134960359447,1200.8045702649808,52.818727353324746,109290.05842519012,-0.9246686482138416,0.0016307054879588813,0.3807692632159249,751.5796692735553,272.35353939311443,2.9173531694056747,1185.4101376296512,151984.10701355315,-135.08462177409774,1199.8989084253267,52.77348788187479,109180.17359058201,-0.924517593003515,0.0011075380991972736,0.3811377619527431,750.9870650498664
443,68.82568807339453,262.88296479948394,3.826735651873527,1186.0847174784012,151786.66078700768,-135.8515356624054,1198.3214518591947,50.92082125466894,109105.87349894608,-0.9272045987119704,0.0007828093588040161,0.3745544277363196,750.0332241439598,262.9082700799716,3.5854925138904092,1188.5421251278299,152068.14202246701,-135.68509167538645,1200.6504003621642,51.09366129632457,109329.66945858908,-0.927271696596129,0.0008166288425790457,0.374388212700494,751.5063383802874,264.23612777117137,3.747746938206971,1187.2372271890324,151953.22445605393,-136.47080102821286,1199.80595195453,51.239243023699395,109227.35224504129,-0.9271066179677696,0.0005154557538887063,0.37479734954469734,750.9366575245932
444,69.22935779816515,254.70170798532757,4.587175415088106,1187.849330215269,151752.39467518704,-137.1231576940957,1198.226775993205,49.41900260569329,109145.85208501032,-0.9297628750387626,0.00025947907405402063,0.3681588364690767,749.9811253128725,254.64052622551444,4.112327459055631,1190.3372465147913,152034.77693820663,-136.71900552198477,1200.5935938801656,49.76251079573794,109366.59846080063,-0.929860207889191,0.00041678022808231075,0.3679127886857319,751.4655548598814,256.0788322909977,4.396503017025528,1189.0018364396067,151924.07884058577,-137.8863084896986,1199.6848187896455,49.877604358077804,109256.77834033813,-0.9296579044667481,-0.0001749824560819034,0.36842387279278555,750.8919551181078
445,69.63302752293578,246.5040515771477,5.3353690524433794,1189.5583986239162,151716.66917590695,-138.37857394564287,1198.1313573488885,47.91351769221451,109185.96189807706,-0.9322780830460563,-0.0002658066688258227,0.36174231881103647,749.9297711502408,246.55048494869854,5.136265621698516,1192.0314632735287,151974.44918969285,-138.2230646580832,1200.498259929285,48.04166287951881,109428.95029138861,-0.9323503133625661,-0.00023603741399683614,0.3615561332062616,751.3951831796926,247.77913313275687,4.972862973461697,1190.752387801769,151894.5556621142,-138.9894346610369,1199.6127389653996,48.49330683795739,109291.00289251197,-0.9322059330902819,-0.0006276608627855498,0.361927761235745,750.8510404174485
446,70.03669724770643,238.29015570602135,6.070858275122023,1191.2118325432887,151679.52681058302,-139.61694606901725,1198.0353302850358,46.404765566375524,109226.1847175139,-0.9347501033495619,-0.0007924116957569715,0.3553049624923463,749.879208684997,238.3017544094423,5.877878958353954,1193.680845519532,151946.78880949243,-139.54656150799943,1200.3866564000273,46.53721850179284,109460.48982076,-0.9348319637946688,-0.0008411901490167505,0.35508941390435184,751.3434822042477,239.4723543750008,5.8909054614466845,1192.441788897033,151845.2989679691,-140.47470286397615,1199.5042889943793,46.832359959481586,109337.21244455625,-0.9347065816015427,-0.0013092146435532345,0.35541791213693147,750.7974346650693
447,70.44036697247708,230.0601804331148,6.793205885851047,1192.8095389071877,151641.01128741482,-140.83743547401775,1197.9388339797094,44.893145115641204,109266.5022388909,-0.9371788151151862,-0.001319686450013609,0.3488468531131812,749.8294843087587,229.90185128321278,6.012728659401841,1195.3305873795168,151933.17465000247,-140.1007724525051,1200.3702598048408,45.46287152111398,109478.67824066116,-0.9373097819086538,-0.0009898249154077453,0.3484959009586607,751.3282445606496,231.08739185134357,6.248404696000148,1194.0834418769937,151826.02435641596,-141.4407437000247,1199.4296330405027,45.609773472324136,109354.08097233312,-0.9371798805053765,-0.0017379282883101081,0.3488421579757714,750.765712982174
448,70.8440366972477,221.81428575111536,7.501996047320881,1194.3514216261558,151601.167485118,-142.03920332010495,1197.8420123217873,43.37905506838142,109306.89607108879,-0.9395640959892343,-0.001846968218381255,0.3423680742071802,749.7806437574849,221.6865256631521,6.774825164147153,1196.8715940474058,151894.23589996292,-141.2073531022408,1200.3004270896424,43.881878339728026,109518.81359952908,-0.9396875595020231,-0.001428648028895998,0.34203106508319003,751.270027073728,222.81077246613214,7.39713040984258,1195.6483796528917,151761.63315174304,-143.16109472590546,1199.2990146146074,43.74242636081654,109423.20900257172,-0.9395720271299696,-0.002569140538736655,0.3423416500395062,750.7045691320313
449,71.24770642201835,213.55263158796268,8.19683454935196,1195.837381468597,151560.04143640678,-143.22141050687105,1197.7450137952758,41.862894000890165,109347.34773341118,-0.9419058220229887,-0.0023735813596954146,0.33586870731094787,749.7327320932775,213.49372499840203,7.370688789609188,1198.3538614083527,151856.4661613983,-142.3142523348006,1200.2253213373886,42.46138309576758,109559.42781990932,-0.9420118171330348,-0.0019261395463208613,0.33557417416744967,751.2276483271072,214.34774760441087,7.851581566221716,1197.1949451813675,151725.45298461727,-144.1345823861719,1199.23754771854,42.3956489170726,109463.31239871997,-0.9419698110448014,-0.00298435426972353,0.3356843289607273,750.6680901257629
450,71.651376146789,205.27537781315053,8.877349074840327,1197.2673159413964,151517.6803112299,-144.38321766312353,1197.6479913563658,40.345060345903285,109387.83865269955,-0.9442038675916372,-0.002898837535805917,0.3293488320397313,749.6857936863192,205.04572173508663,7.9094855871114875,1199.8024056308343,151808.08286557958,-143.7347762169864,1200.0885384522694,41.110558839930334,109602.38623510323,-0.9443566498015887,-0.002704824871098041,0.32891214920999207,751.1797719925863,206.05881815958986,8.009382667191261,1198.6519182144775,151716.836066908,-144.53835290305062,1199.2345598465395,41.260206475029975,109483.16198110553,-0.944271256285459,-0.00302701878374429,0.3291544192478111,750.6520168333782
451,72.05504587155966,196.98268424692225,9.543189464517353,1198.6411191703057,151474.13239976214,-145.52378513456273,1197.551102303221,38.825952402671,109428.35016045213,-0.9464581053075442,-0.0034220359450158194,0.32280852616937605,749.6398721969546,196.96126793201108,8.811781647854115,1201.136320453584,151768.6053208654,-145.17139809963305,1199.967008961382,39.43101014664622,109647.9189460186,-0.9465541586750348,-0.003415583774477918,0.32252683374019664,751.1194257364257,197.75367703921535,8.653383240610616,1200.062375933472,151675.1716226995,-145.5397794209912,1199.1854228099307,39.73479836530057,109526.57794281059,-0.9465288504114502,-0.003439874149724909,0.322600840985594,750.6209704310846
452,72.45871559633028,188.67471067264322,10.19402798055266,1199.95868178038,151429.44709515607,-146.64227297003893,1197.4545081384927,37.30596834864587,109468.86348994798,-0.9486684059278504,-0.003942463558047293,0.3162478657246635,749.5950105579187,188.80728874832639,9.802876849110561,1202.4366917067657,151692.38082818975,-146.4740199099211,1199.8780978584618,37.61790229371026,109715.16827787863,-0.9487292535036914,-0.00399821872352057,0.31606457851737724,751.035795457192,189.51439734746305,9.542531431887019,1201.4045936919597,151628.49102324588,-146.74437594093473,1199.1180945682693,37.997194048823204,109571.20792921803,-0.9487188874414408,-0.003972113772297903,0.31609602168337153,750.5843834957785
453,72.8623853211009,180.35161685267076,10.829559569036565,1201.2198907767463,151383.67487605673,-147.73784090637452,1197.3583744245605,35.78550625283493,109509.35977337672,-0.9508346382564058,-0.004459395356590233,0.3096669250741247,749.5512509567146,180.4486336688721,10.364133533467253,1203.7046769123501,151645.94871539023,-147.61220884245026,1199.7798723389767,36.17134751997525,109755.23118350202,-0.9509048185406895,-0.00457511875513275,0.3094496637006976,750.9869776742775,181.2978817569085,10.61664388671512,1202.6895730514775,151562.74972983426,-148.17082187943518,1199.0330789173704,36.1018256497586,109631.63261707789,-0.9508557898738235,-0.004648458669989312,0.30959919039852263,750.5397935840124
454,73.26605504587158,172.01356254801368,11.449502121367798,1202.4246294259842,151336.86728888348,-148.80964835173808,1197.2628706314613,34.26496409087223,109549.82003897388,-0.9529566690400367,-0.004972094574493403,0.3030657770314232,749.5086348181427,172.32997654278483,11.277881964538846,1204.8690551161253,151582.2389747236,-148.9373214139955,1199.6604367940088,34.42094144366443,109803.36270695446,-0.9529716661666701,-0.005229243701679068,0.3030142876067549,750.9194563802055,172.94316532611782,10.74713734332434,1203.9325410056426,151557.31853482977,-148.61202062549776,1199.027389948841,34.97036140410585,109642.45399959816,-0.952982901829112,-0.004772803444152712,0.3029864834751687,750.529798699747
455,73.66972477064223,163.6607075421037,12.053596734580415,1203.5727771384202,151289.076929883,-149.8568543675673,1197.1681699775363,32.744739761857396,109590.22520816397,-0.9550343628591582,-0.005479812941661907,0.29644449296339825,749.4672027869857,163.8723240593078,11.448631845386702,1206.0369457036911,151558.9947721293,-149.57525118821275,1199.6070142848598,33.25966911031049,109819.09777440385,-0.9550743369630782,-0.005514665316557474,0.2963150339435771,750.8949936299042,164.6957935168251,11.742378804840511,1205.1116307619654,151488.66360328763,-149.89342463425288,1198.9589205023744,33.107900319221784,109701.88032494948,-0.9550339447111003,-0.005372843965916538,0.2964477980982031,750.4892332062294
456,74.07339449541286,155.29321166896327,12.641607970637688,1204.664209351608,151240.35742695324,-150.87861764903263,1197.0744492627412,31.22523110700348,109630.55609271028,-0.9570675820127543,-0.005981790930729525,0.2898031429048361,749.4269947108495,155.61361344750418,12.055699077618785,1207.120090069583,151515.19972121553,-150.4375118792148,1199.5433080132327,31.71446919720336,109856.1303445853,-0.9570818924472427,-0.005884496362932642,0.28975787107887013,750.8533156516338,156.34891708193163,12.517660642508595,1206.2337210774417,151439.66640476903,-151.09119632458285,1198.8755670463545,31.427233514458752,109745.29291083319,-0.9570595276358232,-0.005979892581765305,0.28982978012310134,750.4542575604202
457,74.47706422018348,146.91123484610935,13.213324114721528,1205.6987974153164,151190.7634212502,-151.87409650404086,1196.9818886946443,29.706835930137593,109670.79339187437,-0.9590561863977443,-0.006477258006578012,0.2831417956800646,749.388049623172,147.54382464611356,13.539712081044106,1208.0904655969246,151416.4389407752,-151.7568068639358,1199.4245719597784,29.371994298038484,109932.88385854609,-0.959001252239671,-0.006425391012475054,0.28332898290340797,750.7525095850533,147.9401879448785,12.924701900173902,1207.3058057023668,151410.7368292586,-151.87698610439426,1198.830341697798,30.040470610225327,109768.87677927413,-0.9590538895613783,-0.006349654971168441,0.28315246564163765,750.4333617733572
458,74.88073394495413,138.51493711247437,13.768557432542654,1206.6764084782908,151140.3505485698,-152.8424488307813,1196.8906717070652,28.189952020090516,109710.91768958325,-0.9610000333827708,-0.006965432878780824,0.27646051903142443,749.3504057263854,138.8672606524519,13.557214847919978,1209.0985946740234,151397.3549394466,-152.51598626095154,1199.3356565145139,28.32793814100388,109943.25105722596,-0.9610075273308397,-0.006878300124219707,0.2764366498872146,750.7339703499651,139.37402973119654,13.447590916613622,1208.327681064615,151359.17776397505,-153.03154533218296,1198.7327109786768,28.55471999552211,109804.5710619328,-0.9610341169162849,-0.007000724334715425,0.2763411224948719,750.3988164774541
459,75.28440366972478,130.10447867168025,14.307144426697626,1207.5969053771264,151089.17542051885,-153.78283209382033,1196.8009847713704,26.674977175011023,109750.909451608,-0.9628989776764441,-0.007445523757053397,0.2697593797547034,749.3141003752542,130.14949098669663,14.783173632683985,1209.9908505859657,151318.89135776454,-154.10044935463273,1199.127691353673,26.166374333254122,110006.40678270807,-0.9629667447945626,-0.007729453537790273,0.2695093764004716,750.6544225803705,131.085657058976,14.581318955671078,1209.2072407319304,151243.60468315336,-155.10837913245345,1198.4847057771285,26.59026719621487,109884.94544340337,-0.9628942708847419,-0.008285541686337279,0.26975168747628864,750.317437051723
460,75.68807339449543,121.68001994096332,14.828946092095505,1208.4601465275346,151037.2956054725,-154.69440329875192,1196.7130172003947,25.16230922863168,109790.74902275157,-0.9647528711900892,-0.007916728609797172,0.2630384438415763,749.2791700603781,121.84007895883187,15.414091887609388,1210.8436612360629,151264.7857861548,-154.8528176276173,1199.0688818258052,24.54134761194559,110050.38255748017,-0.9647961743713062,-0.008052367126728658,0.26287544826808834,750.6085265177246,122.48885335369286,14.541990316078303,1210.107467575233,151229.8185808615,-155.41255733056005,1198.4690405753609,25.539657888310096,109900.30556417379,-0.9647870646995944,-0.008383856557194294,0.26289851794479335,750.3034194451038
461,76.09174311926606,113.24172160606692,15.333848170474113,1209.2659858183224,150984.76960932426,-155.57631896541935,1196.6269609449723,23.65234607851437,109830.41662404935,-0.9665615628950497,-0.00837823542582989,0.2562977766291164,749.2456503918704,113.64186670618189,15.959858511803539,1211.6438194550947,151194.23734145414,-155.25076520006866,1199.0676486330185,22.973636611107295,110099.17046958652,-0.9665596271944592,-0.008114218032500408,0.25631357073598204,750.5669537612957,114.08391889166987,14.949500454711144,1210.9151139187877,151189.40035506978,-155.96135866510312,1198.4218282730928,24.0935735845085,109938.94102594032,-0.9665871481720923,-0.008598956875502705,0.25619395568435027,750.2695019967166
462,76.49541284403671,104.78974468242131,15.821761404025242,1210.0142725083917,150931.65685603133,-156.42773509972218,1196.543010383065,22.145485716295582,109869.89234998115,-0.9683248986746014,-0.008829222479399794,0.24953744295642766,749.2135760832076,104.99791925640905,16.160515884940946,1212.4108246059116,151179.63263639694,-155.9757608009297,1198.9890723854537,21.71734504382277,110117.48636869444,-0.9683590019650911,-0.008535449873387675,0.2494152950575241,750.552999890214,105.56840587649081,15.073365997350475,1211.676102719078,151158.88543986605,-156.43695966440228,1198.3761777922741,22.902519887767905,109962.391111412,-0.9683626153078352,-0.0088214713111394,0.24939131283602525,750.2450139008213
463,76.89908256880736,96.32425058292567,16.292621788144068,1210.7048511270773,150878.01766795947,-157.24780716403114,1196.461362101466,20.642126259949244,109909.15616569621,-0.9700427211705469,-0.009268858598587502,0.24275750732844517,749.1829809352604,96.6520622356264,17.459931088722037,1213.0566766451736,151056.86428453683,-157.2747691168972,1198.8424442550458,19.451796105506922,110205.70311988007,-0.9700523522807534,-0.009200231450833679,0.242721629806303,750.470405748542,96.93428923214687,15.65004435804112,1212.3385427262779,151072.14624107548,-157.4200487746119,1198.230389364105,21.285803338295054,110033.09427251991,-0.9701082659775783,-0.009376561579264949,0.24249130370989871,750.1793326228773
464,77.30275229357798,87.8454011926427,16.746390823315064,1211.337561378153,150823.9132460309,-158.03569004623586,1196.3822146700668,19.142665988078484,109948.18790425282,-0.971714869624563,-0.009696303437204786,0.23595803408693689,749.1538978205062,87.83796679462532,17.199659323190932,1213.7208234774932,151070.46853618496,-157.7846524866431,1198.7780744752047,18.594367954639804,110202.58578152662,-0.9717841730668929,-0.009559988030671759,0.2356780168058719,750.4784535276667,88.43513133632916,15.938154534213098,1212.970654414687,151029.69705996968,-158.22312291855798,1198.1359382135427,19.946606788708518,110060.32370521227,-0.9717781749532761,-0.009859587601258109,0.2356904054407244,750.1503605005624
465,77.70642201834863,79.35335895072485,17.183055766144776,1211.912238047804,150769.40564967913,-158.7905380274528,1196.3057684086582,17.647503376243183,109986.96726387077,-0.973341179714382,-0.01011070775030573,0.22913908758874604,749.1263586674196,79.42048934600803,17.8329302614265,1214.2737259152111,150960.13050427564,-158.86963469892027,1198.6536081581737,16.937334678234382,110274.58214580797,-0.9733944890172427,-0.010210644826062286,0.2289080852287595,750.4230009945737,79.91199775202003,16.342161407740374,1213.5581420535307,150971.98848739374,-159.11842900554748,1198.046543345927,18.487164053280605,110106.2487697921,-0.9734047731783296,-0.010399432349793784,0.22885584842963227,750.1172855669353
466,78.11009174311928,70.84828693990099,17.602629879545404,1212.4287109169231,150714.557776614,-159.51150474842942,1196.2322251462483,16.157037135327567,110025.4738052013,-0.9749214833848943,-0.010511213673431597,0.2223007323913011,749.1003944450573,70.95163161009394,18.043663526253415,1214.7967866833467,150933.31669374811,-159.1914717083608,1198.6343106483278,15.633524375424342,110295.40931460612,-0.9749675067957085,-0.010335136492124242,0.22210705897438118,750.4009607916247,71.50608506552624,16.610776159907775,1214.0951606587998,150948.14951319862,-159.34957174566583,1198.0532912575593,17.126315306210838,110117.98727294483,-0.9749660056816969,-0.01043497724453501,0.22210898004129234,750.1031159370326
467,78.51376146788994,62.330348983826596,18.00515268207337,1212.8868046780256,150659.433342401,-160.19774317467994,1196.161787972869,14.671666251941625,110063.68694861165,-0.976455608674271,-0.010896955005717216,0.21544303344541532,749.0760351478248,62.22963111391306,18.041073308537637,1215.2540595134794,150892.67574811642,-159.86377363463674,1198.5412905298083,14.522631064295524,110320.2215817018,-0.9765324247200434,-0.010795232185652048,0.21509971276701073,750.3854562726286,63.03739425081055,17.110590520071764,1214.5448247462855,150886.26918343065,-160.2331414828242,1197.9458270502912,15.561781592418338,110154.67869078841,-0.9764839821967933,-0.01098014885294335,0.2153101689290582,750.0656138444114
468,78.91743119266056,53.79974673171912,18.390749894086238,1213.286333686289,150604.09364678155,-160.84852941366594,1196.0946421404994,13.191742273830354,110101.58863685858,-0.9779433713837639,-0.011267148819580781,0.20856608958321868,749.053304843236,53.52093956751006,17.84786756195814,1215.6511033901063,150877.2783357825,-160.25280585903008,1198.479471084093,13.579098891785277,110320.61866905278,-0.9780453075396774,-0.011073331350157489,0.2080979522542864,750.3842795253449,54.34431840671019,17.218112252161095,1214.9557741363196,150844.77626022408,-161.10375586536347,1197.8377309372343,14.342928943979203,110171.42183007265,-0.9779920075437667,-0.011593181525957756,0.20832002141565545,750.0465006355028
469,79.32110091743118,45.2569114126593,18.759933716670243,1213.6270777432371,150548.58055356628,-161.46390344060165,1196.0308560599858,11.717322491331835,110139.17714162513,-0.9793845346408496,-0.011621572500018579,0.2016702069194985,749.0321963147643,44.789525934530715,18.237629338508388,1215.966584619138,150812.84721960637,-161.0971578478879,1198.3572073895925,12.072276690229469,110360.13116033655,-0.9795097756778975,-0.011616083401424056,0.2010613487417359,750.3464695140394,45.68341362545384,17.711621486524805,1215.2550841803309,150765.74421272834,-162.1577712011952,1197.6656054935243,12.744742271436046,110217.65562939468,-0.9794413490436218,-0.012300016229769742,0.201353801514542,749.9937623173101
470,79.72477064220183,36.70236361495745,19.1133550787549,1213.908807779052,150492.9278740882,-162.04419667290242,1195.9704501908802,10.248352602849982,110176.45694106577,-0.9807788442955189,-0.011960225363012809,0.19475577421892365,749.012690346003,36.33224298760531,18.55290316623572,1216.2310159859298,150778.1328004526,-161.46013566408473,1198.312437814242,10.648494167861298,110378.7364594568,-0.9808837262391551,-0.011795952304000936,0.19423689430288998,750.3211280546896,37.33863706013855,18.402161938028815,1215.5247397265082,150696.6355981292,-162.78258734340895,1197.5952969652155,10.967109314339867,110257.09007209343,-0.9807956487596515,-0.012634959581725877,0.19462850040654975,749.9571893387331
471,80.12844036697251,28.136626707079348,19.451659334576178,1214.1312993018973,150437.16872857805,-162.5897414026029,1195.9134407429242,8.784778856617686,110213.43247663563,-0.9821260490134087,-0.012283116373593183,0.18782318520742905,748.9947674042274,27.767392577667056,18.926349882858215,1216.4233549418063,150703.61174712607,-162.09466653152964,1198.217912206855,9.156235843360292,110417.89653985141,-0.9822244376443426,-0.01219252948530233,0.18731389782662913,750.2814891960354,28.629349462836192,18.26215979912522,1215.7444148288428,150685.4724761863,-163.0914804733947,1197.544219066284,9.944256074761357,110269.20585176321,-0.982162023035916,-0.012850411554054204,0.18759698139599246,749.9410585837838
472,80.53211009174314,19.560226684175703,19.77548580094827,1214.2943325428093,150381.33555993123,-163.10087024072146,1195.8598398621916,7.326548265041906,110250.10814215353,-0.9834259004146209,-0.012590263686722721,0.1808728383533336,748.9784076720994,19.581083902496726,19.36302628455616,1216.5813399684832,150675.09935172534,-162.26471393720126,1198.2150081824439,7.636075465540401,110436.74265347885,-0.983464294814681,-0.01221358787977025,0.18068981458777753,750.2520252867201,19.96420248600405,18.717221843552785,1215.8840091551683,150612.2001461668,-163.69285259741642,1197.4498054182006,8.341853930472407,110311.39625574282,-0.9834686323203389,-0.013224497175920802,0.18059502184835047,749.9075779416404
473,80.93577981651376,10.973692181559318,20.085467576126508,1214.3976925730015,150325.46013291026,-163.57791613521098,1195.8096557297927,5.873608597171648,110286.48828519521,-0.9846781531742033,-0.012881694605778609,0.1739051368002793,748.9635910564431,10.99446118988161,19.70970749374015,1216.6650534829612,150623.6892852597,-162.79475595783694,1198.1386860758785,6.153560711362503,110467.11849680595,-0.984712314356037,-0.012551299445083128,0.17373578456327635,750.2215665091508,11.444336150759614,19.13755071062282,1215.9625470729306,150544.89343033056,-164.1839782792148,1197.3687967264452,6.78501141793928,110348.35361878767,-0.984705049267619,-0.01352410136777821,0.17370395686066006,749.8794695400439
474,81.33944954128441,2.377554484151486,20.38223136000099,1214.4411694187036,150269.573533482,-164.02121238919614,1195.7628926597881,4.425908370469683,110322.57720848934,-0.9858825651228112,-0.013157445537890803,0.166920488298421,748.9502971970409,2.783462548982966,20.294651210629773,1216.7135117161777,150560.28257895663,-162.89549399154728,1198.1518660445263,4.478603402568583,110509.18066293593,-0.9858664361235576,-0.012504537700222359,0.16706587521675081,750.1798161919555,2.6936339549834223,19.495294004804318,1215.9826307050366,150464.51125570203,-164.5718946351041,1197.3007464819098,5.251857605061097,110392.5983568394,-0.9859264802734529,-0.013755010972840183,0.16661265008617332,749.8511134791839
475,81.74311926605506,-6.227652468087107,20.666397275675433,1214.4245581734992,150213.70616829125,-164.43109267946159,1195.7195511963025,2.983396841914111,110358.3791713165,-0.987038897347471,-0.013417561946131988,0.15991930513390315,748.9385054754495,-5.676849146915291,20.744763530205127,1216.664870201943,150485.65046265416,-163.48192730659602,1198.0523220896155,2.8984812575493653,110546.45668612735,-0.9870013215048464,-0.012900596919735994,0.1601935265446177,750.1419999597887,-5.896148810455763,19.94124074633191,1215.929103713248,150389.08141060063,-165.01721551924888,1197.212428499651,3.648023685046275,110439.83053781597,-0.9870743371128867,-0.01403603454051807,0.1596472447226462,749.8208171628365
476,82.14678899082571,-14.841392078719942,20.938578692483986,1214.3476591081403,150157.88776426722,-164.80789107515972,1195.6796282098476,1.5460239984590178,110393.89839090958,-0.9881469142923729,-0.013662098298554182,0.1529020040566591,748.9281950238253,-14.326234024795967,20.455846470699075,1216.6034882114245,150472.54295738047,-163.47883352010444,1198.0607621593495,2.0203858993818025,110548.91485115861,-0.9881164604320612,-0.012918698675229818,0.1531632065730972,750.1388523091894,-14.538894404015782,19.978877678654026,1215.8317662609968,150345.80992195723,-165.76562215754723,1197.0894570120665,2.430097538286151,110461.34966837283,-0.988174779159783,-0.0146302224422151,0.15263211465417634,749.8043694670082
477,82.55045871559633,-23.463125097362823,21.19938205049966,1214.2102777778455,150102.14736836683,-165.15194205670755,1195.6431169928596,0.11374054688513417,110429.1390438568,-0.9892063838596183,-0.013891118014067654,0.1458690062065848,748.9193447337714,-22.721815869550845,21.161166076509947,1216.4303585136088,150381.72678337665,-164.13611537124933,1197.9480596419512,0.18393324877125752,110599.4631666789,-0.9891466595076883,-0.013356786478306364,0.1463232115549486,750.0900500243147,-23.081618735045584,20.503692158235236,1215.6727017017029,150265.637189902,-165.94244005418386,1197.0507538852162,0.7446708508966197,110504.16153635608,-0.9892217886807775,-0.01470164082863805,0.14568498397621135,749.7815990708027
478,82.95412844036699,-32.09230962615237,21.449406686591804,1214.0122251270311,150046.51334745053,-165.4635805348383,1195.6100073544328,-1.3135020969353202,110464.10526750583,-0.9902170775098457,-0.014104693405160696,0.13882073703811962,748.91193326519,-31.065610373485836,21.602003322454,1216.2209746130002,150358.03516466523,-164.50737244157867,1197.88064401015,-1.3854082935895045,110613.29607260473,-0.9901228968051738,-0.013613198754917325,0.13953970776015873,750.0697658010669,-31.794005403565162,20.767651894922096,1215.4342900807733,150198.65179000175,-166.1748455294719,1196.983607034898,-0.7109412935865773,110551.20765479282,-0.990238279502423,-0.014860992809922221,0.1385904062364502,749.7522970727954
479,83.35779816513764,-40.72840113011803,21.689244662087795,1213.753317591497,149991.01338829377,-165.74314186978103,1195.580285714282,-2.73575181932935,110498.80116136982,-0.9911787703626591,-0.014302905617458983,0.13175762624328494,748.9059390551527,-40.28628831268157,21.425174354609414,1215.8763085986773,150300.12024017764,-165.4597287579389,1197.6702525950636,-2.4897100341068157,110632.92206014064,-0.9911393643663255,-0.014436424822141351,0.1320391988837819,750.0565727761871,-40.39944444131927,21.106067584978277,1215.14940988886,150126.35885936514,-166.57032718667458,1196.9053913968346,-2.234230033830058,110589.84337016013,-0.9911900724699155,-0.01515618333975294,0.13157708897697748,749.7294896124249
480,83.76146788990826,-49.370852451432114,21.919480592097422,1213.433377198019,149935.6744977311,-165.99096189053705,1195.553935195902,-4.153055820645126,110533.230788534,-0.9920912412967879,-0.014485844566125967,0.12468010767321624,748.9013403267745,-48.69512507809173,21.83131215174009,1215.5304098309225,150255.7210560131,-165.85562189488437,1197.583634078013,-4.052171347960228,110647.74800444812,-0.9920249298031412,-0.014738893692540346,0.1251770892048253,750.0258734575166,-48.88627272129024,20.927671831332468,1214.8492776654443,150134.50480298424,-166.62001362443917,1196.9044547401954,-3.224593883775323,110579.95296666081,-0.9920838356158586,-0.015232513492032841,0.12465004469490164,749.7309640241971
481,84.16513761467888,-58.01911382750378,22.140691476558036,1213.0522316613603,149880.52300293426,-166.20737691422326,1195.5309357189483,-5.565460627579036,110567.39817706359,-0.9929542730498989,-0.014653608869106348,0.11758861925823427,748.8981150980984,-57.5999481304975,22.1336967790923,1215.124332176769,150159.53923280668,-165.28560754182408,1197.6538722636265,-5.539547261047077,110697.73244743147,-0.9929261139395169,-0.01424189918950424,0.11787663281772864,749.9895418241952,-57.713535679019664,21.006332013307123,1214.4587062259482,150083.5108827389,-166.95197743792326,1196.853968621282,-4.529503197092159,110602.50801992309,-0.9929591541272997,-0.015518378660301757,0.11743635790739115,749.7187433278665
482,84.56880733944956,-66.67263291287676,22.353446533058232,1212.609714478698,149825.5845518242,-166.3927237654572,1195.5112640908371,-6.973012105979441,110601.30732141258,-0.9937676523179902,-0.014806305777216719,0.11048360292650436,748.896241190991,-66.07531903156506,22.177670078537535,1214.6661680044201,150140.8943714092,-166.07622179540462,1197.5146783186328,-6.7816583418275895,110707.90119995258,-0.9937142381670542,-0.014927949197552817,0.11094669529475161,749.9767032841988,-66.23123529976623,21.347865314688736,1213.9854177377335,150018.41442761355,-166.98574213474157,1196.8120769578522,-6.041786523189861,110645.54509386963,-0.993758374978907,-0.015543932011158555,0.11046573376805466,749.6951702609637
483,84.97247706422021,-75.33085480488798,22.558307031502057,1212.1056650214105,149770.88411361494,-166.54733979575246,1195.4948940975455,-8.37575547410648,110634.962183832,-0.994531169854289,-0.014944051101089012,0.10336550452132155,748.8956962400333,-74.66054406691745,22.241052245600574,1214.1554967264876,150065.37242281056,-166.14457417303709,1197.4937538485701,-8.026764731840062,110744.69341059518,-0.9944754072108031,-0.015007732178321439,0.10389144540226138,749.9561028430763,-74.74597917137,21.836378057302824,1213.458371787761,149933.57784876227,-167.4044796720426,1196.7221657639084,-7.723145470695188,110690.77323356325,-0.9945030194079614,-0.015883784711898958,0.1034961340904771,749.6696153180269
484,85.37614678899084,-83.99322207306498,22.755826130671664,1211.5399286242832,149716.44597949096,-166.67156290290188,1195.4817965936463,-9.773735316320536,110668.36669577933,-0.9952446205675823,-0.015066969134974115,0.0962347737170659,748.896457701428,-83.6857538626378,22.697294504818753,1213.4749899991014,149950.8767810557,-166.13514906801248,1197.4093159801548,-9.717009659787259,110800.2044410399,-0.9952232955885589,-0.01499796583436067,0.09646581227916651,749.912240352466,-83.38177066280095,21.731026579266764,1212.8866459890974,149901.02171916462,-167.67099680683006,1196.668017400048,-8.83296048788457,110704.85606316058,-0.9952102708103603,-0.016160797984767505,0.09641237203836846,749.6646422937152
485,85.77981651376146,-92.65917479219405,22.94654871675202,1210.912356672059,149662.2937634163,-166.76573155031804,1195.4719395915363,-11.166995597178376,110701.52475932709,-0.9959078036199064,-0.01517519257741431,0.08909186393387712,748.8985028618965,-92.64124937234696,22.370317225221743,1212.7990782497063,149942.32939787835,-166.16415340668755,1197.3654859769729,-10.628307278887425,110798.13001966762,-0.9959065556942531,-0.015111966474775682,0.08911655735313562,749.914601071528,-92.06513650063329,21.88032072556289,1212.2401913199037,149845.08842795674,-168.08242200873758,1196.5851625790478,-10.216739291673411,110734.46481704753,-0.9958685878864503,-0.01654472515829789,0.08928621243217602,749.6531716167796
486,86.18348623853211,-101.32815057903173,23.13101124387553,1210.222806683377,149608.45040307613,-166.83018478630902,1195.4652883498923,-12.555579675909886,110734.44024857129,-0.9965205225235205,-0.015268862448795046,0.08193723225109138,748.9018088475865,-101.06268137344901,23.246392805336946,1212.0882360630792,149811.6224325173,-166.05248738855514,1197.3539833859086,-12.646622441037124,110869.38872491218,-0.996506554691511,-0.01499651719260596,0.08215711125000916,749.8694939846184,-100.75139671501111,22.1869698750739,1211.5280826149733,149776.53204653534,-168.09558194864644,1196.5559145665989,-11.732385697770663,110772.31308910472,-0.9964823775833868,-0.016597345559649455,0.08214255466038457,749.6366617015303
487,86.58715596330276,-109.99958463261073,23.30974157675073,1209.4711423920812,149554.9381609499,-166.865262263264,1195.4618054613456,-13.939530321255674,110767.1170110395,-0.9970825852370947,-0.015348128005788534,0.0747713393194882,748.9063526329752,-109.79992146434162,22.939026366919478,1211.2840833864877,149832.51881259176,-166.5523869661479,1197.2223155092074,-13.59162645645059,110859.03360845559,-0.9970640156195579,-0.015511927524899775,0.07498485754513395,749.8684241560999,-109.3469087422551,21.997413670040206,1210.772829063131,149768.40648684098,-168.14823940164868,1196.5255145874758,-12.750136395590074,110780.54705018629,-0.9970383063824534,-0.016724167418105115,0.07506608974883507,749.6268932752897
488,86.99082568807341,-118.67290977808149,23.483258835437137,1208.6572338258711,149501.7786255151,-166.87130425672223,1195.461450939354,-15.318889726643583,110799.55886909735,-0.9975938042610356,-0.01541314665270262,0.06759464927238756,748.9121110497681,-118.86904831618497,22.98756818732939,1210.359411686952,149705.4113142104,-166.34869737157496,1197.1797251166972,-14.879749202095867,110912.95311327807,-0.9976022731846031,-0.015408893891461616,0.06747051597515995,749.837227377065,-118.26340854872481,22.080913293385972,1209.9321327465434,149708.82912101605,-168.1560352041666,1196.5103811283789,-14.082521969856163,110804.02823514694,-0.9975632050388112,-0.016808023896504452,0.06771367871700268,749.6230346598115
489,87.39449541284404,-127.34755651405274,23.6520732423263,1207.7809573823354,149448.9927125828,-166.84865168430622,1195.4641823043,-16.693699525680355,110831.76962135498,-0.9980539967318854,-0.015464083849750907,0.06040762963564615,748.9190607957986,-127.07913423173157,23.056242379514885,1209.5912070037557,149726.73691011366,-166.27049536893696,1197.241841560286,-16.077087674554615,110916.65812799682,-0.9980364014808757,-0.015423381030931783,0.060707994833292145,749.8511479500881,-127.02879741157066,22.98245174979706,1208.9869046632036,149570.4020667639,-167.83413226884826,1196.4937409501167,-16.173972631136902,110883.59064876985,-0.9980321843440801,-0.01658468647110179,0.06047071347387267,749.5941562811882
490,87.79816513761469,-136.02295306337055,23.81668597139337,1206.8421959023285,149396.60066676317,-166.79764612449227,1195.4699546687866,-18.064000807939067,110863.75304407082,-0.9984629845157165,-0.01550111301826115,0.05321075123660025,748.9271784439204,-136.0525397825982,23.438775480087813,1208.5261700217904,149611.86467728516,-166.28565253202845,1197.1470180394817,-17.705620381275267,110976.72646061111,-0.9984600152454162,-0.01549728058983308,0.05326755344901143,749.8159618157331,-135.95588294832544,22.812294006170962,1208.010110758668,149541.54375209365,-167.77247496375077,1196.4799584275272,-17.252366554651054,110898.57177143251,-0.9984510779648955,-0.016643011471263257,0.05308912393236141,749.5858780971752
491,88.20183486238534,-144.6985254272723,23.97758899978145,1205.8408387407226,149344.6220630614,-166.7186298351995,1195.4787208221642,-19.429834135020407,110895.51289255511,-0.9988205943004532,-0.015524415442840856,0.04600448811200453,748.936440450894,-144.84865070573863,23.577246141093838,1207.4447241089613,149568.61209529435,-166.44613950186547,1197.0515354433717,-19.087820400262263,111000.35358133023,-0.998818117664855,-0.01572681619518033,0.0459895105083654,749.7992690081443,-144.59491736196262,23.23206452965098,1206.9805329742546,149461.35170294013,-167.4715207520938,1196.4827296812846,-18.849389125547404,110947.27934108017,-0.9988084370889264,-0.01648137061079536,0.045935502857438734,749.5745027759939
492,88.60550458715596,-153.37369744288173,24.135264961780152,1204.7767818344996,149293.07580860256,-166.61194577217378,1195.4904313142308,-20.79123955686976,110927.05290257029,-0.9991266576870563,-0.01553418017052117,0.03878931741499959,748.9468231662639,-153.99007805372975,23.446856883940256,1206.2692578642373,149508.3245002773,-166.34078576210817,1197.004365510733,-20.225814328975495,111021.57543336108,-0.9991377945899407,-0.015765485902867485,0.03840725030766654,749.7985047708887,-153.30114349904315,23.068599104745932,1205.911345787713,149441.7148878482,-167.4920000658903,1196.4657893911974,-19.915774784371635,110953.83307002392,-0.9991117457626463,-0.016619998532162058,0.038723315042855144,749.5764576788271
493,89.00917431192661,-162.0478908439662,24.290187005261984,1203.6499277682346,149241.9801444871,-166.47793760714788,1195.5050345381717,-22.1482566283281,110958.37679173036,-0.999381011279494,-0.015530603906900992,0.03156571932117225,748.9583028412295,-162.79879190411575,23.822398304837723,1205.05586598658,149402.63539099947,-165.97249784761928,1196.9894600191694,-21.784653854130998,111072.83985880154,-0.999396050727441,-0.015551234981996028,0.031075599446010602,749.7756084988464,-162.32457505787016,23.26761485246636,1204.7256345101362,149358.66276295463,-167.43271378431973,1196.4514650930503,-21.381003029087857,110993.43854103306,-0.9993727193534846,-0.01669234866885498,0.031233528586101227,749.5769806371352
494,89.41284403669727,-170.72052532489568,24.442818650638348,1202.4601858369244,149191.35264777375,-166.3169497457555,1195.522476812675,-23.500924425899353,110989.48826089695,-0.9995834967734367,-0.01551389090931586,0.02433417693374306,748.9708556375011,-171.78133988648605,23.894323117228357,1203.7818486750937,149319.92042662343,-165.4969771544745,1197.0140264751153,-23.04960419231651,111112.37392222982,-0.9996049307184395,-0.015273843743765104,0.02359432517947876,749.7723926296854,-171.5935275900895,22.839875005355452,1203.429503805155,149338.50797775877,-167.76171015935392,1196.3705442056887,-22.3148506181781,110999.56462849754,-0.9995764578131291,-0.017116411643921175,0.023535790579317564,749.5655133744888
495,89.81651376146792,-179.39101860776506,24.593613652397046,1201.2074721062022,149141.21023359132,-166.12932734518247,1195.5427024632588,-24.849281564714637,111020.39099557363,-0.9997339610436082,-0.0154842528770573,0.01709517618793166,748.9844576361463,-180.37041708552775,24.00003935206482,1202.5091200872532,149282.5581318971,-165.3565167680081,1196.9983780610012,-24.339125874735707,111135.512373104,-0.9997479027039833,-0.015283773205996252,0.016448018591133925,749.7687768894122,-179.86103924360359,23.449068204471992,1202.2226631721032,149259.50085939962,-167.11230564969168,1196.443610404454,-24.002447266496105,111046.1647018766,-0.9997218904836316,-0.016696143991519953,0.01665474297754962,749.5805096869946
496,90.22018348623854,-188.05878651258422,24.74301586328311,1199.8917094699364,149091.56915737968,-165.91541633153517,1195.565653902797,-26.19336621567517,111051.08866729701,-0.9998322562297252,-0.015441908838670361,0.009849205754549175,748.999084846426,-189.29046683004105,24.231914587016462,1201.073855847717,149191.6410359852,-165.08686874090532,1196.9555697035594,-25.783102106548377,111182.53936877975,-0.9998441366082298,-0.015188205097732126,0.009001161927938851,749.755495229449,-188.84411238397752,23.484984865896173,1200.8455316785178,149207.7590324108,-166.962320898213,1196.4418448884996,-25.293262105488633,111070.77234875786,-0.9998180875442868,-0.016723054542202045,0.009172309745287958,749.583541470388
497,90.62385321100916,-196.7232430304874,24.89145910118709,1198.512827705201,149042.44501725532,-165.675563416907,1195.591271711224,-27.53321612275924,111081.58493502458,-0.9998782398209612,-0.015387085036358557,0.0025967569428559938,749.0147132146055,-198.00046484016124,24.130801109621455,1199.6518983440226,149182.53658174825,-165.03772562497144,1196.918133597881,-26.903347976900097,111183.18366116045,-0.9998812436784797,-0.01531156952268045,0.0017476780964691475,749.7594872454439,-197.448177415285,24.20188858002205,1199.4522478060403,149113.32530276448,-166.30126638370206,1196.502662900929,-27.129388295732063,111131.67758413487,-0.9998647977414256,-0.016322444815456374,0.001990987881587997,749.595566867255
498,91.02752293577981,-205.38380039990219,25.039367018796028,1197.07076352466,148993.85275650705,-165.41011611612723,1195.6194947144388,-28.86886862046982,111111.88344651963,-0.9998717747388735,-0.015320014807527422,-0.004661676397258451,749.0313186327606,-206.78538585839044,24.204902733971352,1198.1164592877885,149138.0317740066,-165.0186620788277,1196.8436321348788,-28.21718225856681,111206.83632823276,-0.9998649393880323,-0.015455521697465799,-0.005588365738357446,749.7541530249371,-205.93266027385852,24.168248814549713,1198.0223232179435,149095.5918024292,-166.23873684216764,1196.481307613073,-28.295329677997852,111141.63136070526,-0.9998519886063916,-0.016436021560310654,-0.0050850835895887795,749.5983788801977
499,91.4311926605505,-214.0398691855772,25.187152976075012,1195.5654606263465,148945.8066662156,-165.1194227631761,1195.65026006239,-30.200360651412822,111141.98783973198,-0.9998127294187251,-0.015240938463499373,-0.011925597973731605,749.0488769475539,-215.3555705353075,24.460091799422976,1196.6089435753638,149066.13208284488,-164.45531482089447,1196.9044758159685,-29.587390398147996,111250.23184853059,-0.9998039482241563,-0.01513297555229009,-0.01276942310061139,749.7503408000058,-214.5891116711949,24.26036838595373,1196.496217733186,149057.0783633019,-166.04461696467914,1196.4743671472136,-29.59203724823739,111166.01580272436,-0.9997888223419524,-0.01644828731961129,-0.012319276129032993,749.5982677999672
500,91.83486238532112,-222.69085836043945,25.33521991563451,1193.9968697408754,148898.3203880016,-164.80383252724855,1195.6835033063428,-31.527728783986106,111171.90174417659,-0.9997009778891459,-0.01515010316543434,-0.019194509151374776,749.067363969007,-224.00767503492156,24.838064178648413,1194.9960930246148,148986.15615956258,-163.87332143372893,1196.9384758359358,-31.086729030812386,111292.45305744337,-0.9996896976124688,-0.014811698338339114,-0.020028032350303697,749.7434077480166,-223.37487347120333,24.553340421789166,1194.8753423616445,148979.5751514199,-165.5572324133091,1196.502295454171,-31.058057165126243,111205.9509053682,-0.999674538686373,-0.0162298527100773,-0.019682697558933926,749.6062472451533
501,92.23853211009174,-231.33617539018147,25.483960241043686,1192.364948676069,148851.40691689643,-164.46369542845045,1195.7191584753157,-32.85100923016382,111201.62878230563,-0.9995363998500674,-0.015047762797492491,-0.02646790905146679,749.0867554792347,-232.75055350499423,24.727844397057517,1193.3099141596456,148977.0905727197,-163.66798242521116,1196.9205101644525,-32.18151361420614,111287.59523608939,-0.9995158553799821,-0.014837646234012326,-0.027347743933584332,749.7500626450591,-232.01469990648226,24.639408429212843,1193.2377786502607,148939.9509495836,-165.31129422482454,1196.5148785555646,-32.339076101437364,111221.9709810725,-0.9995060273569047,-0.016218168262887113,-0.02691973802649157,749.6237249191252
502,92.64220183486239,-239.97522632050308,25.633755698151248,1190.6696623590353,148805.07860434017,-164.09936235311602,1195.7571581516918,-34.17023786336239,111231.17257087838,-0.9993188807488754,-0.014934177837276831,-0.03374529465183973,749.1070272411682,-241.4869902079429,24.958784718871403,1191.552763758415,148916.11304723684,-163.2520181859132,1196.9299611566405,-33.57584082431035,111320.59649514013,-0.9992903717415733,-0.014679890487992613,-0.03468794833726742,749.7520936840255,-240.7608988293907,24.843920172357272,1191.4914751407953,148871.83063174595,-164.83121005086514,1196.5384722960905,-33.710922808844984,111256.79093587329,-0.9992842246471225,-0.016023546727099658,-0.03426783217076335,749.6294071537219
503,93.04587155963304,-248.6074158669497,25.78497725946873,1188.9109828757103,148759.3471613024,-163.71118506872898,1195.7974335459924,-35.485450236370866,111260.53672232587,-0.9990483118547215,-0.014809615223595158,-0.04102616088741585,749.1281550072521,-250.4164977336244,25.36295828289842,1189.6866161827074,148834.9338313027,-162.49682216641986,1196.9833689325342,-35.1019621779693,111359.31756755555,-0.9990070812023697,-0.014255484214702836,-0.04220939323570435,749.7556577884766,-249.0337740952835,24.87843424940539,1189.7869449573568,148862.57282662904,-164.5700319843603,1196.5386537014224,-34.88549680521768,111266.78510225202,-0.9990222694541844,-0.016005761351722898,-0.04121068718382226,749.6295509556304
504,93.4495412844037,-257.2321475072554,25.937985011675863,1187.0888895078685,148714.22366152835,-163.29951623843633,1195.8399145708113,-36.7966815993343,111289.72484611107,-0.9987245903309357,-0.014674348221582777,-0.04831000075115366,749.1501145281163,-259.07841558783787,25.775316694419697,1187.830865733926,148749.11662437484,-161.6496033247442,1197.0718320104693,-36.57272895876363,111404.56403963674,-0.9986785087926807,-0.013752086245044388,-0.04951884691242872,749.7592351270132,-257.62071906260815,24.907853260660985,1187.9545507566668,148819.72947840765,-164.34549935330787,1196.532431333805,-36.1111705342519,111285.40258839376,-0.9986977248609518,-0.0160350440381983,-0.04843275462175857,749.6409055104634
505,93.85321100917432,-265.84882357612105,26.093128046302862,1185.2033687676217,148669.71854490618,-162.86470943513908,1195.8845299138945,-38.103966917772894,111318.7405500833,-0.9983476193054864,-0.014528656285228574,-0.05559630539535075,749.1728815612163,-267.64222667878545,26.24748647697907,1185.920340355488,148674.80374931562,-161.05801969527042,1197.110769384343,-38.141214033165014,111449.9543777915,-0.9982975729828872,-0.013476784479144828,-0.05674796962517506,749.7600266714925,-266.1860933369647,24.846723290075186,1186.0754267342675,148799.79527934818,-164.17564216036402,1196.5309930283975,-37.25561483486511,111293.63943154475,-0.9983209264512015,-0.01611103472718365,-0.055639575570218265,749.6528239923621
506,94.25688073394497,-274.4568453623405,26.25074435364715,1183.2544144294413,148625.84162095955,-162.4071191551521,1195.9312071103823,-39.407340890627324,111347.58744182921,-0.9979173079394343,-0.014372824917349336,-0.06288456423326472,749.1964318794574,-276.30533460854264,26.331122945757368,1183.9250668702568,148638.03381459217,-160.62330741968285,1197.1279465695318,-39.36739766394387,111466.70114323308,-0.9978569465274946,-0.013345491831095006,-0.06405788097190775,749.7673901747263,-274.71131927261735,25.435049579614514,1184.1056484252665,148708.60127897133,-163.36356227311467,1196.5815998944854,-38.90959337117671,111345.37675060879,-0.9979001932459354,-0.01568669181596911,-0.06284211978916467,749.6626178780975
507,94.66055045871562,-283.0556132081975,26.411160719977268,1181.242027559697,148582.6020724596,-161.92710083141716,1195.9798726141714,-40.706837968313096,111376.2691300163,-0.9974335714933245,-0.014207145527057936,-0.07017426504099845,749.2207412797753,-285.0100610136869,26.874173195197137,1181.8373617600816,148560.0573985264,-160.04613708222553,1197.1470536171676,-41.029882929434486,111515.98835810009,-0.9973599568247964,-0.013115991387880197,-0.07142189644887251,749.7720079446331,-283.14826718162675,25.12559542678052,1182.1161369144806,148709.4906879492,-163.39651991962822,1196.5400862065787,-39.83490503731336,111344.4852152113,-0.9974228115161523,-0.015934481219032542,-0.06995589593089652,749.6587665336237
508,95.06422018348624,-291.6445266110514,26.574692628078243,1179.1662165437524,148540.00845916057,-161.42501084626156,1196.030451868426,-42.00249237077397,111404.78922573269,-0.996896331391471,-0.014031915284773377,-0.07746489405961411,749.2457855916982,-293.6723916584875,26.993758958537757,1179.7148351520125,148516.38954258413,-159.3578021832964,1197.2033604151777,-42.22981994368583,111533.83512462006,-0.9968120979138757,-0.012790589500130622,-0.07875304611745042,749.7853338908898,-291.7876750460144,25.42492627552305,1180.012395240889,148645.4145815291,-162.8742919659673,1196.5703795673962,-41.27905886275063,111377.24061765957,-0.9968861304181558,-0.01576162776777556,-0.07726327762932299,749.6766167261717
509,95.4678899082569,-300.2229843270303,26.741644161191168,1177.026997110627,148498.06872165579,-160.90120654368943,1196.0828693752073,-43.29433810552225,111433.15134382012,-0.9963055152840803,-0.013847436974821905,-0.08475593609743039,749.2715406858697,-301.7195378739948,26.653876765095845,1177.6729518410814,148540.95037638934,-159.79526987028717,1197.0932395676648,-43.1566917063088,111524.63856134139,-0.9962445909213568,-0.013392219072129187,-0.08554158946537395,749.7849592704654,-300.4707046262242,25.502000936129974,1177.829595728471,148593.81324241057,-162.51863179342763,1196.5770323455752,-42.545395110028004,111401.75055659004,-0.9962895562357903,-0.015725120980627963,-0.08461584193067286,749.6879309917157
510,95.87155963302754,-308.790384476733,26.912307910398273,1174.824392355252,148456.79018535174,-160.35604624119847,1196.1370487642164,-44.58240898565215,111461.35910420064,-0.9956610571071665,-0.013654018845679737,-0.09204687463244833,749.2979824825387,-310.6077548674449,27.006763223412495,1175.3561909514717,148469.96745896759,-158.682112267628,1197.2006731833962,-44.516482919788146,111558.2334049365,-0.9955760153983705,-0.012737106421101922,-0.09309223213309026,749.8056575425052,-308.8394811001011,25.860956490203428,1175.6522352354123,148546.93921280364,-161.82464786199452,1196.6187882115398,-43.96603825718956,111436.02472240046,-0.9956661577587971,-0.01542193646629688,-0.09171186493286236,749.6977015153981
511,96.2752293577982,-317.346124652876,27.086964885503292,1172.5584327583476,148416.17956456577,-159.7898892411119,1196.1929128606644,-45.86673864781779,111489.416133198,-0.9949628971402152,-0.013451974457910196,-0.09933719191487779,749.3250869600191,-319.0201422921889,27.07836538454796,1173.0955835942475,148443.0003213548,-158.37512241316873,1197.195193021419,-45.72858820324296,111579.37524155108,-0.9948828241905017,-0.012746956227002651,-0.10022814593555206,749.8177506466702,-317.37999268769494,26.201241440133938,1173.3601844065938,148485.5255445413,-160.98365165122308,1196.6762235497529,-45.351183102381306,111480.66759142863,-0.9949774359812926,-0.015004189108460965,-0.09896856166121785,749.7104204116199
512,96.67889908256882,-325.88960202978075,27.265884429455042,1170.229156203934,148376.24296673876,-159.20309584141611,1196.2503837522238,-47.14736057016163,111517.32606485196,-0.9942109820615475,-0.01324162252984847,-0.10662636906971225,749.3528301631085,-327.5866373403416,27.57780696079149,1170.7190958273113,148373.98163751382,-157.55001673628655,1197.2492494988633,-47.25902967857009,111623.59563293727,-0.9941262870240971,-0.012354334026768101,-0.10751881639246905,749.8327677659285,-325.8297803115058,25.78761921976913,1171.0598409138086,148492.47210526175,-161.10928708761062,1196.6340602416708,-46.21348676199031,111467.79158117056,-0.9942336307110563,-0.01536042091685389,-0.10612984986500275,749.720231784054
513,97.08256880733944,-334.4202134746158,27.449324136364677,1167.836607994513,148336.98589676898,-158.59602734609922,1196.309382855091,-48.42430809018647,111545.09254222564,-0.9934052650013427,-0.013023286781089544,-0.11391388619931099,749.3811882114707,-336.2128736378481,27.75868275581804,1168.2722798402428,148330.96125557975,-156.85045594231985,1197.2999883345556,-48.505814962574284,111648.37717146691,-0.9933080767395419,-0.012065128745005635,-0.11486295030321339,749.8532335980482,-334.78306007508127,26.529045349852737,1168.520434585681,148390.1938259398,-159.59863806983745,1196.7805646506615,-47.87893376718385,111536.19613544243,-0.9934023592216346,-0.014437497620040892,-0.11376867475435326,749.7479388559357
514,97.4862385321101,-342.9373556603158,27.63752977315909,1165.3808408639457,148298.41326146174,-157.96904607498004,1196.369830979128,-49.69761442255729,111572.71921870693,-0.9925457055922813,-0.012797295773835997,-0.12119922248594436,749.4101373079816,-344.50305424948004,27.75417347954462,1165.8606041353783,148317.3448227264,-156.5226756926195,1197.3044520190504,-49.61963689452564,111656.85237007414,-0.9924666357296399,-0.012077546765836068,-0.12191845564806614,749.8621880406729,-342.92734578546737,26.544721778498932,1166.1409151114494,148371.4590676435,-159.33389768331642,1196.7562695588792,-49.029255528498716,111551.39115793057,-0.9925829120445652,-0.01449980492145036,-0.12070177452867549,749.7465331046353
515,97.88990825688074,-351.44042518006734,27.830735204916927,1162.8619149880371,148260.52937409666,-157.3225153730227,1196.4316483920775,-50.96731267682465,111600.20975930186,-0.9916322700177637,-0.012563982752163652,-0.12848185629426578,749.4396537470303,-352.6728483895805,27.726869825597415,1163.4056077833375,148305.5896239451,-156.39880057860452,1197.2646191976746,-50.756225706648564,111667.5164706945,-0.9915846162964415,-0.012264404465490526,-0.12887797758866995,749.8694429071123,-351.85975873860815,27.161136072863396,1163.4856536614247,148286.1636367812,-157.96401238547864,1196.898008841465,-50.588297502934104,111603.99774698235,-0.9916362064335562,-0.013712336992325538,-0.128333962396064,749.7782966270739
516,98.2935779816514,-359.92881866329355,28.02916232393244,1160.2798979928937,148223.33795911126,-156.65679961913165,1196.4947548828607,-52.23343587506308,111627.56784192086,-0.9906649310576718,-0.012323685479264454,-0.13576126527366553,749.469713922784,-361.1400644512958,28.00341519042987,1160.8163701459046,148261.1203887335,-155.64498417275001,1197.3290643227747,-52.06059866155573,111697.76996343894,-0.9906209995200354,-0.011951767467763535,-0.13611462288939694,749.8898692548017,-360.50871388133345,27.288927914804788,1160.8494417540876,148250.77543278417,-157.29697563934351,1196.9516131890362,-51.8062723812349,111622.62843253692,-0.9906560389894091,-0.013479713752926193,-0.13571628395647048,749.8033763401655
517,98.69724770642202,-368.401932893028,28.23302098254339,1157.6348649610252,148186.8421569002,-155.97226423441808,1196.5590698239055,-53.49601696940868,111654.79715865832,-0.9896436681316353,-0.012076746072727355,-0.14303692646046565,749.5002943374051,-369.8171536664454,28.425831555243978,1158.1103029510307,148208.25940398528,-154.5681392639836,1197.4522202449734,-53.441510818325746,111737.12812235438,-0.9895780863236628,-0.011389662964890291,-0.14354611330699155,749.9181814129457,-368.74805711849564,27.345816062421694,1158.2511570214892,148227.99185029868,-156.92816825183837,1196.943659776955,-52.98305601638978,111639.10323698695,-0.989665990299387,-0.013488886136263945,-0.1427560072134852,749.8106887552381
518,99.10091743119267,-376.8591649245937,28.442508929769733,1154.9268984352852,148151.04452872765,-155.26927568993787,1196.6245122325608,-54.75508885949585,111681.90141706284,-0.9885684673397687,-0.011823510837919458,-0.15030831637992148,749.5313716092269,-378.35535263658505,28.531795950918923,1155.357440065164,148179.98670797347,-154.0212731768929,1197.4829290096454,-54.64120569426575,111760.7830095827,-0.9884914911451179,-0.011261714799684895,-0.1508567058949374,749.9400752837595,-377.12626994460453,27.158454045707106,1155.550867183362,148211.10474007,-156.6790722486931,1196.9291617877973,-53.96940444017214,111646.98088352114,-0.988604514677139,-0.013584738172445265,-0.14992187448389513,749.8235239144342
519,99.50458715596332,-385.2999122054899,28.65781175179668,1152.156088420631,148115.94706175724,-154.54820151389288,1196.691000831517,-56.01068440977696,111708.8843414014,-0.9874393215008486,-0.011564330099530375,-0.15757491114797692,749.5629224808838,-386.3160695344836,28.726173686787703,1152.7140772680968,148159.24568703095,-153.7799494853151,1197.4563902545067,-55.94873855516085,111784.54759730495,-0.9874252238774904,-0.01139390555590439,-0.15767563593234982,749.9463463212708,-385.24893366025975,27.448892986908714,1152.8736317946266,148191.43429698556,-156.07789394243446,1196.9587184978234,-55.29976736127284,111661.82967243125,-0.9875270359987456,-0.013434312501138548,-0.15687534037940437,749.8388079716088
520,99.90825688073394,-393.7235726963966,28.87910281634125,1149.3225323837605,148081.5511741906,-153.80941029829341,1196.7584541082779,-57.262836466722995,111735.7496739136,-0.9862562301879003,-0.011299558031344581,-0.16483618657275342,749.5949238273904,-395.1970747195899,28.853713419776696,1149.722023206558,148125.26270147544,-152.8683594096195,1197.54709550483,-57.1025608236595,111810.38060571643,-0.9861814781097468,-0.0109849597953295,-0.16530403168576982,749.9810032641514,-394.0148503934754,27.96962083012401,1149.9058497394988,148112.83936426914,-154.85917205024742,1197.062586624403,-56.76022170795968,111711.12950465073,-0.9863084262619012,-0.012814461805460302,-0.16441252340806692,749.8687522098935
521,100.3119266055046,-402.12954499320625,29.1065432209375,1146.4263352506523,148047.85772052294,-153.05327170507923,1196.8267903736428,-58.51157787589521,111762.5011760593,-0.9850191997611637,-0.011029552484307356,-0.17209161825572084,749.6273526641811,-403.115098309899,29.101174297933504,1146.9713957279196,148105.0573582949,-152.42461629036572,1197.5512279563345,-58.396184801295874,111826.21486777323,-0.9850178018974265,-0.010971816807060662,-0.17210330961696915,749.9899031621139,-402.19249291217335,28.078677295385,1147.0674707421185,148101.54246698605,-154.31899565107375,1197.0762583161843,-57.929166976999575,111725.66073715805,-0.9851132934144552,-0.0127124801219731,-0.17143567886316444,749.8732686968038
522,100.71559633027525,-410.51722844996647,29.340281745172707,1143.467609402041,148014.86699690728,-152.2801564716946,1196.8959278191994,-59.75694149887932,111789.14262975616,-0.9837282433984154,-0.010754674812951079,-0.17934068169251427,749.6601861550903,-411.9760955073707,29.292153393440746,1143.8508417922576,148071.54821438703,-151.37007206607467,1197.6669987095697,-59.55771825302752,111852.77827119324,-0.9836595301521266,-0.01046390544252547,-0.17973434681158543,750.0267831078376,-410.5807745062141,28.46862161602291,1144.0921847281709,148045.95575456906,-153.50532710151893,1197.1235521434053,-59.329454936120676,111760.14643972686,-0.9838330478137682,-0.012435578580864318,-0.1786557875212297,749.8983716741391
523,101.1192660550459,-418.8860233026739,29.58045480690752,1140.4464746668616,147982.57874663075,-151.49043641611885,1196.9657845738159,-60.99896023007927,111815.67783860954,-0.9823833811226212,-0.010475289700250181,-0.1865828523733695,749.6934016202879,-420.0466862797028,29.59141691706906,1140.9289398271528,148040.90427111453,-150.72750653012417,1197.7090904353513,-60.85872568795692,111873.66256706759,-0.9823657142931884,-0.01031180457397922,-0.18668494869073377,750.0475973958737,-418.7237054108316,28.51750643327108,1141.1322336611317,148032.42596295793,-153.01274531435809,1197.1280848168483,-60.449380636612155,111772.41714912739,-0.9825346741208921,-0.012383768676966106,-0.18566705799227748,749.9057824276134
524,101.52293577981652,-427.23533079378564,29.827186422509158,1137.3630583137005,147950.99216570158,-150.68448444134657,1197.0362787591212,-62.23766701335981,111842.11062913328,-0.9809846398268964,-0.01019176498097305,-0.19381760588312646,749.726976544162,-428.4382278831698,30.029209050471867,1137.838203759828,147998.16522404872,-149.78115227063887,1197.8056146225874,-62.240180928550075,111911.28803587703,-0.9809653161730039,-0.009930222897355808,-0.19392895384343037,750.0786587631816,-427.32569914239065,28.809054469264588,1137.9460863270954,147975.36475922045,-152.11333256115142,1197.1925484437702,-61.74680553040601,111809.16813077994,-0.9811063765836249,-0.012044677949114324,-0.19309376882761495,749.9346586347222
525,101.92660550458714,-435.56455329738463,30.080588171125545,1134.2174950402875,147920.10590854372,-149.86267453931953,1197.1073285439588,-63.473094858535134,111868.44485196056,-0.9795320532967531,-0.009904471463601558,-0.20104441800078304,749.7608885831447,-436.5204864300621,30.11492371136228,1134.781969572512,147989.0605298702,-149.29372919799408,1197.8293253577592,-63.37730417131105,111921.4320056237,-0.979561570051031,-0.009902792736689103,-0.2009006350790699,750.0928063256781,-435.6675092447889,29.250787476451595,1134.7892226148533,147932.41092130504,-151.12736918082723,1197.2670011917944,-63.12650594589815,111838.36671889819,-0.9796655644766974,-0.01165571163716429,-0.20029859251823284,749.9654596053256
526,102.33027522935782,-443.873094444878,30.34075916302792,1131.009926961064,147889.91809380247,-149.0253817943101,1197.1788521978146,-64.70527685769638,111894.68438304676,-0.9780256622296185,-0.009613782750888786,-0.20826276479854733,749.7951155734885,-445.2177093417062,30.664958743051965,1131.4581221046333,147935.60835802052,-147.93969624861742,1197.999381412822,-64.76283219639116,111962.83516781441,-0.97799366040251,-0.009219409834544877,-0.20843081032995758,750.1406198431779,-443.7930729124913,29.560761337974395,1131.625764575432,147899.56670235848,-150.3694042969495,1197.2931248397153,-64.41985504084893,111866.53442853047,-0.9782043377346407,-0.011443281871379869,-0.20732902579509976,749.9759124227936
527,102.73394495412848,-452.16035925114414,30.607786012044215,1127.7405035928662,147860.42631025522,-148.17298238575424,1197.2507681431905,-65.93424620137152,111920.833124862,-0.9764655142516067,-0.009320075059126904,-0.2154721227403622,749.8296355389826,-453.1024303791469,30.778538493936672,1128.3278382002482,147924.68190735436,-147.52675833841445,1197.9948277538215,-65.93031824709307,111973.32389158125,-0.976514898573993,-0.00927348306732206,-0.21525021573699765,750.1522543535475,-452.02800274551413,29.898940220435225,1128.3687434826868,147871.60532147388,-149.48667497934926,1197.3495765526893,-65.70981417773552,111888.62193285637,-0.9766694635644483,-0.011142219111361401,-0.21445887692983753,749.9990639133285
528,103.1376146788991,-460.4257542410345,30.88174281210744,1124.409381838761,147831.62762283173,-147.30585359053612,1197.3229950069283,-67.16003619451568,111946.89500757422,-0.9748516639315282,-0.009023727036198049,-0.22267196877987794,749.8644266986154,-461.4727507846787,31.077989926931583,1124.9558922103863,147893.22948595908,-146.6785384798127,1198.0652725175887,-67.19624816408546,112004.69563071587,-0.9748886339258617,-0.008998270799756927,-0.22251108413915402,750.1855402977881,-460.23244970202944,30.163701927547336,1125.0473092346604,147839.71206383084,-148.6675352340007,1197.3910636087799,-66.94208168423708,111913.82707914447,-0.9750828140452273,-0.010893874529048985,-0.22157353012349168,750.0223231806225
529,103.54128440366972,-468.6686875761203,31.162691117937733,1121.0167259700672,147803.51857873707,-146.42437378472496,1197.3954516704625,-68.38268027232321,111972.87399022219,-0.9731841727921285,-0.008725119578481476,-0.22986178045782626,749.8994674741742,-469.51136790203043,31.222462722075402,1121.6490845532487,147877.2548387189,-146.05255604854383,1198.105996234697,-68.33790811988634,112021.78491548545,-0.9732718190132018,-0.008892742276600125,-0.22948395466684654,750.2091309930436,-468.5901466639674,30.522510381236906,1121.594477008108,147796.88991160673,-147.63728261257245,1197.4591006653584,-68.21101346470105,111947.14789714802,-0.9734088731510813,-0.010495958799125306,-0.2288340021055206,750.0548669850672
530,103.94495412844037,-476.88856918160235,31.45067992987826,1117.5627076066112,147776.0952136824,-145.52892244476675,1197.4680573189921,-69.6022120158599,111998.77406187884,-0.9714631093185422,-0.008424635646691712,-0.23704103599877094,749.9347364977893,-477.5556981146989,31.715084310666416,1118.2760092534643,147842.70421925536,-145.0524150140328,1198.1936123840355,-69.69525198069202,112053.22739186014,-0.9715988111883126,-0.008524317357451804,-0.23648062523396535,750.2412775255549,-476.6708570001548,30.728053402633186,1118.1780244883153,147773.95920056786,-146.90941460935895,1197.4807621237621,-69.39702128580129,111969.70772851445,-0.9717322987484232,-0.010330701671593362,-0.23585931436362192,750.0713809360366
531,104.34862385321102,-485.08481087327664,31.745745682899962,1114.0475056952469,147749.35305821963,-144.6198801481317,1197.5407314895665,-70.81866516750962,112024.5992428044,-0.969688548963959,-0.008122660080722578,-0.24420921440720678,749.9702126194165,-485.9202278555597,32.02178759272949,1114.692802933089,147810.49096176028,-144.17714572494583,1198.2631103229749,-70.95521874476294,112088.99314604001,-0.9697989824472785,-0.008255940357170002,-0.24376581608798584,750.2763213099902,-484.7894641494936,31.153084117496782,1114.6663931506405,147737.82962465016,-145.85824733018038,1197.5315062964712,-70.68666911351899,112004.57926193079,-0.9699916938061067,-0.009934303451587289,-0.24293501921726265,750.0902786100746
532,104.75229357798167,-493.2568264844583,32.04791223979027,1110.4713064866808,147723.28714417742,-143.69762857342027,1197.6133941180587,-72.0320736462318,112050.35358558838,-0.9678605741524904,-0.007819579413572758,-0.25136579556297334,750.0058749142543,-493.7302191402518,32.594150182162636,1111.3028441352453,147780.46711301376,-142.95408472018724,1198.3932972720938,-72.26090923373484,112109.40500814741,-0.9680673372799613,-0.00772432275873322,-0.2505712779422344,750.3113930558765,-493.07320277989834,31.26439610378888,1111.0450239133652,147713.21608675655,-145.10746503510498,1197.5767606344632,-71.79301323195172,112021.96673026355,-0.968157750793797,-0.009761322113710348,-0.25015052702021,750.1253526863087
533,105.1559633027523,-501.4040319927846,32.357190888538625,1106.8343035106575,147697.8920112021,-142.76255049993242,1197.6859655850412,-73.24247156262747,112076.04117628218,-0.9659792742792396,-0.007515781684429343,-0.25851026031596064,750.0417026901033,-501.67338154533394,33.15938260569049,1107.792871376158,147751.97204389394,-141.7427857527022,1198.5251732035772,-73.57949993135291,112135.32281237771,-0.9662506795762921,-0.007215978272940449,-0.25750253178545274,750.3470626262254,-501.11185945523795,31.691422323953642,1107.440280683684,147679.9658117344,-144.14004228985695,1197.6238821810816,-73.1060319761165,112054.19712623353,-0.9663201208554044,-0.009461176463138947,-0.25716903034761013,750.1553378810519
534,105.55963302752295,-509.525845646776,32.673580343927604,1103.1366975495139,147673.16171339844,-141.81502980670072,1197.7583667605093,-74.44989323380779,112101.66613552025,-0.9640447457075666,-0.007211656250986505,-0.26564209058007204,750.077675494657,-509.8912876589039,33.48348961045033,1104.0569980256232,147728.8589048066,-140.66165078235414,1198.6131600694437,-74.7374496835639,112155.88650554321,-0.9643106257719165,-0.006803150055341153,-0.2646861049860743,750.384781568278,-509.3593809580519,32.0006984639165,1103.683972870892,147655.48610214802,-143.09372115621025,1197.696791353386,-74.28720942607735,112077.4778734868,-0.9643762224468329,-0.00908551096367784,-0.26437843155164104,750.1925746930821
535,105.9633027522936,-517.6216880920721,32.997066753339865,1099.378696610181,147649.0898260711,-140.85545147099478,1197.8305190474882,-75.65437319806365,112127.23261962969,-0.9620570917635559,-0.0069075936010764534,-0.272760769426418,750.1137731227242,-518.0152532521613,33.1697841913571,1100.270740192679,147733.65467092168,-140.6185745467772,1198.5543084780945,-75.66938700857666,112164.8581761053,-0.9623323576109675,-0.007187075836132042,-0.2717807561911671,750.3991008659401,-517.7042285660325,32.28532058963027,1099.8033552066236,147631.5482817857,-142.02349988850267,1197.768444030761,-75.44358897574028,112103.0479432335,-0.9623469206005931,-0.008697429754761666,-0.2716850366255317,750.2266917192464
536,106.36697247706422,-525.6909824972543,33.32762370678568,1095.560515894651,147625.66945256683,-139.88420156629866,1197.902344424478,-76.85594622933505,112152.74482173071,-0.9600164227276835,-0.006603985163690907,-0.2798657811757266,750.1499756233966,-526.1848563225517,33.832426746205094,1096.4002286194632,147693.69774541253,-139.12023419050442,1198.6791555581235,-76.99140649742687,112195.29278840455,-0.9602826483952128,-0.006490246156386118,-0.2789536016901472,750.4483369235218,-525.3945142228573,32.369089984908385,1096.1366832260742,147617.47959096852,-141.54918974856898,1197.7441018081506,-76.5563787445239,112118.04324144489,-0.9604188488602677,-0.00877194171282713,-0.2784217803845537,750.2378907251283
537,106.77064220183487,-533.7331546791476,33.66521225115593,1091.6823777689535,147602.8932312139,-138.9016672597677,1197.9737654867351,-78.0546473514739,112178.20697282364,-0.9579228558236917,-0.006301223119471112,-0.2869566114899278,750.1862633071315,-533.7483292905163,34.4183181133675,1092.7472649683948,147668.7111918607,-138.0418789629837,1198.7456614131931,-78.32757864540297,112217.65425747298,-0.9583310768500779,-0.006131602885562689,-0.2855940310815755,750.4750408711363,-533.7294533257339,32.66035986559496,1092.1261411835287,147590.3955036876,-140.48413588927076,1197.8242536046534,-77.71987349147199,112141.3668347928,-0.9582717913029257,-0.00841275634456638,-0.2857348412843083,750.2882754483359
538,107.17431192660553,-541.7476332275047,34.00978090870259,1087.744511730696,147580.7533423594,-137.90823680916984,1198.0447054863816,-79.25051185230204,112203.6233428659,-0.955776515204678,-0.005999700210745596,-0.2940327474629025,750.2226167527787,-541.5881700113309,34.35250309442046,1088.8864227585705,147666.49296838834,-137.76099502698432,1198.7118569820068,-79.38515857333778,112230.7524682743,-0.9562530658274137,-0.006368457502110882,-0.2924713949170346,750.4906258840858,-541.3906417546003,32.78248316174745,1088.3321870012987,147582.86394229706,-139.92244390542277,1197.8063114829818,-78.8341699201766,112157.14409596527,-0.9562386570268198,-0.008433050736995103,-0.2924662620932739,750.2924426531491
539,107.57798165137618,-549.7338496289985,34.36126569974536,1083.7471543751951,147559.24151550446,-136.90429955931583,1198.1150883713237,-80.44357529745787,112228.99824183686,-0.9535775319364062,-0.005699809551194494,-0.30109367771036394,750.2590168145305,-549.5505625538135,34.977067659493045,1084.902027770515,147632.0224604291,-136.4422365419464,1198.8081609741078,-80.71063606115754,112264.87238541416,-0.954081996746295,-0.005846590074395432,-0.29948849872591893,750.534946859481,-549.2638961644627,32.7356059641064,1084.380209832426,147575.1977914268,-139.41565963417543,1197.7989069051914,-79.82897660705709,112166.66782114038,-0.9540931237628322,-0.008482490359641633,-0.2993899773636044,750.309665265576
540,107.9816513761468,-557.6912383904037,34.71959016960568,1079.6905493602546,147538.3490365335,-135.89024593798823,1198.1848388229696,-81.63387354403613,112254.3360207915,-0.9513260439778516,-0.005401944435219564,-0.3081388924588546,750.2954446288029,-558.279161647873,35.5744849404343,1080.4617665292365,147581.7621469804,-134.59806506526837,1198.9855674469554,-81.8571300289029,112312.32547816572,-0.9516312851750909,-0.0048916790412907455,-0.3072034644208328,750.6057562364578,-557.6995180395932,33.56450236181101,1080.0903206315363,147533.4515678718,-137.59684608192646,1197.9606807156094,-81.22074804413029,112211.54569067359,-0.9517326254530727,-0.0076164481357531705,-0.3068338302175901,750.379691787218
541,108.38532110091742,-565.6192371608943,35.084665419758906,1075.5749473696233,147518.0667550388,-134.86646745137014,1198.2538822927354,-82.82144275401174,112279.64107290108,-0.9490221961589944,-0.005106498147099811,-0.3151678836338385,750.3318816210415,-565.6218161421984,35.44787153329916,1076.6356010261509,147593.13800786008,-134.64091252952275,1198.9029328424663,-82.94433446672072,112316.76363338514,-0.949519378991251,-0.005410646923801654,-0.3136617187671061,750.6052112995499,-565.3744956190914,33.88283060863558,1076.0696715061738,147515.83954932474,-136.71604530119666,1197.97091315209,-82.39746622053634,112240.12961633925,-0.9495210377196482,-0.007428202100913482,-0.31361540258946186,750.3918853700496
542,108.78899082568807,-573.517286853362,35.4563901432032,1071.400606075183,147498.38509173976,-133.833356678986,1198.3221450373296,-84.00631940745247,112304.91783448319,-0.9466661401558755,-0.0048138637700122855,-0.3221801449468607,750.3683095124567,-573.2644152957707,35.31728049328625,1072.5941367901864,147601.29970694153,-134.3885981594917,1198.8669663613482,-83.93385475980482,112323.87715509384,-0.9472656431746429,-0.00568551394821033,-0.320398932882235,750.6161032688284,-573.4436766629174,34.47359157897279,1071.8028790836688,147485.9874901627,-135.3294095966757,1198.0674081177847,-83.67656884503259,112281.18987157564,-0.9471374950189377,-0.006891691271493961,-0.3207539089717692,750.4391027646524
543,109.19266055045875,-581.3848317646429,35.834650664033504,1067.1677900979098,147479.29404599164,-132.79130726815805,1198.3895541527872,-85.18854031551587,112330.17078601812,-0.9442580344629324,-0.004524433994997694,-0.3291751719817649,750.4047103266813,-581.5336067763068,35.38345183250517,1068.1496049025536,147588.6188770689,-133.33358097199456,1198.9401406668762,-84.8247353806303,112340.74942023616,-0.9447610390476164,-0.005322071600624956,-0.32771672928238793,750.6581293836529,-581.6776484398523,35.124330795286156,1067.4005790047127,147456.54041034236,-133.6802756385132,1198.2273693585387,-84.90175393152046,112334.28041596609,-0.9446402182901753,-0.006144671151293484,-0.3280504549686412,750.4828347076722
544,109.59633027522938,-589.2213196946001,36.219320981211375,1062.8767709676442,147460.78320339063,-131.7407139279887,1198.4560376072734,-86.36814263323055,112355.40445315432,-0.9417980443626371,-0.0042386009299509924,-0.33615246227994344,750.4410663963547,-589.4899356104462,35.97745171574969,1063.807750827668,147546.75160470218,-131.8575911557483,1199.0680062049937,-86.01966951464199,112391.51684735774,-0.9422839982471392,-0.00468972237293245,-0.3347818291835002,750.7092977154127,-589.1916612353066,35.008743930504934,1063.2502637108453,147447.22146391854,-133.40204102962122,1198.166770100373,-85.8918320252639,112347.33019286874,-0.9423002178063509,-0.0064113970163376475,-0.3347076239203444,750.4881119580407
545,110.0,-597.0262020639462,36.61026281651776,1058.5278270817228,147442.84174346467,-130.68197242287403,1198.521524272604,-87.5451638720612,112380.62340769994,-0.9392863418924525,-0.0039567559087165085,-0.3431115154246119,750.4773603696274,-597.6797786193622,36.3856525652256,1059.2588562789101,147514.39861094145,-130.5065240034159,1199.1831654391556,-87.108348150212,112438.88480233296,-0.9396689047578155,-0.004149242089396282,-0.34206013100233007,750.7613136607584,-597.0208784747822,35.11763026671734,1058.8956377778622,147433.0479742502,-132.5954141966297,1198.207528464999,-86.90135257664117,112373.67271285002,-0.9398047994112918,-0.006283289334087066,-0.3416540052138211,750.515935771574
